givenName,familyName,preferredName,email,phone,householdKey,dietary,accessibility,note
Syn0,Guest2000SCALE,,syn0.2000SCALE.s06c@example.test,+15555000000,HH-0,,,SYNTHETIC S06C-2000-SCALE
Syn1,Guest2000SCALE,,syn1.2000SCALE.s06c@example.test,+15555000001,HH-0,,,SYNTHETIC S06C-2000-SCALE
Syn2,Guest2000SCALE,,syn2.2000SCALE.s06c@example.test,+15555000002,HH-0,,,SYNTHETIC S06C-2000-SCALE
Syn3,Guest2000SCALE,,syn3.2000SCALE.s06c@example.test,+15555000003,HH-0,,,SYNTHETIC S06C-2000-SCALE
Syn4,Guest2000SCALE,,syn4.2000SCALE.s06c@example.test,+15555000004,HH-1,,,SYNTHETIC S06C-2000-SCALE
Syn5,Guest2000SCALE,,syn5.2000SCALE.s06c@example.test,+15555000005,HH-1,,,SYNTHETIC S06C-2000-SCALE
Syn6,Guest2000SCALE,,syn6.2000SCALE.s06c@example.test,+15555000006,HH-1,,,SYNTHETIC S06C-2000-SCALE
Syn7,Guest2000SCALE,,syn7.2000SCALE.s06c@example.test,+15555000007,HH-1,,,SYNTHETIC S06C-2000-SCALE
Syn8,Guest2000SCALE,,syn8.2000SCALE.s06c@example.test,+15555000008,HH-2,,,SYNTHETIC S06C-2000-SCALE
Syn9,Guest2000SCALE,,syn9.2000SCALE.s06c@example.test,+15555000009,HH-2,,,SYNTHETIC S06C-2000-SCALE
Syn10,Guest2000SCALE,,syn10.2000SCALE.s06c@example.test,+15555000010,HH-2,,,SYNTHETIC S06C-2000-SCALE
Syn11,Guest2000SCALE,,syn11.2000SCALE.s06c@example.test,+15555000011,HH-2,,,SYNTHETIC S06C-2000-SCALE
Syn12,Guest2000SCALE,,syn12.2000SCALE.s06c@example.test,+15555000012,HH-3,,,SYNTHETIC S06C-2000-SCALE
Syn13,Guest2000SCALE,,syn13.2000SCALE.s06c@example.test,+15555000013,HH-3,,,SYNTHETIC S06C-2000-SCALE
Syn14,Guest2000SCALE,,syn14.2000SCALE.s06c@example.test,+15555000014,HH-3,,,SYNTHETIC S06C-2000-SCALE
Syn15,Guest2000SCALE,,syn15.2000SCALE.s06c@example.test,+15555000015,HH-3,,,SYNTHETIC S06C-2000-SCALE
Syn16,Guest2000SCALE,,syn16.2000SCALE.s06c@example.test,+15555000016,HH-4,,,SYNTHETIC S06C-2000-SCALE
Syn17,Guest2000SCALE,,syn17.2000SCALE.s06c@example.test,+15555000017,HH-4,,,SYNTHETIC S06C-2000-SCALE
Syn18,Guest2000SCALE,,syn18.2000SCALE.s06c@example.test,+15555000018,HH-4,,,SYNTHETIC S06C-2000-SCALE
Syn19,Guest2000SCALE,,syn19.2000SCALE.s06c@example.test,+15555000019,HH-4,,,SYNTHETIC S06C-2000-SCALE
Syn20,Guest2000SCALE,,syn20.2000SCALE.s06c@example.test,+15555000020,HH-5,,,SYNTHETIC S06C-2000-SCALE
Syn21,Guest2000SCALE,,syn21.2000SCALE.s06c@example.test,+15555000021,HH-5,,,SYNTHETIC S06C-2000-SCALE
Syn22,Guest2000SCALE,,syn22.2000SCALE.s06c@example.test,+15555000022,HH-5,,,SYNTHETIC S06C-2000-SCALE
Syn23,Guest2000SCALE,,syn23.2000SCALE.s06c@example.test,+15555000023,HH-5,,,SYNTHETIC S06C-2000-SCALE
Syn24,Guest2000SCALE,,syn24.2000SCALE.s06c@example.test,+15555000024,HH-6,,,SYNTHETIC S06C-2000-SCALE
Syn25,Guest2000SCALE,,syn25.2000SCALE.s06c@example.test,+15555000025,HH-6,,,SYNTHETIC S06C-2000-SCALE
Syn26,Guest2000SCALE,,syn26.2000SCALE.s06c@example.test,+15555000026,HH-6,,,SYNTHETIC S06C-2000-SCALE
Syn27,Guest2000SCALE,,syn27.2000SCALE.s06c@example.test,+15555000027,HH-6,,,SYNTHETIC S06C-2000-SCALE
Syn28,Guest2000SCALE,,syn28.2000SCALE.s06c@example.test,+15555000028,HH-7,,,SYNTHETIC S06C-2000-SCALE
Syn29,Guest2000SCALE,,syn29.2000SCALE.s06c@example.test,+15555000029,HH-7,,,SYNTHETIC S06C-2000-SCALE
Syn30,Guest2000SCALE,,syn30.2000SCALE.s06c@example.test,+15555000030,HH-7,,,SYNTHETIC S06C-2000-SCALE
Syn31,Guest2000SCALE,,syn31.2000SCALE.s06c@example.test,+15555000031,HH-7,,,SYNTHETIC S06C-2000-SCALE
Syn32,Guest2000SCALE,,syn32.2000SCALE.s06c@example.test,+15555000032,HH-8,,,SYNTHETIC S06C-2000-SCALE
Syn33,Guest2000SCALE,,syn33.2000SCALE.s06c@example.test,+15555000033,HH-8,,,SYNTHETIC S06C-2000-SCALE
Syn34,Guest2000SCALE,,syn34.2000SCALE.s06c@example.test,+15555000034,HH-8,,,SYNTHETIC S06C-2000-SCALE
Syn35,Guest2000SCALE,,syn35.2000SCALE.s06c@example.test,+15555000035,HH-8,,,SYNTHETIC S06C-2000-SCALE
Syn36,Guest2000SCALE,,syn36.2000SCALE.s06c@example.test,+15555000036,HH-9,,,SYNTHETIC S06C-2000-SCALE
Syn37,Guest2000SCALE,,syn37.2000SCALE.s06c@example.test,+15555000037,HH-9,,,SYNTHETIC S06C-2000-SCALE
Syn38,Guest2000SCALE,,syn38.2000SCALE.s06c@example.test,+15555000038,HH-9,,,SYNTHETIC S06C-2000-SCALE
Syn39,Guest2000SCALE,,syn39.2000SCALE.s06c@example.test,+15555000039,HH-9,,,SYNTHETIC S06C-2000-SCALE
Syn40,Guest2000SCALE,,syn40.2000SCALE.s06c@example.test,+15555000040,HH-10,,,SYNTHETIC S06C-2000-SCALE
Syn41,Guest2000SCALE,,syn41.2000SCALE.s06c@example.test,+15555000041,HH-10,,,SYNTHETIC S06C-2000-SCALE
Syn42,Guest2000SCALE,,syn42.2000SCALE.s06c@example.test,+15555000042,HH-10,,,SYNTHETIC S06C-2000-SCALE
Syn43,Guest2000SCALE,,syn43.2000SCALE.s06c@example.test,+15555000043,HH-10,,,SYNTHETIC S06C-2000-SCALE
Syn44,Guest2000SCALE,,syn44.2000SCALE.s06c@example.test,+15555000044,HH-11,,,SYNTHETIC S06C-2000-SCALE
Syn45,Guest2000SCALE,,syn45.2000SCALE.s06c@example.test,+15555000045,HH-11,,,SYNTHETIC S06C-2000-SCALE
Syn46,Guest2000SCALE,,syn46.2000SCALE.s06c@example.test,+15555000046,HH-11,,,SYNTHETIC S06C-2000-SCALE
Syn47,Guest2000SCALE,,syn47.2000SCALE.s06c@example.test,+15555000047,HH-11,,,SYNTHETIC S06C-2000-SCALE
Syn48,Guest2000SCALE,,syn48.2000SCALE.s06c@example.test,+15555000048,HH-12,,,SYNTHETIC S06C-2000-SCALE
Syn49,Guest2000SCALE,,syn49.2000SCALE.s06c@example.test,+15555000049,HH-12,,,SYNTHETIC S06C-2000-SCALE
Syn50,Guest2000SCALE,,syn50.2000SCALE.s06c@example.test,+15555000050,HH-12,,,SYNTHETIC S06C-2000-SCALE
Syn51,Guest2000SCALE,,syn51.2000SCALE.s06c@example.test,+15555000051,HH-12,,,SYNTHETIC S06C-2000-SCALE
Syn52,Guest2000SCALE,,syn52.2000SCALE.s06c@example.test,+15555000052,HH-13,,,SYNTHETIC S06C-2000-SCALE
Syn53,Guest2000SCALE,,syn53.2000SCALE.s06c@example.test,+15555000053,HH-13,,,SYNTHETIC S06C-2000-SCALE
Syn54,Guest2000SCALE,,syn54.2000SCALE.s06c@example.test,+15555000054,HH-13,,,SYNTHETIC S06C-2000-SCALE
Syn55,Guest2000SCALE,,syn55.2000SCALE.s06c@example.test,+15555000055,HH-13,,,SYNTHETIC S06C-2000-SCALE
Syn56,Guest2000SCALE,,syn56.2000SCALE.s06c@example.test,+15555000056,HH-14,,,SYNTHETIC S06C-2000-SCALE
Syn57,Guest2000SCALE,,syn57.2000SCALE.s06c@example.test,+15555000057,HH-14,,,SYNTHETIC S06C-2000-SCALE
Syn58,Guest2000SCALE,,syn58.2000SCALE.s06c@example.test,+15555000058,HH-14,,,SYNTHETIC S06C-2000-SCALE
Syn59,Guest2000SCALE,,syn59.2000SCALE.s06c@example.test,+15555000059,HH-14,,,SYNTHETIC S06C-2000-SCALE
Syn60,Guest2000SCALE,,syn60.2000SCALE.s06c@example.test,+15555000060,HH-15,,,SYNTHETIC S06C-2000-SCALE
Syn61,Guest2000SCALE,,syn61.2000SCALE.s06c@example.test,+15555000061,HH-15,,,SYNTHETIC S06C-2000-SCALE
Syn62,Guest2000SCALE,,syn62.2000SCALE.s06c@example.test,+15555000062,HH-15,,,SYNTHETIC S06C-2000-SCALE
Syn63,Guest2000SCALE,,syn63.2000SCALE.s06c@example.test,+15555000063,HH-15,,,SYNTHETIC S06C-2000-SCALE
Syn64,Guest2000SCALE,,syn64.2000SCALE.s06c@example.test,+15555000064,HH-16,,,SYNTHETIC S06C-2000-SCALE
Syn65,Guest2000SCALE,,syn65.2000SCALE.s06c@example.test,+15555000065,HH-16,,,SYNTHETIC S06C-2000-SCALE
Syn66,Guest2000SCALE,,syn66.2000SCALE.s06c@example.test,+15555000066,HH-16,,,SYNTHETIC S06C-2000-SCALE
Syn67,Guest2000SCALE,,syn67.2000SCALE.s06c@example.test,+15555000067,HH-16,,,SYNTHETIC S06C-2000-SCALE
Syn68,Guest2000SCALE,,syn68.2000SCALE.s06c@example.test,+15555000068,HH-17,,,SYNTHETIC S06C-2000-SCALE
Syn69,Guest2000SCALE,,syn69.2000SCALE.s06c@example.test,+15555000069,HH-17,,,SYNTHETIC S06C-2000-SCALE
Syn70,Guest2000SCALE,,syn70.2000SCALE.s06c@example.test,+15555000070,HH-17,,,SYNTHETIC S06C-2000-SCALE
Syn71,Guest2000SCALE,,syn71.2000SCALE.s06c@example.test,+15555000071,HH-17,,,SYNTHETIC S06C-2000-SCALE
Syn72,Guest2000SCALE,,syn72.2000SCALE.s06c@example.test,+15555000072,HH-18,,,SYNTHETIC S06C-2000-SCALE
Syn73,Guest2000SCALE,,syn73.2000SCALE.s06c@example.test,+15555000073,HH-18,,,SYNTHETIC S06C-2000-SCALE
Syn74,Guest2000SCALE,,syn74.2000SCALE.s06c@example.test,+15555000074,HH-18,,,SYNTHETIC S06C-2000-SCALE
Syn75,Guest2000SCALE,,syn75.2000SCALE.s06c@example.test,+15555000075,HH-18,,,SYNTHETIC S06C-2000-SCALE
Syn76,Guest2000SCALE,,syn76.2000SCALE.s06c@example.test,+15555000076,HH-19,,,SYNTHETIC S06C-2000-SCALE
Syn77,Guest2000SCALE,,syn77.2000SCALE.s06c@example.test,+15555000077,HH-19,,,SYNTHETIC S06C-2000-SCALE
Syn78,Guest2000SCALE,,syn78.2000SCALE.s06c@example.test,+15555000078,HH-19,,,SYNTHETIC S06C-2000-SCALE
Syn79,Guest2000SCALE,,syn79.2000SCALE.s06c@example.test,+15555000079,HH-19,,,SYNTHETIC S06C-2000-SCALE
Syn80,Guest2000SCALE,,syn80.2000SCALE.s06c@example.test,+15555000080,HH-20,,,SYNTHETIC S06C-2000-SCALE
Syn81,Guest2000SCALE,,syn81.2000SCALE.s06c@example.test,+15555000081,HH-20,,,SYNTHETIC S06C-2000-SCALE
Syn82,Guest2000SCALE,,syn82.2000SCALE.s06c@example.test,+15555000082,HH-20,,,SYNTHETIC S06C-2000-SCALE
Syn83,Guest2000SCALE,,syn83.2000SCALE.s06c@example.test,+15555000083,HH-20,,,SYNTHETIC S06C-2000-SCALE
Syn84,Guest2000SCALE,,syn84.2000SCALE.s06c@example.test,+15555000084,HH-21,,,SYNTHETIC S06C-2000-SCALE
Syn85,Guest2000SCALE,,syn85.2000SCALE.s06c@example.test,+15555000085,HH-21,,,SYNTHETIC S06C-2000-SCALE
Syn86,Guest2000SCALE,,syn86.2000SCALE.s06c@example.test,+15555000086,HH-21,,,SYNTHETIC S06C-2000-SCALE
Syn87,Guest2000SCALE,,syn87.2000SCALE.s06c@example.test,+15555000087,HH-21,,,SYNTHETIC S06C-2000-SCALE
Syn88,Guest2000SCALE,,syn88.2000SCALE.s06c@example.test,+15555000088,HH-22,,,SYNTHETIC S06C-2000-SCALE
Syn89,Guest2000SCALE,,syn89.2000SCALE.s06c@example.test,+15555000089,HH-22,,,SYNTHETIC S06C-2000-SCALE
Syn90,Guest2000SCALE,,syn90.2000SCALE.s06c@example.test,+15555000090,HH-22,,,SYNTHETIC S06C-2000-SCALE
Syn91,Guest2000SCALE,,syn91.2000SCALE.s06c@example.test,+15555000091,HH-22,,,SYNTHETIC S06C-2000-SCALE
Syn92,Guest2000SCALE,,syn92.2000SCALE.s06c@example.test,+15555000092,HH-23,,,SYNTHETIC S06C-2000-SCALE
Syn93,Guest2000SCALE,,syn93.2000SCALE.s06c@example.test,+15555000093,HH-23,,,SYNTHETIC S06C-2000-SCALE
Syn94,Guest2000SCALE,,syn94.2000SCALE.s06c@example.test,+15555000094,HH-23,,,SYNTHETIC S06C-2000-SCALE
Syn95,Guest2000SCALE,,syn95.2000SCALE.s06c@example.test,+15555000095,HH-23,,,SYNTHETIC S06C-2000-SCALE
Syn96,Guest2000SCALE,,syn96.2000SCALE.s06c@example.test,+15555000096,HH-24,,,SYNTHETIC S06C-2000-SCALE
Syn97,Guest2000SCALE,,syn97.2000SCALE.s06c@example.test,+15555000097,HH-24,,,SYNTHETIC S06C-2000-SCALE
Syn98,Guest2000SCALE,,syn98.2000SCALE.s06c@example.test,+15555000098,HH-24,,,SYNTHETIC S06C-2000-SCALE
Syn99,Guest2000SCALE,,syn99.2000SCALE.s06c@example.test,+15555000099,HH-24,,,SYNTHETIC S06C-2000-SCALE
Syn100,Guest2000SCALE,,syn100.2000SCALE.s06c@example.test,+15555000100,HH-25,,,SYNTHETIC S06C-2000-SCALE
Syn101,Guest2000SCALE,,syn101.2000SCALE.s06c@example.test,+15555000101,HH-25,,,SYNTHETIC S06C-2000-SCALE
Syn102,Guest2000SCALE,,syn102.2000SCALE.s06c@example.test,+15555000102,HH-25,,,SYNTHETIC S06C-2000-SCALE
Syn103,Guest2000SCALE,,syn103.2000SCALE.s06c@example.test,+15555000103,HH-25,,,SYNTHETIC S06C-2000-SCALE
Syn104,Guest2000SCALE,,syn104.2000SCALE.s06c@example.test,+15555000104,HH-26,,,SYNTHETIC S06C-2000-SCALE
Syn105,Guest2000SCALE,,syn105.2000SCALE.s06c@example.test,+15555000105,HH-26,,,SYNTHETIC S06C-2000-SCALE
Syn106,Guest2000SCALE,,syn106.2000SCALE.s06c@example.test,+15555000106,HH-26,,,SYNTHETIC S06C-2000-SCALE
Syn107,Guest2000SCALE,,syn107.2000SCALE.s06c@example.test,+15555000107,HH-26,,,SYNTHETIC S06C-2000-SCALE
Syn108,Guest2000SCALE,,syn108.2000SCALE.s06c@example.test,+15555000108,HH-27,,,SYNTHETIC S06C-2000-SCALE
Syn109,Guest2000SCALE,,syn109.2000SCALE.s06c@example.test,+15555000109,HH-27,,,SYNTHETIC S06C-2000-SCALE
Syn110,Guest2000SCALE,,syn110.2000SCALE.s06c@example.test,+15555000110,HH-27,,,SYNTHETIC S06C-2000-SCALE
Syn111,Guest2000SCALE,,syn111.2000SCALE.s06c@example.test,+15555000111,HH-27,,,SYNTHETIC S06C-2000-SCALE
Syn112,Guest2000SCALE,,syn112.2000SCALE.s06c@example.test,+15555000112,HH-28,,,SYNTHETIC S06C-2000-SCALE
Syn113,Guest2000SCALE,,syn113.2000SCALE.s06c@example.test,+15555000113,HH-28,,,SYNTHETIC S06C-2000-SCALE
Syn114,Guest2000SCALE,,syn114.2000SCALE.s06c@example.test,+15555000114,HH-28,,,SYNTHETIC S06C-2000-SCALE
Syn115,Guest2000SCALE,,syn115.2000SCALE.s06c@example.test,+15555000115,HH-28,,,SYNTHETIC S06C-2000-SCALE
Syn116,Guest2000SCALE,,syn116.2000SCALE.s06c@example.test,+15555000116,HH-29,,,SYNTHETIC S06C-2000-SCALE
Syn117,Guest2000SCALE,,syn117.2000SCALE.s06c@example.test,+15555000117,HH-29,,,SYNTHETIC S06C-2000-SCALE
Syn118,Guest2000SCALE,,syn118.2000SCALE.s06c@example.test,+15555000118,HH-29,,,SYNTHETIC S06C-2000-SCALE
Syn119,Guest2000SCALE,,syn119.2000SCALE.s06c@example.test,+15555000119,HH-29,,,SYNTHETIC S06C-2000-SCALE
Syn120,Guest2000SCALE,,syn120.2000SCALE.s06c@example.test,+15555000120,HH-30,,,SYNTHETIC S06C-2000-SCALE
Syn121,Guest2000SCALE,,syn121.2000SCALE.s06c@example.test,+15555000121,HH-30,,,SYNTHETIC S06C-2000-SCALE
Syn122,Guest2000SCALE,,syn122.2000SCALE.s06c@example.test,+15555000122,HH-30,,,SYNTHETIC S06C-2000-SCALE
Syn123,Guest2000SCALE,,syn123.2000SCALE.s06c@example.test,+15555000123,HH-30,,,SYNTHETIC S06C-2000-SCALE
Syn124,Guest2000SCALE,,syn124.2000SCALE.s06c@example.test,+15555000124,HH-31,,,SYNTHETIC S06C-2000-SCALE
Syn125,Guest2000SCALE,,syn125.2000SCALE.s06c@example.test,+15555000125,HH-31,,,SYNTHETIC S06C-2000-SCALE
Syn126,Guest2000SCALE,,syn126.2000SCALE.s06c@example.test,+15555000126,HH-31,,,SYNTHETIC S06C-2000-SCALE
Syn127,Guest2000SCALE,,syn127.2000SCALE.s06c@example.test,+15555000127,HH-31,,,SYNTHETIC S06C-2000-SCALE
Syn128,Guest2000SCALE,,syn128.2000SCALE.s06c@example.test,+15555000128,HH-32,,,SYNTHETIC S06C-2000-SCALE
Syn129,Guest2000SCALE,,syn129.2000SCALE.s06c@example.test,+15555000129,HH-32,,,SYNTHETIC S06C-2000-SCALE
Syn130,Guest2000SCALE,,syn130.2000SCALE.s06c@example.test,+15555000130,HH-32,,,SYNTHETIC S06C-2000-SCALE
Syn131,Guest2000SCALE,,syn131.2000SCALE.s06c@example.test,+15555000131,HH-32,,,SYNTHETIC S06C-2000-SCALE
Syn132,Guest2000SCALE,,syn132.2000SCALE.s06c@example.test,+15555000132,HH-33,,,SYNTHETIC S06C-2000-SCALE
Syn133,Guest2000SCALE,,syn133.2000SCALE.s06c@example.test,+15555000133,HH-33,,,SYNTHETIC S06C-2000-SCALE
Syn134,Guest2000SCALE,,syn134.2000SCALE.s06c@example.test,+15555000134,HH-33,,,SYNTHETIC S06C-2000-SCALE
Syn135,Guest2000SCALE,,syn135.2000SCALE.s06c@example.test,+15555000135,HH-33,,,SYNTHETIC S06C-2000-SCALE
Syn136,Guest2000SCALE,,syn136.2000SCALE.s06c@example.test,+15555000136,HH-34,,,SYNTHETIC S06C-2000-SCALE
Syn137,Guest2000SCALE,,syn137.2000SCALE.s06c@example.test,+15555000137,HH-34,,,SYNTHETIC S06C-2000-SCALE
Syn138,Guest2000SCALE,,syn138.2000SCALE.s06c@example.test,+15555000138,HH-34,,,SYNTHETIC S06C-2000-SCALE
Syn139,Guest2000SCALE,,syn139.2000SCALE.s06c@example.test,+15555000139,HH-34,,,SYNTHETIC S06C-2000-SCALE
Syn140,Guest2000SCALE,,syn140.2000SCALE.s06c@example.test,+15555000140,HH-35,,,SYNTHETIC S06C-2000-SCALE
Syn141,Guest2000SCALE,,syn141.2000SCALE.s06c@example.test,+15555000141,HH-35,,,SYNTHETIC S06C-2000-SCALE
Syn142,Guest2000SCALE,,syn142.2000SCALE.s06c@example.test,+15555000142,HH-35,,,SYNTHETIC S06C-2000-SCALE
Syn143,Guest2000SCALE,,syn143.2000SCALE.s06c@example.test,+15555000143,HH-35,,,SYNTHETIC S06C-2000-SCALE
Syn144,Guest2000SCALE,,syn144.2000SCALE.s06c@example.test,+15555000144,HH-36,,,SYNTHETIC S06C-2000-SCALE
Syn145,Guest2000SCALE,,syn145.2000SCALE.s06c@example.test,+15555000145,HH-36,,,SYNTHETIC S06C-2000-SCALE
Syn146,Guest2000SCALE,,syn146.2000SCALE.s06c@example.test,+15555000146,HH-36,,,SYNTHETIC S06C-2000-SCALE
Syn147,Guest2000SCALE,,syn147.2000SCALE.s06c@example.test,+15555000147,HH-36,,,SYNTHETIC S06C-2000-SCALE
Syn148,Guest2000SCALE,,syn148.2000SCALE.s06c@example.test,+15555000148,HH-37,,,SYNTHETIC S06C-2000-SCALE
Syn149,Guest2000SCALE,,syn149.2000SCALE.s06c@example.test,+15555000149,HH-37,,,SYNTHETIC S06C-2000-SCALE
Syn150,Guest2000SCALE,,syn150.2000SCALE.s06c@example.test,+15555000150,HH-37,,,SYNTHETIC S06C-2000-SCALE
Syn151,Guest2000SCALE,,syn151.2000SCALE.s06c@example.test,+15555000151,HH-37,,,SYNTHETIC S06C-2000-SCALE
Syn152,Guest2000SCALE,,syn152.2000SCALE.s06c@example.test,+15555000152,HH-38,,,SYNTHETIC S06C-2000-SCALE
Syn153,Guest2000SCALE,,syn153.2000SCALE.s06c@example.test,+15555000153,HH-38,,,SYNTHETIC S06C-2000-SCALE
Syn154,Guest2000SCALE,,syn154.2000SCALE.s06c@example.test,+15555000154,HH-38,,,SYNTHETIC S06C-2000-SCALE
Syn155,Guest2000SCALE,,syn155.2000SCALE.s06c@example.test,+15555000155,HH-38,,,SYNTHETIC S06C-2000-SCALE
Syn156,Guest2000SCALE,,syn156.2000SCALE.s06c@example.test,+15555000156,HH-39,,,SYNTHETIC S06C-2000-SCALE
Syn157,Guest2000SCALE,,syn157.2000SCALE.s06c@example.test,+15555000157,HH-39,,,SYNTHETIC S06C-2000-SCALE
Syn158,Guest2000SCALE,,syn158.2000SCALE.s06c@example.test,+15555000158,HH-39,,,SYNTHETIC S06C-2000-SCALE
Syn159,Guest2000SCALE,,syn159.2000SCALE.s06c@example.test,+15555000159,HH-39,,,SYNTHETIC S06C-2000-SCALE
Syn160,Guest2000SCALE,,syn160.2000SCALE.s06c@example.test,+15555000160,HH-40,,,SYNTHETIC S06C-2000-SCALE
Syn161,Guest2000SCALE,,syn161.2000SCALE.s06c@example.test,+15555000161,HH-40,,,SYNTHETIC S06C-2000-SCALE
Syn162,Guest2000SCALE,,syn162.2000SCALE.s06c@example.test,+15555000162,HH-40,,,SYNTHETIC S06C-2000-SCALE
Syn163,Guest2000SCALE,,syn163.2000SCALE.s06c@example.test,+15555000163,HH-40,,,SYNTHETIC S06C-2000-SCALE
Syn164,Guest2000SCALE,,syn164.2000SCALE.s06c@example.test,+15555000164,HH-41,,,SYNTHETIC S06C-2000-SCALE
Syn165,Guest2000SCALE,,syn165.2000SCALE.s06c@example.test,+15555000165,HH-41,,,SYNTHETIC S06C-2000-SCALE
Syn166,Guest2000SCALE,,syn166.2000SCALE.s06c@example.test,+15555000166,HH-41,,,SYNTHETIC S06C-2000-SCALE
Syn167,Guest2000SCALE,,syn167.2000SCALE.s06c@example.test,+15555000167,HH-41,,,SYNTHETIC S06C-2000-SCALE
Syn168,Guest2000SCALE,,syn168.2000SCALE.s06c@example.test,+15555000168,HH-42,,,SYNTHETIC S06C-2000-SCALE
Syn169,Guest2000SCALE,,syn169.2000SCALE.s06c@example.test,+15555000169,HH-42,,,SYNTHETIC S06C-2000-SCALE
Syn170,Guest2000SCALE,,syn170.2000SCALE.s06c@example.test,+15555000170,HH-42,,,SYNTHETIC S06C-2000-SCALE
Syn171,Guest2000SCALE,,syn171.2000SCALE.s06c@example.test,+15555000171,HH-42,,,SYNTHETIC S06C-2000-SCALE
Syn172,Guest2000SCALE,,syn172.2000SCALE.s06c@example.test,+15555000172,HH-43,,,SYNTHETIC S06C-2000-SCALE
Syn173,Guest2000SCALE,,syn173.2000SCALE.s06c@example.test,+15555000173,HH-43,,,SYNTHETIC S06C-2000-SCALE
Syn174,Guest2000SCALE,,syn174.2000SCALE.s06c@example.test,+15555000174,HH-43,,,SYNTHETIC S06C-2000-SCALE
Syn175,Guest2000SCALE,,syn175.2000SCALE.s06c@example.test,+15555000175,HH-43,,,SYNTHETIC S06C-2000-SCALE
Syn176,Guest2000SCALE,,syn176.2000SCALE.s06c@example.test,+15555000176,HH-44,,,SYNTHETIC S06C-2000-SCALE
Syn177,Guest2000SCALE,,syn177.2000SCALE.s06c@example.test,+15555000177,HH-44,,,SYNTHETIC S06C-2000-SCALE
Syn178,Guest2000SCALE,,syn178.2000SCALE.s06c@example.test,+15555000178,HH-44,,,SYNTHETIC S06C-2000-SCALE
Syn179,Guest2000SCALE,,syn179.2000SCALE.s06c@example.test,+15555000179,HH-44,,,SYNTHETIC S06C-2000-SCALE
Syn180,Guest2000SCALE,,syn180.2000SCALE.s06c@example.test,+15555000180,HH-45,,,SYNTHETIC S06C-2000-SCALE
Syn181,Guest2000SCALE,,syn181.2000SCALE.s06c@example.test,+15555000181,HH-45,,,SYNTHETIC S06C-2000-SCALE
Syn182,Guest2000SCALE,,syn182.2000SCALE.s06c@example.test,+15555000182,HH-45,,,SYNTHETIC S06C-2000-SCALE
Syn183,Guest2000SCALE,,syn183.2000SCALE.s06c@example.test,+15555000183,HH-45,,,SYNTHETIC S06C-2000-SCALE
Syn184,Guest2000SCALE,,syn184.2000SCALE.s06c@example.test,+15555000184,HH-46,,,SYNTHETIC S06C-2000-SCALE
Syn185,Guest2000SCALE,,syn185.2000SCALE.s06c@example.test,+15555000185,HH-46,,,SYNTHETIC S06C-2000-SCALE
Syn186,Guest2000SCALE,,syn186.2000SCALE.s06c@example.test,+15555000186,HH-46,,,SYNTHETIC S06C-2000-SCALE
Syn187,Guest2000SCALE,,syn187.2000SCALE.s06c@example.test,+15555000187,HH-46,,,SYNTHETIC S06C-2000-SCALE
Syn188,Guest2000SCALE,,syn188.2000SCALE.s06c@example.test,+15555000188,HH-47,,,SYNTHETIC S06C-2000-SCALE
Syn189,Guest2000SCALE,,syn189.2000SCALE.s06c@example.test,+15555000189,HH-47,,,SYNTHETIC S06C-2000-SCALE
Syn190,Guest2000SCALE,,syn190.2000SCALE.s06c@example.test,+15555000190,HH-47,,,SYNTHETIC S06C-2000-SCALE
Syn191,Guest2000SCALE,,syn191.2000SCALE.s06c@example.test,+15555000191,HH-47,,,SYNTHETIC S06C-2000-SCALE
Syn192,Guest2000SCALE,,syn192.2000SCALE.s06c@example.test,+15555000192,HH-48,,,SYNTHETIC S06C-2000-SCALE
Syn193,Guest2000SCALE,,syn193.2000SCALE.s06c@example.test,+15555000193,HH-48,,,SYNTHETIC S06C-2000-SCALE
Syn194,Guest2000SCALE,,syn194.2000SCALE.s06c@example.test,+15555000194,HH-48,,,SYNTHETIC S06C-2000-SCALE
Syn195,Guest2000SCALE,,syn195.2000SCALE.s06c@example.test,+15555000195,HH-48,,,SYNTHETIC S06C-2000-SCALE
Syn196,Guest2000SCALE,,syn196.2000SCALE.s06c@example.test,+15555000196,HH-49,,,SYNTHETIC S06C-2000-SCALE
Syn197,Guest2000SCALE,,syn197.2000SCALE.s06c@example.test,+15555000197,HH-49,,,SYNTHETIC S06C-2000-SCALE
Syn198,Guest2000SCALE,,syn198.2000SCALE.s06c@example.test,+15555000198,HH-49,,,SYNTHETIC S06C-2000-SCALE
Syn199,Guest2000SCALE,,syn199.2000SCALE.s06c@example.test,+15555000199,HH-49,,,SYNTHETIC S06C-2000-SCALE
Syn200,Guest2000SCALE,,syn200.2000SCALE.s06c@example.test,+15555000200,HH-50,,,SYNTHETIC S06C-2000-SCALE
Syn201,Guest2000SCALE,,syn201.2000SCALE.s06c@example.test,+15555000201,HH-50,,,SYNTHETIC S06C-2000-SCALE
Syn202,Guest2000SCALE,,syn202.2000SCALE.s06c@example.test,+15555000202,HH-50,,,SYNTHETIC S06C-2000-SCALE
Syn203,Guest2000SCALE,,syn203.2000SCALE.s06c@example.test,+15555000203,HH-50,,,SYNTHETIC S06C-2000-SCALE
Syn204,Guest2000SCALE,,syn204.2000SCALE.s06c@example.test,+15555000204,HH-51,,,SYNTHETIC S06C-2000-SCALE
Syn205,Guest2000SCALE,,syn205.2000SCALE.s06c@example.test,+15555000205,HH-51,,,SYNTHETIC S06C-2000-SCALE
Syn206,Guest2000SCALE,,syn206.2000SCALE.s06c@example.test,+15555000206,HH-51,,,SYNTHETIC S06C-2000-SCALE
Syn207,Guest2000SCALE,,syn207.2000SCALE.s06c@example.test,+15555000207,HH-51,,,SYNTHETIC S06C-2000-SCALE
Syn208,Guest2000SCALE,,syn208.2000SCALE.s06c@example.test,+15555000208,HH-52,,,SYNTHETIC S06C-2000-SCALE
Syn209,Guest2000SCALE,,syn209.2000SCALE.s06c@example.test,+15555000209,HH-52,,,SYNTHETIC S06C-2000-SCALE
Syn210,Guest2000SCALE,,syn210.2000SCALE.s06c@example.test,+15555000210,HH-52,,,SYNTHETIC S06C-2000-SCALE
Syn211,Guest2000SCALE,,syn211.2000SCALE.s06c@example.test,+15555000211,HH-52,,,SYNTHETIC S06C-2000-SCALE
Syn212,Guest2000SCALE,,syn212.2000SCALE.s06c@example.test,+15555000212,HH-53,,,SYNTHETIC S06C-2000-SCALE
Syn213,Guest2000SCALE,,syn213.2000SCALE.s06c@example.test,+15555000213,HH-53,,,SYNTHETIC S06C-2000-SCALE
Syn214,Guest2000SCALE,,syn214.2000SCALE.s06c@example.test,+15555000214,HH-53,,,SYNTHETIC S06C-2000-SCALE
Syn215,Guest2000SCALE,,syn215.2000SCALE.s06c@example.test,+15555000215,HH-53,,,SYNTHETIC S06C-2000-SCALE
Syn216,Guest2000SCALE,,syn216.2000SCALE.s06c@example.test,+15555000216,HH-54,,,SYNTHETIC S06C-2000-SCALE
Syn217,Guest2000SCALE,,syn217.2000SCALE.s06c@example.test,+15555000217,HH-54,,,SYNTHETIC S06C-2000-SCALE
Syn218,Guest2000SCALE,,syn218.2000SCALE.s06c@example.test,+15555000218,HH-54,,,SYNTHETIC S06C-2000-SCALE
Syn219,Guest2000SCALE,,syn219.2000SCALE.s06c@example.test,+15555000219,HH-54,,,SYNTHETIC S06C-2000-SCALE
Syn220,Guest2000SCALE,,syn220.2000SCALE.s06c@example.test,+15555000220,HH-55,,,SYNTHETIC S06C-2000-SCALE
Syn221,Guest2000SCALE,,syn221.2000SCALE.s06c@example.test,+15555000221,HH-55,,,SYNTHETIC S06C-2000-SCALE
Syn222,Guest2000SCALE,,syn222.2000SCALE.s06c@example.test,+15555000222,HH-55,,,SYNTHETIC S06C-2000-SCALE
Syn223,Guest2000SCALE,,syn223.2000SCALE.s06c@example.test,+15555000223,HH-55,,,SYNTHETIC S06C-2000-SCALE
Syn224,Guest2000SCALE,,syn224.2000SCALE.s06c@example.test,+15555000224,HH-56,,,SYNTHETIC S06C-2000-SCALE
Syn225,Guest2000SCALE,,syn225.2000SCALE.s06c@example.test,+15555000225,HH-56,,,SYNTHETIC S06C-2000-SCALE
Syn226,Guest2000SCALE,,syn226.2000SCALE.s06c@example.test,+15555000226,HH-56,,,SYNTHETIC S06C-2000-SCALE
Syn227,Guest2000SCALE,,syn227.2000SCALE.s06c@example.test,+15555000227,HH-56,,,SYNTHETIC S06C-2000-SCALE
Syn228,Guest2000SCALE,,syn228.2000SCALE.s06c@example.test,+15555000228,HH-57,,,SYNTHETIC S06C-2000-SCALE
Syn229,Guest2000SCALE,,syn229.2000SCALE.s06c@example.test,+15555000229,HH-57,,,SYNTHETIC S06C-2000-SCALE
Syn230,Guest2000SCALE,,syn230.2000SCALE.s06c@example.test,+15555000230,HH-57,,,SYNTHETIC S06C-2000-SCALE
Syn231,Guest2000SCALE,,syn231.2000SCALE.s06c@example.test,+15555000231,HH-57,,,SYNTHETIC S06C-2000-SCALE
Syn232,Guest2000SCALE,,syn232.2000SCALE.s06c@example.test,+15555000232,HH-58,,,SYNTHETIC S06C-2000-SCALE
Syn233,Guest2000SCALE,,syn233.2000SCALE.s06c@example.test,+15555000233,HH-58,,,SYNTHETIC S06C-2000-SCALE
Syn234,Guest2000SCALE,,syn234.2000SCALE.s06c@example.test,+15555000234,HH-58,,,SYNTHETIC S06C-2000-SCALE
Syn235,Guest2000SCALE,,syn235.2000SCALE.s06c@example.test,+15555000235,HH-58,,,SYNTHETIC S06C-2000-SCALE
Syn236,Guest2000SCALE,,syn236.2000SCALE.s06c@example.test,+15555000236,HH-59,,,SYNTHETIC S06C-2000-SCALE
Syn237,Guest2000SCALE,,syn237.2000SCALE.s06c@example.test,+15555000237,HH-59,,,SYNTHETIC S06C-2000-SCALE
Syn238,Guest2000SCALE,,syn238.2000SCALE.s06c@example.test,+15555000238,HH-59,,,SYNTHETIC S06C-2000-SCALE
Syn239,Guest2000SCALE,,syn239.2000SCALE.s06c@example.test,+15555000239,HH-59,,,SYNTHETIC S06C-2000-SCALE
Syn240,Guest2000SCALE,,syn240.2000SCALE.s06c@example.test,+15555000240,HH-60,,,SYNTHETIC S06C-2000-SCALE
Syn241,Guest2000SCALE,,syn241.2000SCALE.s06c@example.test,+15555000241,HH-60,,,SYNTHETIC S06C-2000-SCALE
Syn242,Guest2000SCALE,,syn242.2000SCALE.s06c@example.test,+15555000242,HH-60,,,SYNTHETIC S06C-2000-SCALE
Syn243,Guest2000SCALE,,syn243.2000SCALE.s06c@example.test,+15555000243,HH-60,,,SYNTHETIC S06C-2000-SCALE
Syn244,Guest2000SCALE,,syn244.2000SCALE.s06c@example.test,+15555000244,HH-61,,,SYNTHETIC S06C-2000-SCALE
Syn245,Guest2000SCALE,,syn245.2000SCALE.s06c@example.test,+15555000245,HH-61,,,SYNTHETIC S06C-2000-SCALE
Syn246,Guest2000SCALE,,syn246.2000SCALE.s06c@example.test,+15555000246,HH-61,,,SYNTHETIC S06C-2000-SCALE
Syn247,Guest2000SCALE,,syn247.2000SCALE.s06c@example.test,+15555000247,HH-61,,,SYNTHETIC S06C-2000-SCALE
Syn248,Guest2000SCALE,,syn248.2000SCALE.s06c@example.test,+15555000248,HH-62,,,SYNTHETIC S06C-2000-SCALE
Syn249,Guest2000SCALE,,syn249.2000SCALE.s06c@example.test,+15555000249,HH-62,,,SYNTHETIC S06C-2000-SCALE
Syn250,Guest2000SCALE,,syn250.2000SCALE.s06c@example.test,+15555000250,HH-62,,,SYNTHETIC S06C-2000-SCALE
Syn251,Guest2000SCALE,,syn251.2000SCALE.s06c@example.test,+15555000251,HH-62,,,SYNTHETIC S06C-2000-SCALE
Syn252,Guest2000SCALE,,syn252.2000SCALE.s06c@example.test,+15555000252,HH-63,,,SYNTHETIC S06C-2000-SCALE
Syn253,Guest2000SCALE,,syn253.2000SCALE.s06c@example.test,+15555000253,HH-63,,,SYNTHETIC S06C-2000-SCALE
Syn254,Guest2000SCALE,,syn254.2000SCALE.s06c@example.test,+15555000254,HH-63,,,SYNTHETIC S06C-2000-SCALE
Syn255,Guest2000SCALE,,syn255.2000SCALE.s06c@example.test,+15555000255,HH-63,,,SYNTHETIC S06C-2000-SCALE
Syn256,Guest2000SCALE,,syn256.2000SCALE.s06c@example.test,+15555000256,HH-64,,,SYNTHETIC S06C-2000-SCALE
Syn257,Guest2000SCALE,,syn257.2000SCALE.s06c@example.test,+15555000257,HH-64,,,SYNTHETIC S06C-2000-SCALE
Syn258,Guest2000SCALE,,syn258.2000SCALE.s06c@example.test,+15555000258,HH-64,,,SYNTHETIC S06C-2000-SCALE
Syn259,Guest2000SCALE,,syn259.2000SCALE.s06c@example.test,+15555000259,HH-64,,,SYNTHETIC S06C-2000-SCALE
Syn260,Guest2000SCALE,,syn260.2000SCALE.s06c@example.test,+15555000260,HH-65,,,SYNTHETIC S06C-2000-SCALE
Syn261,Guest2000SCALE,,syn261.2000SCALE.s06c@example.test,+15555000261,HH-65,,,SYNTHETIC S06C-2000-SCALE
Syn262,Guest2000SCALE,,syn262.2000SCALE.s06c@example.test,+15555000262,HH-65,,,SYNTHETIC S06C-2000-SCALE
Syn263,Guest2000SCALE,,syn263.2000SCALE.s06c@example.test,+15555000263,HH-65,,,SYNTHETIC S06C-2000-SCALE
Syn264,Guest2000SCALE,,syn264.2000SCALE.s06c@example.test,+15555000264,HH-66,,,SYNTHETIC S06C-2000-SCALE
Syn265,Guest2000SCALE,,syn265.2000SCALE.s06c@example.test,+15555000265,HH-66,,,SYNTHETIC S06C-2000-SCALE
Syn266,Guest2000SCALE,,syn266.2000SCALE.s06c@example.test,+15555000266,HH-66,,,SYNTHETIC S06C-2000-SCALE
Syn267,Guest2000SCALE,,syn267.2000SCALE.s06c@example.test,+15555000267,HH-66,,,SYNTHETIC S06C-2000-SCALE
Syn268,Guest2000SCALE,,syn268.2000SCALE.s06c@example.test,+15555000268,HH-67,,,SYNTHETIC S06C-2000-SCALE
Syn269,Guest2000SCALE,,syn269.2000SCALE.s06c@example.test,+15555000269,HH-67,,,SYNTHETIC S06C-2000-SCALE
Syn270,Guest2000SCALE,,syn270.2000SCALE.s06c@example.test,+15555000270,HH-67,,,SYNTHETIC S06C-2000-SCALE
Syn271,Guest2000SCALE,,syn271.2000SCALE.s06c@example.test,+15555000271,HH-67,,,SYNTHETIC S06C-2000-SCALE
Syn272,Guest2000SCALE,,syn272.2000SCALE.s06c@example.test,+15555000272,HH-68,,,SYNTHETIC S06C-2000-SCALE
Syn273,Guest2000SCALE,,syn273.2000SCALE.s06c@example.test,+15555000273,HH-68,,,SYNTHETIC S06C-2000-SCALE
Syn274,Guest2000SCALE,,syn274.2000SCALE.s06c@example.test,+15555000274,HH-68,,,SYNTHETIC S06C-2000-SCALE
Syn275,Guest2000SCALE,,syn275.2000SCALE.s06c@example.test,+15555000275,HH-68,,,SYNTHETIC S06C-2000-SCALE
Syn276,Guest2000SCALE,,syn276.2000SCALE.s06c@example.test,+15555000276,HH-69,,,SYNTHETIC S06C-2000-SCALE
Syn277,Guest2000SCALE,,syn277.2000SCALE.s06c@example.test,+15555000277,HH-69,,,SYNTHETIC S06C-2000-SCALE
Syn278,Guest2000SCALE,,syn278.2000SCALE.s06c@example.test,+15555000278,HH-69,,,SYNTHETIC S06C-2000-SCALE
Syn279,Guest2000SCALE,,syn279.2000SCALE.s06c@example.test,+15555000279,HH-69,,,SYNTHETIC S06C-2000-SCALE
Syn280,Guest2000SCALE,,syn280.2000SCALE.s06c@example.test,+15555000280,HH-70,,,SYNTHETIC S06C-2000-SCALE
Syn281,Guest2000SCALE,,syn281.2000SCALE.s06c@example.test,+15555000281,HH-70,,,SYNTHETIC S06C-2000-SCALE
Syn282,Guest2000SCALE,,syn282.2000SCALE.s06c@example.test,+15555000282,HH-70,,,SYNTHETIC S06C-2000-SCALE
Syn283,Guest2000SCALE,,syn283.2000SCALE.s06c@example.test,+15555000283,HH-70,,,SYNTHETIC S06C-2000-SCALE
Syn284,Guest2000SCALE,,syn284.2000SCALE.s06c@example.test,+15555000284,HH-71,,,SYNTHETIC S06C-2000-SCALE
Syn285,Guest2000SCALE,,syn285.2000SCALE.s06c@example.test,+15555000285,HH-71,,,SYNTHETIC S06C-2000-SCALE
Syn286,Guest2000SCALE,,syn286.2000SCALE.s06c@example.test,+15555000286,HH-71,,,SYNTHETIC S06C-2000-SCALE
Syn287,Guest2000SCALE,,syn287.2000SCALE.s06c@example.test,+15555000287,HH-71,,,SYNTHETIC S06C-2000-SCALE
Syn288,Guest2000SCALE,,syn288.2000SCALE.s06c@example.test,+15555000288,HH-72,,,SYNTHETIC S06C-2000-SCALE
Syn289,Guest2000SCALE,,syn289.2000SCALE.s06c@example.test,+15555000289,HH-72,,,SYNTHETIC S06C-2000-SCALE
Syn290,Guest2000SCALE,,syn290.2000SCALE.s06c@example.test,+15555000290,HH-72,,,SYNTHETIC S06C-2000-SCALE
Syn291,Guest2000SCALE,,syn291.2000SCALE.s06c@example.test,+15555000291,HH-72,,,SYNTHETIC S06C-2000-SCALE
Syn292,Guest2000SCALE,,syn292.2000SCALE.s06c@example.test,+15555000292,HH-73,,,SYNTHETIC S06C-2000-SCALE
Syn293,Guest2000SCALE,,syn293.2000SCALE.s06c@example.test,+15555000293,HH-73,,,SYNTHETIC S06C-2000-SCALE
Syn294,Guest2000SCALE,,syn294.2000SCALE.s06c@example.test,+15555000294,HH-73,,,SYNTHETIC S06C-2000-SCALE
Syn295,Guest2000SCALE,,syn295.2000SCALE.s06c@example.test,+15555000295,HH-73,,,SYNTHETIC S06C-2000-SCALE
Syn296,Guest2000SCALE,,syn296.2000SCALE.s06c@example.test,+15555000296,HH-74,,,SYNTHETIC S06C-2000-SCALE
Syn297,Guest2000SCALE,,syn297.2000SCALE.s06c@example.test,+15555000297,HH-74,,,SYNTHETIC S06C-2000-SCALE
Syn298,Guest2000SCALE,,syn298.2000SCALE.s06c@example.test,+15555000298,HH-74,,,SYNTHETIC S06C-2000-SCALE
Syn299,Guest2000SCALE,,syn299.2000SCALE.s06c@example.test,+15555000299,HH-74,,,SYNTHETIC S06C-2000-SCALE
Syn300,Guest2000SCALE,,syn300.2000SCALE.s06c@example.test,+15555000300,HH-75,,,SYNTHETIC S06C-2000-SCALE
Syn301,Guest2000SCALE,,syn301.2000SCALE.s06c@example.test,+15555000301,HH-75,,,SYNTHETIC S06C-2000-SCALE
Syn302,Guest2000SCALE,,syn302.2000SCALE.s06c@example.test,+15555000302,HH-75,,,SYNTHETIC S06C-2000-SCALE
Syn303,Guest2000SCALE,,syn303.2000SCALE.s06c@example.test,+15555000303,HH-75,,,SYNTHETIC S06C-2000-SCALE
Syn304,Guest2000SCALE,,syn304.2000SCALE.s06c@example.test,+15555000304,HH-76,,,SYNTHETIC S06C-2000-SCALE
Syn305,Guest2000SCALE,,syn305.2000SCALE.s06c@example.test,+15555000305,HH-76,,,SYNTHETIC S06C-2000-SCALE
Syn306,Guest2000SCALE,,syn306.2000SCALE.s06c@example.test,+15555000306,HH-76,,,SYNTHETIC S06C-2000-SCALE
Syn307,Guest2000SCALE,,syn307.2000SCALE.s06c@example.test,+15555000307,HH-76,,,SYNTHETIC S06C-2000-SCALE
Syn308,Guest2000SCALE,,syn308.2000SCALE.s06c@example.test,+15555000308,HH-77,,,SYNTHETIC S06C-2000-SCALE
Syn309,Guest2000SCALE,,syn309.2000SCALE.s06c@example.test,+15555000309,HH-77,,,SYNTHETIC S06C-2000-SCALE
Syn310,Guest2000SCALE,,syn310.2000SCALE.s06c@example.test,+15555000310,HH-77,,,SYNTHETIC S06C-2000-SCALE
Syn311,Guest2000SCALE,,syn311.2000SCALE.s06c@example.test,+15555000311,HH-77,,,SYNTHETIC S06C-2000-SCALE
Syn312,Guest2000SCALE,,syn312.2000SCALE.s06c@example.test,+15555000312,HH-78,,,SYNTHETIC S06C-2000-SCALE
Syn313,Guest2000SCALE,,syn313.2000SCALE.s06c@example.test,+15555000313,HH-78,,,SYNTHETIC S06C-2000-SCALE
Syn314,Guest2000SCALE,,syn314.2000SCALE.s06c@example.test,+15555000314,HH-78,,,SYNTHETIC S06C-2000-SCALE
Syn315,Guest2000SCALE,,syn315.2000SCALE.s06c@example.test,+15555000315,HH-78,,,SYNTHETIC S06C-2000-SCALE
Syn316,Guest2000SCALE,,syn316.2000SCALE.s06c@example.test,+15555000316,HH-79,,,SYNTHETIC S06C-2000-SCALE
Syn317,Guest2000SCALE,,syn317.2000SCALE.s06c@example.test,+15555000317,HH-79,,,SYNTHETIC S06C-2000-SCALE
Syn318,Guest2000SCALE,,syn318.2000SCALE.s06c@example.test,+15555000318,HH-79,,,SYNTHETIC S06C-2000-SCALE
Syn319,Guest2000SCALE,,syn319.2000SCALE.s06c@example.test,+15555000319,HH-79,,,SYNTHETIC S06C-2000-SCALE
Syn320,Guest2000SCALE,,syn320.2000SCALE.s06c@example.test,+15555000320,HH-80,,,SYNTHETIC S06C-2000-SCALE
Syn321,Guest2000SCALE,,syn321.2000SCALE.s06c@example.test,+15555000321,HH-80,,,SYNTHETIC S06C-2000-SCALE
Syn322,Guest2000SCALE,,syn322.2000SCALE.s06c@example.test,+15555000322,HH-80,,,SYNTHETIC S06C-2000-SCALE
Syn323,Guest2000SCALE,,syn323.2000SCALE.s06c@example.test,+15555000323,HH-80,,,SYNTHETIC S06C-2000-SCALE
Syn324,Guest2000SCALE,,syn324.2000SCALE.s06c@example.test,+15555000324,HH-81,,,SYNTHETIC S06C-2000-SCALE
Syn325,Guest2000SCALE,,syn325.2000SCALE.s06c@example.test,+15555000325,HH-81,,,SYNTHETIC S06C-2000-SCALE
Syn326,Guest2000SCALE,,syn326.2000SCALE.s06c@example.test,+15555000326,HH-81,,,SYNTHETIC S06C-2000-SCALE
Syn327,Guest2000SCALE,,syn327.2000SCALE.s06c@example.test,+15555000327,HH-81,,,SYNTHETIC S06C-2000-SCALE
Syn328,Guest2000SCALE,,syn328.2000SCALE.s06c@example.test,+15555000328,HH-82,,,SYNTHETIC S06C-2000-SCALE
Syn329,Guest2000SCALE,,syn329.2000SCALE.s06c@example.test,+15555000329,HH-82,,,SYNTHETIC S06C-2000-SCALE
Syn330,Guest2000SCALE,,syn330.2000SCALE.s06c@example.test,+15555000330,HH-82,,,SYNTHETIC S06C-2000-SCALE
Syn331,Guest2000SCALE,,syn331.2000SCALE.s06c@example.test,+15555000331,HH-82,,,SYNTHETIC S06C-2000-SCALE
Syn332,Guest2000SCALE,,syn332.2000SCALE.s06c@example.test,+15555000332,HH-83,,,SYNTHETIC S06C-2000-SCALE
Syn333,Guest2000SCALE,,syn333.2000SCALE.s06c@example.test,+15555000333,HH-83,,,SYNTHETIC S06C-2000-SCALE
Syn334,Guest2000SCALE,,syn334.2000SCALE.s06c@example.test,+15555000334,HH-83,,,SYNTHETIC S06C-2000-SCALE
Syn335,Guest2000SCALE,,syn335.2000SCALE.s06c@example.test,+15555000335,HH-83,,,SYNTHETIC S06C-2000-SCALE
Syn336,Guest2000SCALE,,syn336.2000SCALE.s06c@example.test,+15555000336,HH-84,,,SYNTHETIC S06C-2000-SCALE
Syn337,Guest2000SCALE,,syn337.2000SCALE.s06c@example.test,+15555000337,HH-84,,,SYNTHETIC S06C-2000-SCALE
Syn338,Guest2000SCALE,,syn338.2000SCALE.s06c@example.test,+15555000338,HH-84,,,SYNTHETIC S06C-2000-SCALE
Syn339,Guest2000SCALE,,syn339.2000SCALE.s06c@example.test,+15555000339,HH-84,,,SYNTHETIC S06C-2000-SCALE
Syn340,Guest2000SCALE,,syn340.2000SCALE.s06c@example.test,+15555000340,HH-85,,,SYNTHETIC S06C-2000-SCALE
Syn341,Guest2000SCALE,,syn341.2000SCALE.s06c@example.test,+15555000341,HH-85,,,SYNTHETIC S06C-2000-SCALE
Syn342,Guest2000SCALE,,syn342.2000SCALE.s06c@example.test,+15555000342,HH-85,,,SYNTHETIC S06C-2000-SCALE
Syn343,Guest2000SCALE,,syn343.2000SCALE.s06c@example.test,+15555000343,HH-85,,,SYNTHETIC S06C-2000-SCALE
Syn344,Guest2000SCALE,,syn344.2000SCALE.s06c@example.test,+15555000344,HH-86,,,SYNTHETIC S06C-2000-SCALE
Syn345,Guest2000SCALE,,syn345.2000SCALE.s06c@example.test,+15555000345,HH-86,,,SYNTHETIC S06C-2000-SCALE
Syn346,Guest2000SCALE,,syn346.2000SCALE.s06c@example.test,+15555000346,HH-86,,,SYNTHETIC S06C-2000-SCALE
Syn347,Guest2000SCALE,,syn347.2000SCALE.s06c@example.test,+15555000347,HH-86,,,SYNTHETIC S06C-2000-SCALE
Syn348,Guest2000SCALE,,syn348.2000SCALE.s06c@example.test,+15555000348,HH-87,,,SYNTHETIC S06C-2000-SCALE
Syn349,Guest2000SCALE,,syn349.2000SCALE.s06c@example.test,+15555000349,HH-87,,,SYNTHETIC S06C-2000-SCALE
Syn350,Guest2000SCALE,,syn350.2000SCALE.s06c@example.test,+15555000350,HH-87,,,SYNTHETIC S06C-2000-SCALE
Syn351,Guest2000SCALE,,syn351.2000SCALE.s06c@example.test,+15555000351,HH-87,,,SYNTHETIC S06C-2000-SCALE
Syn352,Guest2000SCALE,,syn352.2000SCALE.s06c@example.test,+15555000352,HH-88,,,SYNTHETIC S06C-2000-SCALE
Syn353,Guest2000SCALE,,syn353.2000SCALE.s06c@example.test,+15555000353,HH-88,,,SYNTHETIC S06C-2000-SCALE
Syn354,Guest2000SCALE,,syn354.2000SCALE.s06c@example.test,+15555000354,HH-88,,,SYNTHETIC S06C-2000-SCALE
Syn355,Guest2000SCALE,,syn355.2000SCALE.s06c@example.test,+15555000355,HH-88,,,SYNTHETIC S06C-2000-SCALE
Syn356,Guest2000SCALE,,syn356.2000SCALE.s06c@example.test,+15555000356,HH-89,,,SYNTHETIC S06C-2000-SCALE
Syn357,Guest2000SCALE,,syn357.2000SCALE.s06c@example.test,+15555000357,HH-89,,,SYNTHETIC S06C-2000-SCALE
Syn358,Guest2000SCALE,,syn358.2000SCALE.s06c@example.test,+15555000358,HH-89,,,SYNTHETIC S06C-2000-SCALE
Syn359,Guest2000SCALE,,syn359.2000SCALE.s06c@example.test,+15555000359,HH-89,,,SYNTHETIC S06C-2000-SCALE
Syn360,Guest2000SCALE,,syn360.2000SCALE.s06c@example.test,+15555000360,HH-90,,,SYNTHETIC S06C-2000-SCALE
Syn361,Guest2000SCALE,,syn361.2000SCALE.s06c@example.test,+15555000361,HH-90,,,SYNTHETIC S06C-2000-SCALE
Syn362,Guest2000SCALE,,syn362.2000SCALE.s06c@example.test,+15555000362,HH-90,,,SYNTHETIC S06C-2000-SCALE
Syn363,Guest2000SCALE,,syn363.2000SCALE.s06c@example.test,+15555000363,HH-90,,,SYNTHETIC S06C-2000-SCALE
Syn364,Guest2000SCALE,,syn364.2000SCALE.s06c@example.test,+15555000364,HH-91,,,SYNTHETIC S06C-2000-SCALE
Syn365,Guest2000SCALE,,syn365.2000SCALE.s06c@example.test,+15555000365,HH-91,,,SYNTHETIC S06C-2000-SCALE
Syn366,Guest2000SCALE,,syn366.2000SCALE.s06c@example.test,+15555000366,HH-91,,,SYNTHETIC S06C-2000-SCALE
Syn367,Guest2000SCALE,,syn367.2000SCALE.s06c@example.test,+15555000367,HH-91,,,SYNTHETIC S06C-2000-SCALE
Syn368,Guest2000SCALE,,syn368.2000SCALE.s06c@example.test,+15555000368,HH-92,,,SYNTHETIC S06C-2000-SCALE
Syn369,Guest2000SCALE,,syn369.2000SCALE.s06c@example.test,+15555000369,HH-92,,,SYNTHETIC S06C-2000-SCALE
Syn370,Guest2000SCALE,,syn370.2000SCALE.s06c@example.test,+15555000370,HH-92,,,SYNTHETIC S06C-2000-SCALE
Syn371,Guest2000SCALE,,syn371.2000SCALE.s06c@example.test,+15555000371,HH-92,,,SYNTHETIC S06C-2000-SCALE
Syn372,Guest2000SCALE,,syn372.2000SCALE.s06c@example.test,+15555000372,HH-93,,,SYNTHETIC S06C-2000-SCALE
Syn373,Guest2000SCALE,,syn373.2000SCALE.s06c@example.test,+15555000373,HH-93,,,SYNTHETIC S06C-2000-SCALE
Syn374,Guest2000SCALE,,syn374.2000SCALE.s06c@example.test,+15555000374,HH-93,,,SYNTHETIC S06C-2000-SCALE
Syn375,Guest2000SCALE,,syn375.2000SCALE.s06c@example.test,+15555000375,HH-93,,,SYNTHETIC S06C-2000-SCALE
Syn376,Guest2000SCALE,,syn376.2000SCALE.s06c@example.test,+15555000376,HH-94,,,SYNTHETIC S06C-2000-SCALE
Syn377,Guest2000SCALE,,syn377.2000SCALE.s06c@example.test,+15555000377,HH-94,,,SYNTHETIC S06C-2000-SCALE
Syn378,Guest2000SCALE,,syn378.2000SCALE.s06c@example.test,+15555000378,HH-94,,,SYNTHETIC S06C-2000-SCALE
Syn379,Guest2000SCALE,,syn379.2000SCALE.s06c@example.test,+15555000379,HH-94,,,SYNTHETIC S06C-2000-SCALE
Syn380,Guest2000SCALE,,syn380.2000SCALE.s06c@example.test,+15555000380,HH-95,,,SYNTHETIC S06C-2000-SCALE
Syn381,Guest2000SCALE,,syn381.2000SCALE.s06c@example.test,+15555000381,HH-95,,,SYNTHETIC S06C-2000-SCALE
Syn382,Guest2000SCALE,,syn382.2000SCALE.s06c@example.test,+15555000382,HH-95,,,SYNTHETIC S06C-2000-SCALE
Syn383,Guest2000SCALE,,syn383.2000SCALE.s06c@example.test,+15555000383,HH-95,,,SYNTHETIC S06C-2000-SCALE
Syn384,Guest2000SCALE,,syn384.2000SCALE.s06c@example.test,+15555000384,HH-96,,,SYNTHETIC S06C-2000-SCALE
Syn385,Guest2000SCALE,,syn385.2000SCALE.s06c@example.test,+15555000385,HH-96,,,SYNTHETIC S06C-2000-SCALE
Syn386,Guest2000SCALE,,syn386.2000SCALE.s06c@example.test,+15555000386,HH-96,,,SYNTHETIC S06C-2000-SCALE
Syn387,Guest2000SCALE,,syn387.2000SCALE.s06c@example.test,+15555000387,HH-96,,,SYNTHETIC S06C-2000-SCALE
Syn388,Guest2000SCALE,,syn388.2000SCALE.s06c@example.test,+15555000388,HH-97,,,SYNTHETIC S06C-2000-SCALE
Syn389,Guest2000SCALE,,syn389.2000SCALE.s06c@example.test,+15555000389,HH-97,,,SYNTHETIC S06C-2000-SCALE
Syn390,Guest2000SCALE,,syn390.2000SCALE.s06c@example.test,+15555000390,HH-97,,,SYNTHETIC S06C-2000-SCALE
Syn391,Guest2000SCALE,,syn391.2000SCALE.s06c@example.test,+15555000391,HH-97,,,SYNTHETIC S06C-2000-SCALE
Syn392,Guest2000SCALE,,syn392.2000SCALE.s06c@example.test,+15555000392,HH-98,,,SYNTHETIC S06C-2000-SCALE
Syn393,Guest2000SCALE,,syn393.2000SCALE.s06c@example.test,+15555000393,HH-98,,,SYNTHETIC S06C-2000-SCALE
Syn394,Guest2000SCALE,,syn394.2000SCALE.s06c@example.test,+15555000394,HH-98,,,SYNTHETIC S06C-2000-SCALE
Syn395,Guest2000SCALE,,syn395.2000SCALE.s06c@example.test,+15555000395,HH-98,,,SYNTHETIC S06C-2000-SCALE
Syn396,Guest2000SCALE,,syn396.2000SCALE.s06c@example.test,+15555000396,HH-99,,,SYNTHETIC S06C-2000-SCALE
Syn397,Guest2000SCALE,,syn397.2000SCALE.s06c@example.test,+15555000397,HH-99,,,SYNTHETIC S06C-2000-SCALE
Syn398,Guest2000SCALE,,syn398.2000SCALE.s06c@example.test,+15555000398,HH-99,,,SYNTHETIC S06C-2000-SCALE
Syn399,Guest2000SCALE,,syn399.2000SCALE.s06c@example.test,+15555000399,HH-99,,,SYNTHETIC S06C-2000-SCALE
Syn400,Guest2000SCALE,,syn400.2000SCALE.s06c@example.test,+15555000400,HH-100,,,SYNTHETIC S06C-2000-SCALE
Syn401,Guest2000SCALE,,syn401.2000SCALE.s06c@example.test,+15555000401,HH-100,,,SYNTHETIC S06C-2000-SCALE
Syn402,Guest2000SCALE,,syn402.2000SCALE.s06c@example.test,+15555000402,HH-100,,,SYNTHETIC S06C-2000-SCALE
Syn403,Guest2000SCALE,,syn403.2000SCALE.s06c@example.test,+15555000403,HH-100,,,SYNTHETIC S06C-2000-SCALE
Syn404,Guest2000SCALE,,syn404.2000SCALE.s06c@example.test,+15555000404,HH-101,,,SYNTHETIC S06C-2000-SCALE
Syn405,Guest2000SCALE,,syn405.2000SCALE.s06c@example.test,+15555000405,HH-101,,,SYNTHETIC S06C-2000-SCALE
Syn406,Guest2000SCALE,,syn406.2000SCALE.s06c@example.test,+15555000406,HH-101,,,SYNTHETIC S06C-2000-SCALE
Syn407,Guest2000SCALE,,syn407.2000SCALE.s06c@example.test,+15555000407,HH-101,,,SYNTHETIC S06C-2000-SCALE
Syn408,Guest2000SCALE,,syn408.2000SCALE.s06c@example.test,+15555000408,HH-102,,,SYNTHETIC S06C-2000-SCALE
Syn409,Guest2000SCALE,,syn409.2000SCALE.s06c@example.test,+15555000409,HH-102,,,SYNTHETIC S06C-2000-SCALE
Syn410,Guest2000SCALE,,syn410.2000SCALE.s06c@example.test,+15555000410,HH-102,,,SYNTHETIC S06C-2000-SCALE
Syn411,Guest2000SCALE,,syn411.2000SCALE.s06c@example.test,+15555000411,HH-102,,,SYNTHETIC S06C-2000-SCALE
Syn412,Guest2000SCALE,,syn412.2000SCALE.s06c@example.test,+15555000412,HH-103,,,SYNTHETIC S06C-2000-SCALE
Syn413,Guest2000SCALE,,syn413.2000SCALE.s06c@example.test,+15555000413,HH-103,,,SYNTHETIC S06C-2000-SCALE
Syn414,Guest2000SCALE,,syn414.2000SCALE.s06c@example.test,+15555000414,HH-103,,,SYNTHETIC S06C-2000-SCALE
Syn415,Guest2000SCALE,,syn415.2000SCALE.s06c@example.test,+15555000415,HH-103,,,SYNTHETIC S06C-2000-SCALE
Syn416,Guest2000SCALE,,syn416.2000SCALE.s06c@example.test,+15555000416,HH-104,,,SYNTHETIC S06C-2000-SCALE
Syn417,Guest2000SCALE,,syn417.2000SCALE.s06c@example.test,+15555000417,HH-104,,,SYNTHETIC S06C-2000-SCALE
Syn418,Guest2000SCALE,,syn418.2000SCALE.s06c@example.test,+15555000418,HH-104,,,SYNTHETIC S06C-2000-SCALE
Syn419,Guest2000SCALE,,syn419.2000SCALE.s06c@example.test,+15555000419,HH-104,,,SYNTHETIC S06C-2000-SCALE
Syn420,Guest2000SCALE,,syn420.2000SCALE.s06c@example.test,+15555000420,HH-105,,,SYNTHETIC S06C-2000-SCALE
Syn421,Guest2000SCALE,,syn421.2000SCALE.s06c@example.test,+15555000421,HH-105,,,SYNTHETIC S06C-2000-SCALE
Syn422,Guest2000SCALE,,syn422.2000SCALE.s06c@example.test,+15555000422,HH-105,,,SYNTHETIC S06C-2000-SCALE
Syn423,Guest2000SCALE,,syn423.2000SCALE.s06c@example.test,+15555000423,HH-105,,,SYNTHETIC S06C-2000-SCALE
Syn424,Guest2000SCALE,,syn424.2000SCALE.s06c@example.test,+15555000424,HH-106,,,SYNTHETIC S06C-2000-SCALE
Syn425,Guest2000SCALE,,syn425.2000SCALE.s06c@example.test,+15555000425,HH-106,,,SYNTHETIC S06C-2000-SCALE
Syn426,Guest2000SCALE,,syn426.2000SCALE.s06c@example.test,+15555000426,HH-106,,,SYNTHETIC S06C-2000-SCALE
Syn427,Guest2000SCALE,,syn427.2000SCALE.s06c@example.test,+15555000427,HH-106,,,SYNTHETIC S06C-2000-SCALE
Syn428,Guest2000SCALE,,syn428.2000SCALE.s06c@example.test,+15555000428,HH-107,,,SYNTHETIC S06C-2000-SCALE
Syn429,Guest2000SCALE,,syn429.2000SCALE.s06c@example.test,+15555000429,HH-107,,,SYNTHETIC S06C-2000-SCALE
Syn430,Guest2000SCALE,,syn430.2000SCALE.s06c@example.test,+15555000430,HH-107,,,SYNTHETIC S06C-2000-SCALE
Syn431,Guest2000SCALE,,syn431.2000SCALE.s06c@example.test,+15555000431,HH-107,,,SYNTHETIC S06C-2000-SCALE
Syn432,Guest2000SCALE,,syn432.2000SCALE.s06c@example.test,+15555000432,HH-108,,,SYNTHETIC S06C-2000-SCALE
Syn433,Guest2000SCALE,,syn433.2000SCALE.s06c@example.test,+15555000433,HH-108,,,SYNTHETIC S06C-2000-SCALE
Syn434,Guest2000SCALE,,syn434.2000SCALE.s06c@example.test,+15555000434,HH-108,,,SYNTHETIC S06C-2000-SCALE
Syn435,Guest2000SCALE,,syn435.2000SCALE.s06c@example.test,+15555000435,HH-108,,,SYNTHETIC S06C-2000-SCALE
Syn436,Guest2000SCALE,,syn436.2000SCALE.s06c@example.test,+15555000436,HH-109,,,SYNTHETIC S06C-2000-SCALE
Syn437,Guest2000SCALE,,syn437.2000SCALE.s06c@example.test,+15555000437,HH-109,,,SYNTHETIC S06C-2000-SCALE
Syn438,Guest2000SCALE,,syn438.2000SCALE.s06c@example.test,+15555000438,HH-109,,,SYNTHETIC S06C-2000-SCALE
Syn439,Guest2000SCALE,,syn439.2000SCALE.s06c@example.test,+15555000439,HH-109,,,SYNTHETIC S06C-2000-SCALE
Syn440,Guest2000SCALE,,syn440.2000SCALE.s06c@example.test,+15555000440,HH-110,,,SYNTHETIC S06C-2000-SCALE
Syn441,Guest2000SCALE,,syn441.2000SCALE.s06c@example.test,+15555000441,HH-110,,,SYNTHETIC S06C-2000-SCALE
Syn442,Guest2000SCALE,,syn442.2000SCALE.s06c@example.test,+15555000442,HH-110,,,SYNTHETIC S06C-2000-SCALE
Syn443,Guest2000SCALE,,syn443.2000SCALE.s06c@example.test,+15555000443,HH-110,,,SYNTHETIC S06C-2000-SCALE
Syn444,Guest2000SCALE,,syn444.2000SCALE.s06c@example.test,+15555000444,HH-111,,,SYNTHETIC S06C-2000-SCALE
Syn445,Guest2000SCALE,,syn445.2000SCALE.s06c@example.test,+15555000445,HH-111,,,SYNTHETIC S06C-2000-SCALE
Syn446,Guest2000SCALE,,syn446.2000SCALE.s06c@example.test,+15555000446,HH-111,,,SYNTHETIC S06C-2000-SCALE
Syn447,Guest2000SCALE,,syn447.2000SCALE.s06c@example.test,+15555000447,HH-111,,,SYNTHETIC S06C-2000-SCALE
Syn448,Guest2000SCALE,,syn448.2000SCALE.s06c@example.test,+15555000448,HH-112,,,SYNTHETIC S06C-2000-SCALE
Syn449,Guest2000SCALE,,syn449.2000SCALE.s06c@example.test,+15555000449,HH-112,,,SYNTHETIC S06C-2000-SCALE
Syn450,Guest2000SCALE,,syn450.2000SCALE.s06c@example.test,+15555000450,HH-112,,,SYNTHETIC S06C-2000-SCALE
Syn451,Guest2000SCALE,,syn451.2000SCALE.s06c@example.test,+15555000451,HH-112,,,SYNTHETIC S06C-2000-SCALE
Syn452,Guest2000SCALE,,syn452.2000SCALE.s06c@example.test,+15555000452,HH-113,,,SYNTHETIC S06C-2000-SCALE
Syn453,Guest2000SCALE,,syn453.2000SCALE.s06c@example.test,+15555000453,HH-113,,,SYNTHETIC S06C-2000-SCALE
Syn454,Guest2000SCALE,,syn454.2000SCALE.s06c@example.test,+15555000454,HH-113,,,SYNTHETIC S06C-2000-SCALE
Syn455,Guest2000SCALE,,syn455.2000SCALE.s06c@example.test,+15555000455,HH-113,,,SYNTHETIC S06C-2000-SCALE
Syn456,Guest2000SCALE,,syn456.2000SCALE.s06c@example.test,+15555000456,HH-114,,,SYNTHETIC S06C-2000-SCALE
Syn457,Guest2000SCALE,,syn457.2000SCALE.s06c@example.test,+15555000457,HH-114,,,SYNTHETIC S06C-2000-SCALE
Syn458,Guest2000SCALE,,syn458.2000SCALE.s06c@example.test,+15555000458,HH-114,,,SYNTHETIC S06C-2000-SCALE
Syn459,Guest2000SCALE,,syn459.2000SCALE.s06c@example.test,+15555000459,HH-114,,,SYNTHETIC S06C-2000-SCALE
Syn460,Guest2000SCALE,,syn460.2000SCALE.s06c@example.test,+15555000460,HH-115,,,SYNTHETIC S06C-2000-SCALE
Syn461,Guest2000SCALE,,syn461.2000SCALE.s06c@example.test,+15555000461,HH-115,,,SYNTHETIC S06C-2000-SCALE
Syn462,Guest2000SCALE,,syn462.2000SCALE.s06c@example.test,+15555000462,HH-115,,,SYNTHETIC S06C-2000-SCALE
Syn463,Guest2000SCALE,,syn463.2000SCALE.s06c@example.test,+15555000463,HH-115,,,SYNTHETIC S06C-2000-SCALE
Syn464,Guest2000SCALE,,syn464.2000SCALE.s06c@example.test,+15555000464,HH-116,,,SYNTHETIC S06C-2000-SCALE
Syn465,Guest2000SCALE,,syn465.2000SCALE.s06c@example.test,+15555000465,HH-116,,,SYNTHETIC S06C-2000-SCALE
Syn466,Guest2000SCALE,,syn466.2000SCALE.s06c@example.test,+15555000466,HH-116,,,SYNTHETIC S06C-2000-SCALE
Syn467,Guest2000SCALE,,syn467.2000SCALE.s06c@example.test,+15555000467,HH-116,,,SYNTHETIC S06C-2000-SCALE
Syn468,Guest2000SCALE,,syn468.2000SCALE.s06c@example.test,+15555000468,HH-117,,,SYNTHETIC S06C-2000-SCALE
Syn469,Guest2000SCALE,,syn469.2000SCALE.s06c@example.test,+15555000469,HH-117,,,SYNTHETIC S06C-2000-SCALE
Syn470,Guest2000SCALE,,syn470.2000SCALE.s06c@example.test,+15555000470,HH-117,,,SYNTHETIC S06C-2000-SCALE
Syn471,Guest2000SCALE,,syn471.2000SCALE.s06c@example.test,+15555000471,HH-117,,,SYNTHETIC S06C-2000-SCALE
Syn472,Guest2000SCALE,,syn472.2000SCALE.s06c@example.test,+15555000472,HH-118,,,SYNTHETIC S06C-2000-SCALE
Syn473,Guest2000SCALE,,syn473.2000SCALE.s06c@example.test,+15555000473,HH-118,,,SYNTHETIC S06C-2000-SCALE
Syn474,Guest2000SCALE,,syn474.2000SCALE.s06c@example.test,+15555000474,HH-118,,,SYNTHETIC S06C-2000-SCALE
Syn475,Guest2000SCALE,,syn475.2000SCALE.s06c@example.test,+15555000475,HH-118,,,SYNTHETIC S06C-2000-SCALE
Syn476,Guest2000SCALE,,syn476.2000SCALE.s06c@example.test,+15555000476,HH-119,,,SYNTHETIC S06C-2000-SCALE
Syn477,Guest2000SCALE,,syn477.2000SCALE.s06c@example.test,+15555000477,HH-119,,,SYNTHETIC S06C-2000-SCALE
Syn478,Guest2000SCALE,,syn478.2000SCALE.s06c@example.test,+15555000478,HH-119,,,SYNTHETIC S06C-2000-SCALE
Syn479,Guest2000SCALE,,syn479.2000SCALE.s06c@example.test,+15555000479,HH-119,,,SYNTHETIC S06C-2000-SCALE
Syn480,Guest2000SCALE,,syn480.2000SCALE.s06c@example.test,+15555000480,HH-120,,,SYNTHETIC S06C-2000-SCALE
Syn481,Guest2000SCALE,,syn481.2000SCALE.s06c@example.test,+15555000481,HH-120,,,SYNTHETIC S06C-2000-SCALE
Syn482,Guest2000SCALE,,syn482.2000SCALE.s06c@example.test,+15555000482,HH-120,,,SYNTHETIC S06C-2000-SCALE
Syn483,Guest2000SCALE,,syn483.2000SCALE.s06c@example.test,+15555000483,HH-120,,,SYNTHETIC S06C-2000-SCALE
Syn484,Guest2000SCALE,,syn484.2000SCALE.s06c@example.test,+15555000484,HH-121,,,SYNTHETIC S06C-2000-SCALE
Syn485,Guest2000SCALE,,syn485.2000SCALE.s06c@example.test,+15555000485,HH-121,,,SYNTHETIC S06C-2000-SCALE
Syn486,Guest2000SCALE,,syn486.2000SCALE.s06c@example.test,+15555000486,HH-121,,,SYNTHETIC S06C-2000-SCALE
Syn487,Guest2000SCALE,,syn487.2000SCALE.s06c@example.test,+15555000487,HH-121,,,SYNTHETIC S06C-2000-SCALE
Syn488,Guest2000SCALE,,syn488.2000SCALE.s06c@example.test,+15555000488,HH-122,,,SYNTHETIC S06C-2000-SCALE
Syn489,Guest2000SCALE,,syn489.2000SCALE.s06c@example.test,+15555000489,HH-122,,,SYNTHETIC S06C-2000-SCALE
Syn490,Guest2000SCALE,,syn490.2000SCALE.s06c@example.test,+15555000490,HH-122,,,SYNTHETIC S06C-2000-SCALE
Syn491,Guest2000SCALE,,syn491.2000SCALE.s06c@example.test,+15555000491,HH-122,,,SYNTHETIC S06C-2000-SCALE
Syn492,Guest2000SCALE,,syn492.2000SCALE.s06c@example.test,+15555000492,HH-123,,,SYNTHETIC S06C-2000-SCALE
Syn493,Guest2000SCALE,,syn493.2000SCALE.s06c@example.test,+15555000493,HH-123,,,SYNTHETIC S06C-2000-SCALE
Syn494,Guest2000SCALE,,syn494.2000SCALE.s06c@example.test,+15555000494,HH-123,,,SYNTHETIC S06C-2000-SCALE
Syn495,Guest2000SCALE,,syn495.2000SCALE.s06c@example.test,+15555000495,HH-123,,,SYNTHETIC S06C-2000-SCALE
Syn496,Guest2000SCALE,,syn496.2000SCALE.s06c@example.test,+15555000496,HH-124,,,SYNTHETIC S06C-2000-SCALE
Syn497,Guest2000SCALE,,syn497.2000SCALE.s06c@example.test,+15555000497,HH-124,,,SYNTHETIC S06C-2000-SCALE
Syn498,Guest2000SCALE,,syn498.2000SCALE.s06c@example.test,+15555000498,HH-124,,,SYNTHETIC S06C-2000-SCALE
Syn499,Guest2000SCALE,,syn499.2000SCALE.s06c@example.test,+15555000499,HH-124,,,SYNTHETIC S06C-2000-SCALE
Syn500,Guest2000SCALE,,syn500.2000SCALE.s06c@example.test,+15555000500,HH-125,,,SYNTHETIC S06C-2000-SCALE
Syn501,Guest2000SCALE,,syn501.2000SCALE.s06c@example.test,+15555000501,HH-125,,,SYNTHETIC S06C-2000-SCALE
Syn502,Guest2000SCALE,,syn502.2000SCALE.s06c@example.test,+15555000502,HH-125,,,SYNTHETIC S06C-2000-SCALE
Syn503,Guest2000SCALE,,syn503.2000SCALE.s06c@example.test,+15555000503,HH-125,,,SYNTHETIC S06C-2000-SCALE
Syn504,Guest2000SCALE,,syn504.2000SCALE.s06c@example.test,+15555000504,HH-126,,,SYNTHETIC S06C-2000-SCALE
Syn505,Guest2000SCALE,,syn505.2000SCALE.s06c@example.test,+15555000505,HH-126,,,SYNTHETIC S06C-2000-SCALE
Syn506,Guest2000SCALE,,syn506.2000SCALE.s06c@example.test,+15555000506,HH-126,,,SYNTHETIC S06C-2000-SCALE
Syn507,Guest2000SCALE,,syn507.2000SCALE.s06c@example.test,+15555000507,HH-126,,,SYNTHETIC S06C-2000-SCALE
Syn508,Guest2000SCALE,,syn508.2000SCALE.s06c@example.test,+15555000508,HH-127,,,SYNTHETIC S06C-2000-SCALE
Syn509,Guest2000SCALE,,syn509.2000SCALE.s06c@example.test,+15555000509,HH-127,,,SYNTHETIC S06C-2000-SCALE
Syn510,Guest2000SCALE,,syn510.2000SCALE.s06c@example.test,+15555000510,HH-127,,,SYNTHETIC S06C-2000-SCALE
Syn511,Guest2000SCALE,,syn511.2000SCALE.s06c@example.test,+15555000511,HH-127,,,SYNTHETIC S06C-2000-SCALE
Syn512,Guest2000SCALE,,syn512.2000SCALE.s06c@example.test,+15555000512,HH-128,,,SYNTHETIC S06C-2000-SCALE
Syn513,Guest2000SCALE,,syn513.2000SCALE.s06c@example.test,+15555000513,HH-128,,,SYNTHETIC S06C-2000-SCALE
Syn514,Guest2000SCALE,,syn514.2000SCALE.s06c@example.test,+15555000514,HH-128,,,SYNTHETIC S06C-2000-SCALE
Syn515,Guest2000SCALE,,syn515.2000SCALE.s06c@example.test,+15555000515,HH-128,,,SYNTHETIC S06C-2000-SCALE
Syn516,Guest2000SCALE,,syn516.2000SCALE.s06c@example.test,+15555000516,HH-129,,,SYNTHETIC S06C-2000-SCALE
Syn517,Guest2000SCALE,,syn517.2000SCALE.s06c@example.test,+15555000517,HH-129,,,SYNTHETIC S06C-2000-SCALE
Syn518,Guest2000SCALE,,syn518.2000SCALE.s06c@example.test,+15555000518,HH-129,,,SYNTHETIC S06C-2000-SCALE
Syn519,Guest2000SCALE,,syn519.2000SCALE.s06c@example.test,+15555000519,HH-129,,,SYNTHETIC S06C-2000-SCALE
Syn520,Guest2000SCALE,,syn520.2000SCALE.s06c@example.test,+15555000520,HH-130,,,SYNTHETIC S06C-2000-SCALE
Syn521,Guest2000SCALE,,syn521.2000SCALE.s06c@example.test,+15555000521,HH-130,,,SYNTHETIC S06C-2000-SCALE
Syn522,Guest2000SCALE,,syn522.2000SCALE.s06c@example.test,+15555000522,HH-130,,,SYNTHETIC S06C-2000-SCALE
Syn523,Guest2000SCALE,,syn523.2000SCALE.s06c@example.test,+15555000523,HH-130,,,SYNTHETIC S06C-2000-SCALE
Syn524,Guest2000SCALE,,syn524.2000SCALE.s06c@example.test,+15555000524,HH-131,,,SYNTHETIC S06C-2000-SCALE
Syn525,Guest2000SCALE,,syn525.2000SCALE.s06c@example.test,+15555000525,HH-131,,,SYNTHETIC S06C-2000-SCALE
Syn526,Guest2000SCALE,,syn526.2000SCALE.s06c@example.test,+15555000526,HH-131,,,SYNTHETIC S06C-2000-SCALE
Syn527,Guest2000SCALE,,syn527.2000SCALE.s06c@example.test,+15555000527,HH-131,,,SYNTHETIC S06C-2000-SCALE
Syn528,Guest2000SCALE,,syn528.2000SCALE.s06c@example.test,+15555000528,HH-132,,,SYNTHETIC S06C-2000-SCALE
Syn529,Guest2000SCALE,,syn529.2000SCALE.s06c@example.test,+15555000529,HH-132,,,SYNTHETIC S06C-2000-SCALE
Syn530,Guest2000SCALE,,syn530.2000SCALE.s06c@example.test,+15555000530,HH-132,,,SYNTHETIC S06C-2000-SCALE
Syn531,Guest2000SCALE,,syn531.2000SCALE.s06c@example.test,+15555000531,HH-132,,,SYNTHETIC S06C-2000-SCALE
Syn532,Guest2000SCALE,,syn532.2000SCALE.s06c@example.test,+15555000532,HH-133,,,SYNTHETIC S06C-2000-SCALE
Syn533,Guest2000SCALE,,syn533.2000SCALE.s06c@example.test,+15555000533,HH-133,,,SYNTHETIC S06C-2000-SCALE
Syn534,Guest2000SCALE,,syn534.2000SCALE.s06c@example.test,+15555000534,HH-133,,,SYNTHETIC S06C-2000-SCALE
Syn535,Guest2000SCALE,,syn535.2000SCALE.s06c@example.test,+15555000535,HH-133,,,SYNTHETIC S06C-2000-SCALE
Syn536,Guest2000SCALE,,syn536.2000SCALE.s06c@example.test,+15555000536,HH-134,,,SYNTHETIC S06C-2000-SCALE
Syn537,Guest2000SCALE,,syn537.2000SCALE.s06c@example.test,+15555000537,HH-134,,,SYNTHETIC S06C-2000-SCALE
Syn538,Guest2000SCALE,,syn538.2000SCALE.s06c@example.test,+15555000538,HH-134,,,SYNTHETIC S06C-2000-SCALE
Syn539,Guest2000SCALE,,syn539.2000SCALE.s06c@example.test,+15555000539,HH-134,,,SYNTHETIC S06C-2000-SCALE
Syn540,Guest2000SCALE,,syn540.2000SCALE.s06c@example.test,+15555000540,HH-135,,,SYNTHETIC S06C-2000-SCALE
Syn541,Guest2000SCALE,,syn541.2000SCALE.s06c@example.test,+15555000541,HH-135,,,SYNTHETIC S06C-2000-SCALE
Syn542,Guest2000SCALE,,syn542.2000SCALE.s06c@example.test,+15555000542,HH-135,,,SYNTHETIC S06C-2000-SCALE
Syn543,Guest2000SCALE,,syn543.2000SCALE.s06c@example.test,+15555000543,HH-135,,,SYNTHETIC S06C-2000-SCALE
Syn544,Guest2000SCALE,,syn544.2000SCALE.s06c@example.test,+15555000544,HH-136,,,SYNTHETIC S06C-2000-SCALE
Syn545,Guest2000SCALE,,syn545.2000SCALE.s06c@example.test,+15555000545,HH-136,,,SYNTHETIC S06C-2000-SCALE
Syn546,Guest2000SCALE,,syn546.2000SCALE.s06c@example.test,+15555000546,HH-136,,,SYNTHETIC S06C-2000-SCALE
Syn547,Guest2000SCALE,,syn547.2000SCALE.s06c@example.test,+15555000547,HH-136,,,SYNTHETIC S06C-2000-SCALE
Syn548,Guest2000SCALE,,syn548.2000SCALE.s06c@example.test,+15555000548,HH-137,,,SYNTHETIC S06C-2000-SCALE
Syn549,Guest2000SCALE,,syn549.2000SCALE.s06c@example.test,+15555000549,HH-137,,,SYNTHETIC S06C-2000-SCALE
Syn550,Guest2000SCALE,,syn550.2000SCALE.s06c@example.test,+15555000550,HH-137,,,SYNTHETIC S06C-2000-SCALE
Syn551,Guest2000SCALE,,syn551.2000SCALE.s06c@example.test,+15555000551,HH-137,,,SYNTHETIC S06C-2000-SCALE
Syn552,Guest2000SCALE,,syn552.2000SCALE.s06c@example.test,+15555000552,HH-138,,,SYNTHETIC S06C-2000-SCALE
Syn553,Guest2000SCALE,,syn553.2000SCALE.s06c@example.test,+15555000553,HH-138,,,SYNTHETIC S06C-2000-SCALE
Syn554,Guest2000SCALE,,syn554.2000SCALE.s06c@example.test,+15555000554,HH-138,,,SYNTHETIC S06C-2000-SCALE
Syn555,Guest2000SCALE,,syn555.2000SCALE.s06c@example.test,+15555000555,HH-138,,,SYNTHETIC S06C-2000-SCALE
Syn556,Guest2000SCALE,,syn556.2000SCALE.s06c@example.test,+15555000556,HH-139,,,SYNTHETIC S06C-2000-SCALE
Syn557,Guest2000SCALE,,syn557.2000SCALE.s06c@example.test,+15555000557,HH-139,,,SYNTHETIC S06C-2000-SCALE
Syn558,Guest2000SCALE,,syn558.2000SCALE.s06c@example.test,+15555000558,HH-139,,,SYNTHETIC S06C-2000-SCALE
Syn559,Guest2000SCALE,,syn559.2000SCALE.s06c@example.test,+15555000559,HH-139,,,SYNTHETIC S06C-2000-SCALE
Syn560,Guest2000SCALE,,syn560.2000SCALE.s06c@example.test,+15555000560,HH-140,,,SYNTHETIC S06C-2000-SCALE
Syn561,Guest2000SCALE,,syn561.2000SCALE.s06c@example.test,+15555000561,HH-140,,,SYNTHETIC S06C-2000-SCALE
Syn562,Guest2000SCALE,,syn562.2000SCALE.s06c@example.test,+15555000562,HH-140,,,SYNTHETIC S06C-2000-SCALE
Syn563,Guest2000SCALE,,syn563.2000SCALE.s06c@example.test,+15555000563,HH-140,,,SYNTHETIC S06C-2000-SCALE
Syn564,Guest2000SCALE,,syn564.2000SCALE.s06c@example.test,+15555000564,HH-141,,,SYNTHETIC S06C-2000-SCALE
Syn565,Guest2000SCALE,,syn565.2000SCALE.s06c@example.test,+15555000565,HH-141,,,SYNTHETIC S06C-2000-SCALE
Syn566,Guest2000SCALE,,syn566.2000SCALE.s06c@example.test,+15555000566,HH-141,,,SYNTHETIC S06C-2000-SCALE
Syn567,Guest2000SCALE,,syn567.2000SCALE.s06c@example.test,+15555000567,HH-141,,,SYNTHETIC S06C-2000-SCALE
Syn568,Guest2000SCALE,,syn568.2000SCALE.s06c@example.test,+15555000568,HH-142,,,SYNTHETIC S06C-2000-SCALE
Syn569,Guest2000SCALE,,syn569.2000SCALE.s06c@example.test,+15555000569,HH-142,,,SYNTHETIC S06C-2000-SCALE
Syn570,Guest2000SCALE,,syn570.2000SCALE.s06c@example.test,+15555000570,HH-142,,,SYNTHETIC S06C-2000-SCALE
Syn571,Guest2000SCALE,,syn571.2000SCALE.s06c@example.test,+15555000571,HH-142,,,SYNTHETIC S06C-2000-SCALE
Syn572,Guest2000SCALE,,syn572.2000SCALE.s06c@example.test,+15555000572,HH-143,,,SYNTHETIC S06C-2000-SCALE
Syn573,Guest2000SCALE,,syn573.2000SCALE.s06c@example.test,+15555000573,HH-143,,,SYNTHETIC S06C-2000-SCALE
Syn574,Guest2000SCALE,,syn574.2000SCALE.s06c@example.test,+15555000574,HH-143,,,SYNTHETIC S06C-2000-SCALE
Syn575,Guest2000SCALE,,syn575.2000SCALE.s06c@example.test,+15555000575,HH-143,,,SYNTHETIC S06C-2000-SCALE
Syn576,Guest2000SCALE,,syn576.2000SCALE.s06c@example.test,+15555000576,HH-144,,,SYNTHETIC S06C-2000-SCALE
Syn577,Guest2000SCALE,,syn577.2000SCALE.s06c@example.test,+15555000577,HH-144,,,SYNTHETIC S06C-2000-SCALE
Syn578,Guest2000SCALE,,syn578.2000SCALE.s06c@example.test,+15555000578,HH-144,,,SYNTHETIC S06C-2000-SCALE
Syn579,Guest2000SCALE,,syn579.2000SCALE.s06c@example.test,+15555000579,HH-144,,,SYNTHETIC S06C-2000-SCALE
Syn580,Guest2000SCALE,,syn580.2000SCALE.s06c@example.test,+15555000580,HH-145,,,SYNTHETIC S06C-2000-SCALE
Syn581,Guest2000SCALE,,syn581.2000SCALE.s06c@example.test,+15555000581,HH-145,,,SYNTHETIC S06C-2000-SCALE
Syn582,Guest2000SCALE,,syn582.2000SCALE.s06c@example.test,+15555000582,HH-145,,,SYNTHETIC S06C-2000-SCALE
Syn583,Guest2000SCALE,,syn583.2000SCALE.s06c@example.test,+15555000583,HH-145,,,SYNTHETIC S06C-2000-SCALE
Syn584,Guest2000SCALE,,syn584.2000SCALE.s06c@example.test,+15555000584,HH-146,,,SYNTHETIC S06C-2000-SCALE
Syn585,Guest2000SCALE,,syn585.2000SCALE.s06c@example.test,+15555000585,HH-146,,,SYNTHETIC S06C-2000-SCALE
Syn586,Guest2000SCALE,,syn586.2000SCALE.s06c@example.test,+15555000586,HH-146,,,SYNTHETIC S06C-2000-SCALE
Syn587,Guest2000SCALE,,syn587.2000SCALE.s06c@example.test,+15555000587,HH-146,,,SYNTHETIC S06C-2000-SCALE
Syn588,Guest2000SCALE,,syn588.2000SCALE.s06c@example.test,+15555000588,HH-147,,,SYNTHETIC S06C-2000-SCALE
Syn589,Guest2000SCALE,,syn589.2000SCALE.s06c@example.test,+15555000589,HH-147,,,SYNTHETIC S06C-2000-SCALE
Syn590,Guest2000SCALE,,syn590.2000SCALE.s06c@example.test,+15555000590,HH-147,,,SYNTHETIC S06C-2000-SCALE
Syn591,Guest2000SCALE,,syn591.2000SCALE.s06c@example.test,+15555000591,HH-147,,,SYNTHETIC S06C-2000-SCALE
Syn592,Guest2000SCALE,,syn592.2000SCALE.s06c@example.test,+15555000592,HH-148,,,SYNTHETIC S06C-2000-SCALE
Syn593,Guest2000SCALE,,syn593.2000SCALE.s06c@example.test,+15555000593,HH-148,,,SYNTHETIC S06C-2000-SCALE
Syn594,Guest2000SCALE,,syn594.2000SCALE.s06c@example.test,+15555000594,HH-148,,,SYNTHETIC S06C-2000-SCALE
Syn595,Guest2000SCALE,,syn595.2000SCALE.s06c@example.test,+15555000595,HH-148,,,SYNTHETIC S06C-2000-SCALE
Syn596,Guest2000SCALE,,syn596.2000SCALE.s06c@example.test,+15555000596,HH-149,,,SYNTHETIC S06C-2000-SCALE
Syn597,Guest2000SCALE,,syn597.2000SCALE.s06c@example.test,+15555000597,HH-149,,,SYNTHETIC S06C-2000-SCALE
Syn598,Guest2000SCALE,,syn598.2000SCALE.s06c@example.test,+15555000598,HH-149,,,SYNTHETIC S06C-2000-SCALE
Syn599,Guest2000SCALE,,syn599.2000SCALE.s06c@example.test,+15555000599,HH-149,,,SYNTHETIC S06C-2000-SCALE
Syn600,Guest2000SCALE,,syn600.2000SCALE.s06c@example.test,+15555000600,HH-150,,,SYNTHETIC S06C-2000-SCALE
Syn601,Guest2000SCALE,,syn601.2000SCALE.s06c@example.test,+15555000601,HH-150,,,SYNTHETIC S06C-2000-SCALE
Syn602,Guest2000SCALE,,syn602.2000SCALE.s06c@example.test,+15555000602,HH-150,,,SYNTHETIC S06C-2000-SCALE
Syn603,Guest2000SCALE,,syn603.2000SCALE.s06c@example.test,+15555000603,HH-150,,,SYNTHETIC S06C-2000-SCALE
Syn604,Guest2000SCALE,,syn604.2000SCALE.s06c@example.test,+15555000604,HH-151,,,SYNTHETIC S06C-2000-SCALE
Syn605,Guest2000SCALE,,syn605.2000SCALE.s06c@example.test,+15555000605,HH-151,,,SYNTHETIC S06C-2000-SCALE
Syn606,Guest2000SCALE,,syn606.2000SCALE.s06c@example.test,+15555000606,HH-151,,,SYNTHETIC S06C-2000-SCALE
Syn607,Guest2000SCALE,,syn607.2000SCALE.s06c@example.test,+15555000607,HH-151,,,SYNTHETIC S06C-2000-SCALE
Syn608,Guest2000SCALE,,syn608.2000SCALE.s06c@example.test,+15555000608,HH-152,,,SYNTHETIC S06C-2000-SCALE
Syn609,Guest2000SCALE,,syn609.2000SCALE.s06c@example.test,+15555000609,HH-152,,,SYNTHETIC S06C-2000-SCALE
Syn610,Guest2000SCALE,,syn610.2000SCALE.s06c@example.test,+15555000610,HH-152,,,SYNTHETIC S06C-2000-SCALE
Syn611,Guest2000SCALE,,syn611.2000SCALE.s06c@example.test,+15555000611,HH-152,,,SYNTHETIC S06C-2000-SCALE
Syn612,Guest2000SCALE,,syn612.2000SCALE.s06c@example.test,+15555000612,HH-153,,,SYNTHETIC S06C-2000-SCALE
Syn613,Guest2000SCALE,,syn613.2000SCALE.s06c@example.test,+15555000613,HH-153,,,SYNTHETIC S06C-2000-SCALE
Syn614,Guest2000SCALE,,syn614.2000SCALE.s06c@example.test,+15555000614,HH-153,,,SYNTHETIC S06C-2000-SCALE
Syn615,Guest2000SCALE,,syn615.2000SCALE.s06c@example.test,+15555000615,HH-153,,,SYNTHETIC S06C-2000-SCALE
Syn616,Guest2000SCALE,,syn616.2000SCALE.s06c@example.test,+15555000616,HH-154,,,SYNTHETIC S06C-2000-SCALE
Syn617,Guest2000SCALE,,syn617.2000SCALE.s06c@example.test,+15555000617,HH-154,,,SYNTHETIC S06C-2000-SCALE
Syn618,Guest2000SCALE,,syn618.2000SCALE.s06c@example.test,+15555000618,HH-154,,,SYNTHETIC S06C-2000-SCALE
Syn619,Guest2000SCALE,,syn619.2000SCALE.s06c@example.test,+15555000619,HH-154,,,SYNTHETIC S06C-2000-SCALE
Syn620,Guest2000SCALE,,syn620.2000SCALE.s06c@example.test,+15555000620,HH-155,,,SYNTHETIC S06C-2000-SCALE
Syn621,Guest2000SCALE,,syn621.2000SCALE.s06c@example.test,+15555000621,HH-155,,,SYNTHETIC S06C-2000-SCALE
Syn622,Guest2000SCALE,,syn622.2000SCALE.s06c@example.test,+15555000622,HH-155,,,SYNTHETIC S06C-2000-SCALE
Syn623,Guest2000SCALE,,syn623.2000SCALE.s06c@example.test,+15555000623,HH-155,,,SYNTHETIC S06C-2000-SCALE
Syn624,Guest2000SCALE,,syn624.2000SCALE.s06c@example.test,+15555000624,HH-156,,,SYNTHETIC S06C-2000-SCALE
Syn625,Guest2000SCALE,,syn625.2000SCALE.s06c@example.test,+15555000625,HH-156,,,SYNTHETIC S06C-2000-SCALE
Syn626,Guest2000SCALE,,syn626.2000SCALE.s06c@example.test,+15555000626,HH-156,,,SYNTHETIC S06C-2000-SCALE
Syn627,Guest2000SCALE,,syn627.2000SCALE.s06c@example.test,+15555000627,HH-156,,,SYNTHETIC S06C-2000-SCALE
Syn628,Guest2000SCALE,,syn628.2000SCALE.s06c@example.test,+15555000628,HH-157,,,SYNTHETIC S06C-2000-SCALE
Syn629,Guest2000SCALE,,syn629.2000SCALE.s06c@example.test,+15555000629,HH-157,,,SYNTHETIC S06C-2000-SCALE
Syn630,Guest2000SCALE,,syn630.2000SCALE.s06c@example.test,+15555000630,HH-157,,,SYNTHETIC S06C-2000-SCALE
Syn631,Guest2000SCALE,,syn631.2000SCALE.s06c@example.test,+15555000631,HH-157,,,SYNTHETIC S06C-2000-SCALE
Syn632,Guest2000SCALE,,syn632.2000SCALE.s06c@example.test,+15555000632,HH-158,,,SYNTHETIC S06C-2000-SCALE
Syn633,Guest2000SCALE,,syn633.2000SCALE.s06c@example.test,+15555000633,HH-158,,,SYNTHETIC S06C-2000-SCALE
Syn634,Guest2000SCALE,,syn634.2000SCALE.s06c@example.test,+15555000634,HH-158,,,SYNTHETIC S06C-2000-SCALE
Syn635,Guest2000SCALE,,syn635.2000SCALE.s06c@example.test,+15555000635,HH-158,,,SYNTHETIC S06C-2000-SCALE
Syn636,Guest2000SCALE,,syn636.2000SCALE.s06c@example.test,+15555000636,HH-159,,,SYNTHETIC S06C-2000-SCALE
Syn637,Guest2000SCALE,,syn637.2000SCALE.s06c@example.test,+15555000637,HH-159,,,SYNTHETIC S06C-2000-SCALE
Syn638,Guest2000SCALE,,syn638.2000SCALE.s06c@example.test,+15555000638,HH-159,,,SYNTHETIC S06C-2000-SCALE
Syn639,Guest2000SCALE,,syn639.2000SCALE.s06c@example.test,+15555000639,HH-159,,,SYNTHETIC S06C-2000-SCALE
Syn640,Guest2000SCALE,,syn640.2000SCALE.s06c@example.test,+15555000640,HH-160,,,SYNTHETIC S06C-2000-SCALE
Syn641,Guest2000SCALE,,syn641.2000SCALE.s06c@example.test,+15555000641,HH-160,,,SYNTHETIC S06C-2000-SCALE
Syn642,Guest2000SCALE,,syn642.2000SCALE.s06c@example.test,+15555000642,HH-160,,,SYNTHETIC S06C-2000-SCALE
Syn643,Guest2000SCALE,,syn643.2000SCALE.s06c@example.test,+15555000643,HH-160,,,SYNTHETIC S06C-2000-SCALE
Syn644,Guest2000SCALE,,syn644.2000SCALE.s06c@example.test,+15555000644,HH-161,,,SYNTHETIC S06C-2000-SCALE
Syn645,Guest2000SCALE,,syn645.2000SCALE.s06c@example.test,+15555000645,HH-161,,,SYNTHETIC S06C-2000-SCALE
Syn646,Guest2000SCALE,,syn646.2000SCALE.s06c@example.test,+15555000646,HH-161,,,SYNTHETIC S06C-2000-SCALE
Syn647,Guest2000SCALE,,syn647.2000SCALE.s06c@example.test,+15555000647,HH-161,,,SYNTHETIC S06C-2000-SCALE
Syn648,Guest2000SCALE,,syn648.2000SCALE.s06c@example.test,+15555000648,HH-162,,,SYNTHETIC S06C-2000-SCALE
Syn649,Guest2000SCALE,,syn649.2000SCALE.s06c@example.test,+15555000649,HH-162,,,SYNTHETIC S06C-2000-SCALE
Syn650,Guest2000SCALE,,syn650.2000SCALE.s06c@example.test,+15555000650,HH-162,,,SYNTHETIC S06C-2000-SCALE
Syn651,Guest2000SCALE,,syn651.2000SCALE.s06c@example.test,+15555000651,HH-162,,,SYNTHETIC S06C-2000-SCALE
Syn652,Guest2000SCALE,,syn652.2000SCALE.s06c@example.test,+15555000652,HH-163,,,SYNTHETIC S06C-2000-SCALE
Syn653,Guest2000SCALE,,syn653.2000SCALE.s06c@example.test,+15555000653,HH-163,,,SYNTHETIC S06C-2000-SCALE
Syn654,Guest2000SCALE,,syn654.2000SCALE.s06c@example.test,+15555000654,HH-163,,,SYNTHETIC S06C-2000-SCALE
Syn655,Guest2000SCALE,,syn655.2000SCALE.s06c@example.test,+15555000655,HH-163,,,SYNTHETIC S06C-2000-SCALE
Syn656,Guest2000SCALE,,syn656.2000SCALE.s06c@example.test,+15555000656,HH-164,,,SYNTHETIC S06C-2000-SCALE
Syn657,Guest2000SCALE,,syn657.2000SCALE.s06c@example.test,+15555000657,HH-164,,,SYNTHETIC S06C-2000-SCALE
Syn658,Guest2000SCALE,,syn658.2000SCALE.s06c@example.test,+15555000658,HH-164,,,SYNTHETIC S06C-2000-SCALE
Syn659,Guest2000SCALE,,syn659.2000SCALE.s06c@example.test,+15555000659,HH-164,,,SYNTHETIC S06C-2000-SCALE
Syn660,Guest2000SCALE,,syn660.2000SCALE.s06c@example.test,+15555000660,HH-165,,,SYNTHETIC S06C-2000-SCALE
Syn661,Guest2000SCALE,,syn661.2000SCALE.s06c@example.test,+15555000661,HH-165,,,SYNTHETIC S06C-2000-SCALE
Syn662,Guest2000SCALE,,syn662.2000SCALE.s06c@example.test,+15555000662,HH-165,,,SYNTHETIC S06C-2000-SCALE
Syn663,Guest2000SCALE,,syn663.2000SCALE.s06c@example.test,+15555000663,HH-165,,,SYNTHETIC S06C-2000-SCALE
Syn664,Guest2000SCALE,,syn664.2000SCALE.s06c@example.test,+15555000664,HH-166,,,SYNTHETIC S06C-2000-SCALE
Syn665,Guest2000SCALE,,syn665.2000SCALE.s06c@example.test,+15555000665,HH-166,,,SYNTHETIC S06C-2000-SCALE
Syn666,Guest2000SCALE,,syn666.2000SCALE.s06c@example.test,+15555000666,HH-166,,,SYNTHETIC S06C-2000-SCALE
Syn667,Guest2000SCALE,,syn667.2000SCALE.s06c@example.test,+15555000667,HH-166,,,SYNTHETIC S06C-2000-SCALE
Syn668,Guest2000SCALE,,syn668.2000SCALE.s06c@example.test,+15555000668,HH-167,,,SYNTHETIC S06C-2000-SCALE
Syn669,Guest2000SCALE,,syn669.2000SCALE.s06c@example.test,+15555000669,HH-167,,,SYNTHETIC S06C-2000-SCALE
Syn670,Guest2000SCALE,,syn670.2000SCALE.s06c@example.test,+15555000670,HH-167,,,SYNTHETIC S06C-2000-SCALE
Syn671,Guest2000SCALE,,syn671.2000SCALE.s06c@example.test,+15555000671,HH-167,,,SYNTHETIC S06C-2000-SCALE
Syn672,Guest2000SCALE,,syn672.2000SCALE.s06c@example.test,+15555000672,HH-168,,,SYNTHETIC S06C-2000-SCALE
Syn673,Guest2000SCALE,,syn673.2000SCALE.s06c@example.test,+15555000673,HH-168,,,SYNTHETIC S06C-2000-SCALE
Syn674,Guest2000SCALE,,syn674.2000SCALE.s06c@example.test,+15555000674,HH-168,,,SYNTHETIC S06C-2000-SCALE
Syn675,Guest2000SCALE,,syn675.2000SCALE.s06c@example.test,+15555000675,HH-168,,,SYNTHETIC S06C-2000-SCALE
Syn676,Guest2000SCALE,,syn676.2000SCALE.s06c@example.test,+15555000676,HH-169,,,SYNTHETIC S06C-2000-SCALE
Syn677,Guest2000SCALE,,syn677.2000SCALE.s06c@example.test,+15555000677,HH-169,,,SYNTHETIC S06C-2000-SCALE
Syn678,Guest2000SCALE,,syn678.2000SCALE.s06c@example.test,+15555000678,HH-169,,,SYNTHETIC S06C-2000-SCALE
Syn679,Guest2000SCALE,,syn679.2000SCALE.s06c@example.test,+15555000679,HH-169,,,SYNTHETIC S06C-2000-SCALE
Syn680,Guest2000SCALE,,syn680.2000SCALE.s06c@example.test,+15555000680,HH-170,,,SYNTHETIC S06C-2000-SCALE
Syn681,Guest2000SCALE,,syn681.2000SCALE.s06c@example.test,+15555000681,HH-170,,,SYNTHETIC S06C-2000-SCALE
Syn682,Guest2000SCALE,,syn682.2000SCALE.s06c@example.test,+15555000682,HH-170,,,SYNTHETIC S06C-2000-SCALE
Syn683,Guest2000SCALE,,syn683.2000SCALE.s06c@example.test,+15555000683,HH-170,,,SYNTHETIC S06C-2000-SCALE
Syn684,Guest2000SCALE,,syn684.2000SCALE.s06c@example.test,+15555000684,HH-171,,,SYNTHETIC S06C-2000-SCALE
Syn685,Guest2000SCALE,,syn685.2000SCALE.s06c@example.test,+15555000685,HH-171,,,SYNTHETIC S06C-2000-SCALE
Syn686,Guest2000SCALE,,syn686.2000SCALE.s06c@example.test,+15555000686,HH-171,,,SYNTHETIC S06C-2000-SCALE
Syn687,Guest2000SCALE,,syn687.2000SCALE.s06c@example.test,+15555000687,HH-171,,,SYNTHETIC S06C-2000-SCALE
Syn688,Guest2000SCALE,,syn688.2000SCALE.s06c@example.test,+15555000688,HH-172,,,SYNTHETIC S06C-2000-SCALE
Syn689,Guest2000SCALE,,syn689.2000SCALE.s06c@example.test,+15555000689,HH-172,,,SYNTHETIC S06C-2000-SCALE
Syn690,Guest2000SCALE,,syn690.2000SCALE.s06c@example.test,+15555000690,HH-172,,,SYNTHETIC S06C-2000-SCALE
Syn691,Guest2000SCALE,,syn691.2000SCALE.s06c@example.test,+15555000691,HH-172,,,SYNTHETIC S06C-2000-SCALE
Syn692,Guest2000SCALE,,syn692.2000SCALE.s06c@example.test,+15555000692,HH-173,,,SYNTHETIC S06C-2000-SCALE
Syn693,Guest2000SCALE,,syn693.2000SCALE.s06c@example.test,+15555000693,HH-173,,,SYNTHETIC S06C-2000-SCALE
Syn694,Guest2000SCALE,,syn694.2000SCALE.s06c@example.test,+15555000694,HH-173,,,SYNTHETIC S06C-2000-SCALE
Syn695,Guest2000SCALE,,syn695.2000SCALE.s06c@example.test,+15555000695,HH-173,,,SYNTHETIC S06C-2000-SCALE
Syn696,Guest2000SCALE,,syn696.2000SCALE.s06c@example.test,+15555000696,HH-174,,,SYNTHETIC S06C-2000-SCALE
Syn697,Guest2000SCALE,,syn697.2000SCALE.s06c@example.test,+15555000697,HH-174,,,SYNTHETIC S06C-2000-SCALE
Syn698,Guest2000SCALE,,syn698.2000SCALE.s06c@example.test,+15555000698,HH-174,,,SYNTHETIC S06C-2000-SCALE
Syn699,Guest2000SCALE,,syn699.2000SCALE.s06c@example.test,+15555000699,HH-174,,,SYNTHETIC S06C-2000-SCALE
Syn700,Guest2000SCALE,,syn700.2000SCALE.s06c@example.test,+15555000700,HH-175,,,SYNTHETIC S06C-2000-SCALE
Syn701,Guest2000SCALE,,syn701.2000SCALE.s06c@example.test,+15555000701,HH-175,,,SYNTHETIC S06C-2000-SCALE
Syn702,Guest2000SCALE,,syn702.2000SCALE.s06c@example.test,+15555000702,HH-175,,,SYNTHETIC S06C-2000-SCALE
Syn703,Guest2000SCALE,,syn703.2000SCALE.s06c@example.test,+15555000703,HH-175,,,SYNTHETIC S06C-2000-SCALE
Syn704,Guest2000SCALE,,syn704.2000SCALE.s06c@example.test,+15555000704,HH-176,,,SYNTHETIC S06C-2000-SCALE
Syn705,Guest2000SCALE,,syn705.2000SCALE.s06c@example.test,+15555000705,HH-176,,,SYNTHETIC S06C-2000-SCALE
Syn706,Guest2000SCALE,,syn706.2000SCALE.s06c@example.test,+15555000706,HH-176,,,SYNTHETIC S06C-2000-SCALE
Syn707,Guest2000SCALE,,syn707.2000SCALE.s06c@example.test,+15555000707,HH-176,,,SYNTHETIC S06C-2000-SCALE
Syn708,Guest2000SCALE,,syn708.2000SCALE.s06c@example.test,+15555000708,HH-177,,,SYNTHETIC S06C-2000-SCALE
Syn709,Guest2000SCALE,,syn709.2000SCALE.s06c@example.test,+15555000709,HH-177,,,SYNTHETIC S06C-2000-SCALE
Syn710,Guest2000SCALE,,syn710.2000SCALE.s06c@example.test,+15555000710,HH-177,,,SYNTHETIC S06C-2000-SCALE
Syn711,Guest2000SCALE,,syn711.2000SCALE.s06c@example.test,+15555000711,HH-177,,,SYNTHETIC S06C-2000-SCALE
Syn712,Guest2000SCALE,,syn712.2000SCALE.s06c@example.test,+15555000712,HH-178,,,SYNTHETIC S06C-2000-SCALE
Syn713,Guest2000SCALE,,syn713.2000SCALE.s06c@example.test,+15555000713,HH-178,,,SYNTHETIC S06C-2000-SCALE
Syn714,Guest2000SCALE,,syn714.2000SCALE.s06c@example.test,+15555000714,HH-178,,,SYNTHETIC S06C-2000-SCALE
Syn715,Guest2000SCALE,,syn715.2000SCALE.s06c@example.test,+15555000715,HH-178,,,SYNTHETIC S06C-2000-SCALE
Syn716,Guest2000SCALE,,syn716.2000SCALE.s06c@example.test,+15555000716,HH-179,,,SYNTHETIC S06C-2000-SCALE
Syn717,Guest2000SCALE,,syn717.2000SCALE.s06c@example.test,+15555000717,HH-179,,,SYNTHETIC S06C-2000-SCALE
Syn718,Guest2000SCALE,,syn718.2000SCALE.s06c@example.test,+15555000718,HH-179,,,SYNTHETIC S06C-2000-SCALE
Syn719,Guest2000SCALE,,syn719.2000SCALE.s06c@example.test,+15555000719,HH-179,,,SYNTHETIC S06C-2000-SCALE
Syn720,Guest2000SCALE,,syn720.2000SCALE.s06c@example.test,+15555000720,HH-180,,,SYNTHETIC S06C-2000-SCALE
Syn721,Guest2000SCALE,,syn721.2000SCALE.s06c@example.test,+15555000721,HH-180,,,SYNTHETIC S06C-2000-SCALE
Syn722,Guest2000SCALE,,syn722.2000SCALE.s06c@example.test,+15555000722,HH-180,,,SYNTHETIC S06C-2000-SCALE
Syn723,Guest2000SCALE,,syn723.2000SCALE.s06c@example.test,+15555000723,HH-180,,,SYNTHETIC S06C-2000-SCALE
Syn724,Guest2000SCALE,,syn724.2000SCALE.s06c@example.test,+15555000724,HH-181,,,SYNTHETIC S06C-2000-SCALE
Syn725,Guest2000SCALE,,syn725.2000SCALE.s06c@example.test,+15555000725,HH-181,,,SYNTHETIC S06C-2000-SCALE
Syn726,Guest2000SCALE,,syn726.2000SCALE.s06c@example.test,+15555000726,HH-181,,,SYNTHETIC S06C-2000-SCALE
Syn727,Guest2000SCALE,,syn727.2000SCALE.s06c@example.test,+15555000727,HH-181,,,SYNTHETIC S06C-2000-SCALE
Syn728,Guest2000SCALE,,syn728.2000SCALE.s06c@example.test,+15555000728,HH-182,,,SYNTHETIC S06C-2000-SCALE
Syn729,Guest2000SCALE,,syn729.2000SCALE.s06c@example.test,+15555000729,HH-182,,,SYNTHETIC S06C-2000-SCALE
Syn730,Guest2000SCALE,,syn730.2000SCALE.s06c@example.test,+15555000730,HH-182,,,SYNTHETIC S06C-2000-SCALE
Syn731,Guest2000SCALE,,syn731.2000SCALE.s06c@example.test,+15555000731,HH-182,,,SYNTHETIC S06C-2000-SCALE
Syn732,Guest2000SCALE,,syn732.2000SCALE.s06c@example.test,+15555000732,HH-183,,,SYNTHETIC S06C-2000-SCALE
Syn733,Guest2000SCALE,,syn733.2000SCALE.s06c@example.test,+15555000733,HH-183,,,SYNTHETIC S06C-2000-SCALE
Syn734,Guest2000SCALE,,syn734.2000SCALE.s06c@example.test,+15555000734,HH-183,,,SYNTHETIC S06C-2000-SCALE
Syn735,Guest2000SCALE,,syn735.2000SCALE.s06c@example.test,+15555000735,HH-183,,,SYNTHETIC S06C-2000-SCALE
Syn736,Guest2000SCALE,,syn736.2000SCALE.s06c@example.test,+15555000736,HH-184,,,SYNTHETIC S06C-2000-SCALE
Syn737,Guest2000SCALE,,syn737.2000SCALE.s06c@example.test,+15555000737,HH-184,,,SYNTHETIC S06C-2000-SCALE
Syn738,Guest2000SCALE,,syn738.2000SCALE.s06c@example.test,+15555000738,HH-184,,,SYNTHETIC S06C-2000-SCALE
Syn739,Guest2000SCALE,,syn739.2000SCALE.s06c@example.test,+15555000739,HH-184,,,SYNTHETIC S06C-2000-SCALE
Syn740,Guest2000SCALE,,syn740.2000SCALE.s06c@example.test,+15555000740,HH-185,,,SYNTHETIC S06C-2000-SCALE
Syn741,Guest2000SCALE,,syn741.2000SCALE.s06c@example.test,+15555000741,HH-185,,,SYNTHETIC S06C-2000-SCALE
Syn742,Guest2000SCALE,,syn742.2000SCALE.s06c@example.test,+15555000742,HH-185,,,SYNTHETIC S06C-2000-SCALE
Syn743,Guest2000SCALE,,syn743.2000SCALE.s06c@example.test,+15555000743,HH-185,,,SYNTHETIC S06C-2000-SCALE
Syn744,Guest2000SCALE,,syn744.2000SCALE.s06c@example.test,+15555000744,HH-186,,,SYNTHETIC S06C-2000-SCALE
Syn745,Guest2000SCALE,,syn745.2000SCALE.s06c@example.test,+15555000745,HH-186,,,SYNTHETIC S06C-2000-SCALE
Syn746,Guest2000SCALE,,syn746.2000SCALE.s06c@example.test,+15555000746,HH-186,,,SYNTHETIC S06C-2000-SCALE
Syn747,Guest2000SCALE,,syn747.2000SCALE.s06c@example.test,+15555000747,HH-186,,,SYNTHETIC S06C-2000-SCALE
Syn748,Guest2000SCALE,,syn748.2000SCALE.s06c@example.test,+15555000748,HH-187,,,SYNTHETIC S06C-2000-SCALE
Syn749,Guest2000SCALE,,syn749.2000SCALE.s06c@example.test,+15555000749,HH-187,,,SYNTHETIC S06C-2000-SCALE
Syn750,Guest2000SCALE,,syn750.2000SCALE.s06c@example.test,+15555000750,HH-187,,,SYNTHETIC S06C-2000-SCALE
Syn751,Guest2000SCALE,,syn751.2000SCALE.s06c@example.test,+15555000751,HH-187,,,SYNTHETIC S06C-2000-SCALE
Syn752,Guest2000SCALE,,syn752.2000SCALE.s06c@example.test,+15555000752,HH-188,,,SYNTHETIC S06C-2000-SCALE
Syn753,Guest2000SCALE,,syn753.2000SCALE.s06c@example.test,+15555000753,HH-188,,,SYNTHETIC S06C-2000-SCALE
Syn754,Guest2000SCALE,,syn754.2000SCALE.s06c@example.test,+15555000754,HH-188,,,SYNTHETIC S06C-2000-SCALE
Syn755,Guest2000SCALE,,syn755.2000SCALE.s06c@example.test,+15555000755,HH-188,,,SYNTHETIC S06C-2000-SCALE
Syn756,Guest2000SCALE,,syn756.2000SCALE.s06c@example.test,+15555000756,HH-189,,,SYNTHETIC S06C-2000-SCALE
Syn757,Guest2000SCALE,,syn757.2000SCALE.s06c@example.test,+15555000757,HH-189,,,SYNTHETIC S06C-2000-SCALE
Syn758,Guest2000SCALE,,syn758.2000SCALE.s06c@example.test,+15555000758,HH-189,,,SYNTHETIC S06C-2000-SCALE
Syn759,Guest2000SCALE,,syn759.2000SCALE.s06c@example.test,+15555000759,HH-189,,,SYNTHETIC S06C-2000-SCALE
Syn760,Guest2000SCALE,,syn760.2000SCALE.s06c@example.test,+15555000760,HH-190,,,SYNTHETIC S06C-2000-SCALE
Syn761,Guest2000SCALE,,syn761.2000SCALE.s06c@example.test,+15555000761,HH-190,,,SYNTHETIC S06C-2000-SCALE
Syn762,Guest2000SCALE,,syn762.2000SCALE.s06c@example.test,+15555000762,HH-190,,,SYNTHETIC S06C-2000-SCALE
Syn763,Guest2000SCALE,,syn763.2000SCALE.s06c@example.test,+15555000763,HH-190,,,SYNTHETIC S06C-2000-SCALE
Syn764,Guest2000SCALE,,syn764.2000SCALE.s06c@example.test,+15555000764,HH-191,,,SYNTHETIC S06C-2000-SCALE
Syn765,Guest2000SCALE,,syn765.2000SCALE.s06c@example.test,+15555000765,HH-191,,,SYNTHETIC S06C-2000-SCALE
Syn766,Guest2000SCALE,,syn766.2000SCALE.s06c@example.test,+15555000766,HH-191,,,SYNTHETIC S06C-2000-SCALE
Syn767,Guest2000SCALE,,syn767.2000SCALE.s06c@example.test,+15555000767,HH-191,,,SYNTHETIC S06C-2000-SCALE
Syn768,Guest2000SCALE,,syn768.2000SCALE.s06c@example.test,+15555000768,HH-192,,,SYNTHETIC S06C-2000-SCALE
Syn769,Guest2000SCALE,,syn769.2000SCALE.s06c@example.test,+15555000769,HH-192,,,SYNTHETIC S06C-2000-SCALE
Syn770,Guest2000SCALE,,syn770.2000SCALE.s06c@example.test,+15555000770,HH-192,,,SYNTHETIC S06C-2000-SCALE
Syn771,Guest2000SCALE,,syn771.2000SCALE.s06c@example.test,+15555000771,HH-192,,,SYNTHETIC S06C-2000-SCALE
Syn772,Guest2000SCALE,,syn772.2000SCALE.s06c@example.test,+15555000772,HH-193,,,SYNTHETIC S06C-2000-SCALE
Syn773,Guest2000SCALE,,syn773.2000SCALE.s06c@example.test,+15555000773,HH-193,,,SYNTHETIC S06C-2000-SCALE
Syn774,Guest2000SCALE,,syn774.2000SCALE.s06c@example.test,+15555000774,HH-193,,,SYNTHETIC S06C-2000-SCALE
Syn775,Guest2000SCALE,,syn775.2000SCALE.s06c@example.test,+15555000775,HH-193,,,SYNTHETIC S06C-2000-SCALE
Syn776,Guest2000SCALE,,syn776.2000SCALE.s06c@example.test,+15555000776,HH-194,,,SYNTHETIC S06C-2000-SCALE
Syn777,Guest2000SCALE,,syn777.2000SCALE.s06c@example.test,+15555000777,HH-194,,,SYNTHETIC S06C-2000-SCALE
Syn778,Guest2000SCALE,,syn778.2000SCALE.s06c@example.test,+15555000778,HH-194,,,SYNTHETIC S06C-2000-SCALE
Syn779,Guest2000SCALE,,syn779.2000SCALE.s06c@example.test,+15555000779,HH-194,,,SYNTHETIC S06C-2000-SCALE
Syn780,Guest2000SCALE,,syn780.2000SCALE.s06c@example.test,+15555000780,HH-195,,,SYNTHETIC S06C-2000-SCALE
Syn781,Guest2000SCALE,,syn781.2000SCALE.s06c@example.test,+15555000781,HH-195,,,SYNTHETIC S06C-2000-SCALE
Syn782,Guest2000SCALE,,syn782.2000SCALE.s06c@example.test,+15555000782,HH-195,,,SYNTHETIC S06C-2000-SCALE
Syn783,Guest2000SCALE,,syn783.2000SCALE.s06c@example.test,+15555000783,HH-195,,,SYNTHETIC S06C-2000-SCALE
Syn784,Guest2000SCALE,,syn784.2000SCALE.s06c@example.test,+15555000784,HH-196,,,SYNTHETIC S06C-2000-SCALE
Syn785,Guest2000SCALE,,syn785.2000SCALE.s06c@example.test,+15555000785,HH-196,,,SYNTHETIC S06C-2000-SCALE
Syn786,Guest2000SCALE,,syn786.2000SCALE.s06c@example.test,+15555000786,HH-196,,,SYNTHETIC S06C-2000-SCALE
Syn787,Guest2000SCALE,,syn787.2000SCALE.s06c@example.test,+15555000787,HH-196,,,SYNTHETIC S06C-2000-SCALE
Syn788,Guest2000SCALE,,syn788.2000SCALE.s06c@example.test,+15555000788,HH-197,,,SYNTHETIC S06C-2000-SCALE
Syn789,Guest2000SCALE,,syn789.2000SCALE.s06c@example.test,+15555000789,HH-197,,,SYNTHETIC S06C-2000-SCALE
Syn790,Guest2000SCALE,,syn790.2000SCALE.s06c@example.test,+15555000790,HH-197,,,SYNTHETIC S06C-2000-SCALE
Syn791,Guest2000SCALE,,syn791.2000SCALE.s06c@example.test,+15555000791,HH-197,,,SYNTHETIC S06C-2000-SCALE
Syn792,Guest2000SCALE,,syn792.2000SCALE.s06c@example.test,+15555000792,HH-198,,,SYNTHETIC S06C-2000-SCALE
Syn793,Guest2000SCALE,,syn793.2000SCALE.s06c@example.test,+15555000793,HH-198,,,SYNTHETIC S06C-2000-SCALE
Syn794,Guest2000SCALE,,syn794.2000SCALE.s06c@example.test,+15555000794,HH-198,,,SYNTHETIC S06C-2000-SCALE
Syn795,Guest2000SCALE,,syn795.2000SCALE.s06c@example.test,+15555000795,HH-198,,,SYNTHETIC S06C-2000-SCALE
Syn796,Guest2000SCALE,,syn796.2000SCALE.s06c@example.test,+15555000796,HH-199,,,SYNTHETIC S06C-2000-SCALE
Syn797,Guest2000SCALE,,syn797.2000SCALE.s06c@example.test,+15555000797,HH-199,,,SYNTHETIC S06C-2000-SCALE
Syn798,Guest2000SCALE,,syn798.2000SCALE.s06c@example.test,+15555000798,HH-199,,,SYNTHETIC S06C-2000-SCALE
Syn799,Guest2000SCALE,,syn799.2000SCALE.s06c@example.test,+15555000799,HH-199,,,SYNTHETIC S06C-2000-SCALE
Syn800,Guest2000SCALE,,syn800.2000SCALE.s06c@example.test,+15555000800,HH-200,,,SYNTHETIC S06C-2000-SCALE
Syn801,Guest2000SCALE,,syn801.2000SCALE.s06c@example.test,+15555000801,HH-200,,,SYNTHETIC S06C-2000-SCALE
Syn802,Guest2000SCALE,,syn802.2000SCALE.s06c@example.test,+15555000802,HH-200,,,SYNTHETIC S06C-2000-SCALE
Syn803,Guest2000SCALE,,syn803.2000SCALE.s06c@example.test,+15555000803,HH-200,,,SYNTHETIC S06C-2000-SCALE
Syn804,Guest2000SCALE,,syn804.2000SCALE.s06c@example.test,+15555000804,HH-201,,,SYNTHETIC S06C-2000-SCALE
Syn805,Guest2000SCALE,,syn805.2000SCALE.s06c@example.test,+15555000805,HH-201,,,SYNTHETIC S06C-2000-SCALE
Syn806,Guest2000SCALE,,syn806.2000SCALE.s06c@example.test,+15555000806,HH-201,,,SYNTHETIC S06C-2000-SCALE
Syn807,Guest2000SCALE,,syn807.2000SCALE.s06c@example.test,+15555000807,HH-201,,,SYNTHETIC S06C-2000-SCALE
Syn808,Guest2000SCALE,,syn808.2000SCALE.s06c@example.test,+15555000808,HH-202,,,SYNTHETIC S06C-2000-SCALE
Syn809,Guest2000SCALE,,syn809.2000SCALE.s06c@example.test,+15555000809,HH-202,,,SYNTHETIC S06C-2000-SCALE
Syn810,Guest2000SCALE,,syn810.2000SCALE.s06c@example.test,+15555000810,HH-202,,,SYNTHETIC S06C-2000-SCALE
Syn811,Guest2000SCALE,,syn811.2000SCALE.s06c@example.test,+15555000811,HH-202,,,SYNTHETIC S06C-2000-SCALE
Syn812,Guest2000SCALE,,syn812.2000SCALE.s06c@example.test,+15555000812,HH-203,,,SYNTHETIC S06C-2000-SCALE
Syn813,Guest2000SCALE,,syn813.2000SCALE.s06c@example.test,+15555000813,HH-203,,,SYNTHETIC S06C-2000-SCALE
Syn814,Guest2000SCALE,,syn814.2000SCALE.s06c@example.test,+15555000814,HH-203,,,SYNTHETIC S06C-2000-SCALE
Syn815,Guest2000SCALE,,syn815.2000SCALE.s06c@example.test,+15555000815,HH-203,,,SYNTHETIC S06C-2000-SCALE
Syn816,Guest2000SCALE,,syn816.2000SCALE.s06c@example.test,+15555000816,HH-204,,,SYNTHETIC S06C-2000-SCALE
Syn817,Guest2000SCALE,,syn817.2000SCALE.s06c@example.test,+15555000817,HH-204,,,SYNTHETIC S06C-2000-SCALE
Syn818,Guest2000SCALE,,syn818.2000SCALE.s06c@example.test,+15555000818,HH-204,,,SYNTHETIC S06C-2000-SCALE
Syn819,Guest2000SCALE,,syn819.2000SCALE.s06c@example.test,+15555000819,HH-204,,,SYNTHETIC S06C-2000-SCALE
Syn820,Guest2000SCALE,,syn820.2000SCALE.s06c@example.test,+15555000820,HH-205,,,SYNTHETIC S06C-2000-SCALE
Syn821,Guest2000SCALE,,syn821.2000SCALE.s06c@example.test,+15555000821,HH-205,,,SYNTHETIC S06C-2000-SCALE
Syn822,Guest2000SCALE,,syn822.2000SCALE.s06c@example.test,+15555000822,HH-205,,,SYNTHETIC S06C-2000-SCALE
Syn823,Guest2000SCALE,,syn823.2000SCALE.s06c@example.test,+15555000823,HH-205,,,SYNTHETIC S06C-2000-SCALE
Syn824,Guest2000SCALE,,syn824.2000SCALE.s06c@example.test,+15555000824,HH-206,,,SYNTHETIC S06C-2000-SCALE
Syn825,Guest2000SCALE,,syn825.2000SCALE.s06c@example.test,+15555000825,HH-206,,,SYNTHETIC S06C-2000-SCALE
Syn826,Guest2000SCALE,,syn826.2000SCALE.s06c@example.test,+15555000826,HH-206,,,SYNTHETIC S06C-2000-SCALE
Syn827,Guest2000SCALE,,syn827.2000SCALE.s06c@example.test,+15555000827,HH-206,,,SYNTHETIC S06C-2000-SCALE
Syn828,Guest2000SCALE,,syn828.2000SCALE.s06c@example.test,+15555000828,HH-207,,,SYNTHETIC S06C-2000-SCALE
Syn829,Guest2000SCALE,,syn829.2000SCALE.s06c@example.test,+15555000829,HH-207,,,SYNTHETIC S06C-2000-SCALE
Syn830,Guest2000SCALE,,syn830.2000SCALE.s06c@example.test,+15555000830,HH-207,,,SYNTHETIC S06C-2000-SCALE
Syn831,Guest2000SCALE,,syn831.2000SCALE.s06c@example.test,+15555000831,HH-207,,,SYNTHETIC S06C-2000-SCALE
Syn832,Guest2000SCALE,,syn832.2000SCALE.s06c@example.test,+15555000832,HH-208,,,SYNTHETIC S06C-2000-SCALE
Syn833,Guest2000SCALE,,syn833.2000SCALE.s06c@example.test,+15555000833,HH-208,,,SYNTHETIC S06C-2000-SCALE
Syn834,Guest2000SCALE,,syn834.2000SCALE.s06c@example.test,+15555000834,HH-208,,,SYNTHETIC S06C-2000-SCALE
Syn835,Guest2000SCALE,,syn835.2000SCALE.s06c@example.test,+15555000835,HH-208,,,SYNTHETIC S06C-2000-SCALE
Syn836,Guest2000SCALE,,syn836.2000SCALE.s06c@example.test,+15555000836,HH-209,,,SYNTHETIC S06C-2000-SCALE
Syn837,Guest2000SCALE,,syn837.2000SCALE.s06c@example.test,+15555000837,HH-209,,,SYNTHETIC S06C-2000-SCALE
Syn838,Guest2000SCALE,,syn838.2000SCALE.s06c@example.test,+15555000838,HH-209,,,SYNTHETIC S06C-2000-SCALE
Syn839,Guest2000SCALE,,syn839.2000SCALE.s06c@example.test,+15555000839,HH-209,,,SYNTHETIC S06C-2000-SCALE
Syn840,Guest2000SCALE,,syn840.2000SCALE.s06c@example.test,+15555000840,HH-210,,,SYNTHETIC S06C-2000-SCALE
Syn841,Guest2000SCALE,,syn841.2000SCALE.s06c@example.test,+15555000841,HH-210,,,SYNTHETIC S06C-2000-SCALE
Syn842,Guest2000SCALE,,syn842.2000SCALE.s06c@example.test,+15555000842,HH-210,,,SYNTHETIC S06C-2000-SCALE
Syn843,Guest2000SCALE,,syn843.2000SCALE.s06c@example.test,+15555000843,HH-210,,,SYNTHETIC S06C-2000-SCALE
Syn844,Guest2000SCALE,,syn844.2000SCALE.s06c@example.test,+15555000844,HH-211,,,SYNTHETIC S06C-2000-SCALE
Syn845,Guest2000SCALE,,syn845.2000SCALE.s06c@example.test,+15555000845,HH-211,,,SYNTHETIC S06C-2000-SCALE
Syn846,Guest2000SCALE,,syn846.2000SCALE.s06c@example.test,+15555000846,HH-211,,,SYNTHETIC S06C-2000-SCALE
Syn847,Guest2000SCALE,,syn847.2000SCALE.s06c@example.test,+15555000847,HH-211,,,SYNTHETIC S06C-2000-SCALE
Syn848,Guest2000SCALE,,syn848.2000SCALE.s06c@example.test,+15555000848,HH-212,,,SYNTHETIC S06C-2000-SCALE
Syn849,Guest2000SCALE,,syn849.2000SCALE.s06c@example.test,+15555000849,HH-212,,,SYNTHETIC S06C-2000-SCALE
Syn850,Guest2000SCALE,,syn850.2000SCALE.s06c@example.test,+15555000850,HH-212,,,SYNTHETIC S06C-2000-SCALE
Syn851,Guest2000SCALE,,syn851.2000SCALE.s06c@example.test,+15555000851,HH-212,,,SYNTHETIC S06C-2000-SCALE
Syn852,Guest2000SCALE,,syn852.2000SCALE.s06c@example.test,+15555000852,HH-213,,,SYNTHETIC S06C-2000-SCALE
Syn853,Guest2000SCALE,,syn853.2000SCALE.s06c@example.test,+15555000853,HH-213,,,SYNTHETIC S06C-2000-SCALE
Syn854,Guest2000SCALE,,syn854.2000SCALE.s06c@example.test,+15555000854,HH-213,,,SYNTHETIC S06C-2000-SCALE
Syn855,Guest2000SCALE,,syn855.2000SCALE.s06c@example.test,+15555000855,HH-213,,,SYNTHETIC S06C-2000-SCALE
Syn856,Guest2000SCALE,,syn856.2000SCALE.s06c@example.test,+15555000856,HH-214,,,SYNTHETIC S06C-2000-SCALE
Syn857,Guest2000SCALE,,syn857.2000SCALE.s06c@example.test,+15555000857,HH-214,,,SYNTHETIC S06C-2000-SCALE
Syn858,Guest2000SCALE,,syn858.2000SCALE.s06c@example.test,+15555000858,HH-214,,,SYNTHETIC S06C-2000-SCALE
Syn859,Guest2000SCALE,,syn859.2000SCALE.s06c@example.test,+15555000859,HH-214,,,SYNTHETIC S06C-2000-SCALE
Syn860,Guest2000SCALE,,syn860.2000SCALE.s06c@example.test,+15555000860,HH-215,,,SYNTHETIC S06C-2000-SCALE
Syn861,Guest2000SCALE,,syn861.2000SCALE.s06c@example.test,+15555000861,HH-215,,,SYNTHETIC S06C-2000-SCALE
Syn862,Guest2000SCALE,,syn862.2000SCALE.s06c@example.test,+15555000862,HH-215,,,SYNTHETIC S06C-2000-SCALE
Syn863,Guest2000SCALE,,syn863.2000SCALE.s06c@example.test,+15555000863,HH-215,,,SYNTHETIC S06C-2000-SCALE
Syn864,Guest2000SCALE,,syn864.2000SCALE.s06c@example.test,+15555000864,HH-216,,,SYNTHETIC S06C-2000-SCALE
Syn865,Guest2000SCALE,,syn865.2000SCALE.s06c@example.test,+15555000865,HH-216,,,SYNTHETIC S06C-2000-SCALE
Syn866,Guest2000SCALE,,syn866.2000SCALE.s06c@example.test,+15555000866,HH-216,,,SYNTHETIC S06C-2000-SCALE
Syn867,Guest2000SCALE,,syn867.2000SCALE.s06c@example.test,+15555000867,HH-216,,,SYNTHETIC S06C-2000-SCALE
Syn868,Guest2000SCALE,,syn868.2000SCALE.s06c@example.test,+15555000868,HH-217,,,SYNTHETIC S06C-2000-SCALE
Syn869,Guest2000SCALE,,syn869.2000SCALE.s06c@example.test,+15555000869,HH-217,,,SYNTHETIC S06C-2000-SCALE
Syn870,Guest2000SCALE,,syn870.2000SCALE.s06c@example.test,+15555000870,HH-217,,,SYNTHETIC S06C-2000-SCALE
Syn871,Guest2000SCALE,,syn871.2000SCALE.s06c@example.test,+15555000871,HH-217,,,SYNTHETIC S06C-2000-SCALE
Syn872,Guest2000SCALE,,syn872.2000SCALE.s06c@example.test,+15555000872,HH-218,,,SYNTHETIC S06C-2000-SCALE
Syn873,Guest2000SCALE,,syn873.2000SCALE.s06c@example.test,+15555000873,HH-218,,,SYNTHETIC S06C-2000-SCALE
Syn874,Guest2000SCALE,,syn874.2000SCALE.s06c@example.test,+15555000874,HH-218,,,SYNTHETIC S06C-2000-SCALE
Syn875,Guest2000SCALE,,syn875.2000SCALE.s06c@example.test,+15555000875,HH-218,,,SYNTHETIC S06C-2000-SCALE
Syn876,Guest2000SCALE,,syn876.2000SCALE.s06c@example.test,+15555000876,HH-219,,,SYNTHETIC S06C-2000-SCALE
Syn877,Guest2000SCALE,,syn877.2000SCALE.s06c@example.test,+15555000877,HH-219,,,SYNTHETIC S06C-2000-SCALE
Syn878,Guest2000SCALE,,syn878.2000SCALE.s06c@example.test,+15555000878,HH-219,,,SYNTHETIC S06C-2000-SCALE
Syn879,Guest2000SCALE,,syn879.2000SCALE.s06c@example.test,+15555000879,HH-219,,,SYNTHETIC S06C-2000-SCALE
Syn880,Guest2000SCALE,,syn880.2000SCALE.s06c@example.test,+15555000880,HH-220,,,SYNTHETIC S06C-2000-SCALE
Syn881,Guest2000SCALE,,syn881.2000SCALE.s06c@example.test,+15555000881,HH-220,,,SYNTHETIC S06C-2000-SCALE
Syn882,Guest2000SCALE,,syn882.2000SCALE.s06c@example.test,+15555000882,HH-220,,,SYNTHETIC S06C-2000-SCALE
Syn883,Guest2000SCALE,,syn883.2000SCALE.s06c@example.test,+15555000883,HH-220,,,SYNTHETIC S06C-2000-SCALE
Syn884,Guest2000SCALE,,syn884.2000SCALE.s06c@example.test,+15555000884,HH-221,,,SYNTHETIC S06C-2000-SCALE
Syn885,Guest2000SCALE,,syn885.2000SCALE.s06c@example.test,+15555000885,HH-221,,,SYNTHETIC S06C-2000-SCALE
Syn886,Guest2000SCALE,,syn886.2000SCALE.s06c@example.test,+15555000886,HH-221,,,SYNTHETIC S06C-2000-SCALE
Syn887,Guest2000SCALE,,syn887.2000SCALE.s06c@example.test,+15555000887,HH-221,,,SYNTHETIC S06C-2000-SCALE
Syn888,Guest2000SCALE,,syn888.2000SCALE.s06c@example.test,+15555000888,HH-222,,,SYNTHETIC S06C-2000-SCALE
Syn889,Guest2000SCALE,,syn889.2000SCALE.s06c@example.test,+15555000889,HH-222,,,SYNTHETIC S06C-2000-SCALE
Syn890,Guest2000SCALE,,syn890.2000SCALE.s06c@example.test,+15555000890,HH-222,,,SYNTHETIC S06C-2000-SCALE
Syn891,Guest2000SCALE,,syn891.2000SCALE.s06c@example.test,+15555000891,HH-222,,,SYNTHETIC S06C-2000-SCALE
Syn892,Guest2000SCALE,,syn892.2000SCALE.s06c@example.test,+15555000892,HH-223,,,SYNTHETIC S06C-2000-SCALE
Syn893,Guest2000SCALE,,syn893.2000SCALE.s06c@example.test,+15555000893,HH-223,,,SYNTHETIC S06C-2000-SCALE
Syn894,Guest2000SCALE,,syn894.2000SCALE.s06c@example.test,+15555000894,HH-223,,,SYNTHETIC S06C-2000-SCALE
Syn895,Guest2000SCALE,,syn895.2000SCALE.s06c@example.test,+15555000895,HH-223,,,SYNTHETIC S06C-2000-SCALE
Syn896,Guest2000SCALE,,syn896.2000SCALE.s06c@example.test,+15555000896,HH-224,,,SYNTHETIC S06C-2000-SCALE
Syn897,Guest2000SCALE,,syn897.2000SCALE.s06c@example.test,+15555000897,HH-224,,,SYNTHETIC S06C-2000-SCALE
Syn898,Guest2000SCALE,,syn898.2000SCALE.s06c@example.test,+15555000898,HH-224,,,SYNTHETIC S06C-2000-SCALE
Syn899,Guest2000SCALE,,syn899.2000SCALE.s06c@example.test,+15555000899,HH-224,,,SYNTHETIC S06C-2000-SCALE
Syn900,Guest2000SCALE,,syn900.2000SCALE.s06c@example.test,+15555000900,HH-225,,,SYNTHETIC S06C-2000-SCALE
Syn901,Guest2000SCALE,,syn901.2000SCALE.s06c@example.test,+15555000901,HH-225,,,SYNTHETIC S06C-2000-SCALE
Syn902,Guest2000SCALE,,syn902.2000SCALE.s06c@example.test,+15555000902,HH-225,,,SYNTHETIC S06C-2000-SCALE
Syn903,Guest2000SCALE,,syn903.2000SCALE.s06c@example.test,+15555000903,HH-225,,,SYNTHETIC S06C-2000-SCALE
Syn904,Guest2000SCALE,,syn904.2000SCALE.s06c@example.test,+15555000904,HH-226,,,SYNTHETIC S06C-2000-SCALE
Syn905,Guest2000SCALE,,syn905.2000SCALE.s06c@example.test,+15555000905,HH-226,,,SYNTHETIC S06C-2000-SCALE
Syn906,Guest2000SCALE,,syn906.2000SCALE.s06c@example.test,+15555000906,HH-226,,,SYNTHETIC S06C-2000-SCALE
Syn907,Guest2000SCALE,,syn907.2000SCALE.s06c@example.test,+15555000907,HH-226,,,SYNTHETIC S06C-2000-SCALE
Syn908,Guest2000SCALE,,syn908.2000SCALE.s06c@example.test,+15555000908,HH-227,,,SYNTHETIC S06C-2000-SCALE
Syn909,Guest2000SCALE,,syn909.2000SCALE.s06c@example.test,+15555000909,HH-227,,,SYNTHETIC S06C-2000-SCALE
Syn910,Guest2000SCALE,,syn910.2000SCALE.s06c@example.test,+15555000910,HH-227,,,SYNTHETIC S06C-2000-SCALE
Syn911,Guest2000SCALE,,syn911.2000SCALE.s06c@example.test,+15555000911,HH-227,,,SYNTHETIC S06C-2000-SCALE
Syn912,Guest2000SCALE,,syn912.2000SCALE.s06c@example.test,+15555000912,HH-228,,,SYNTHETIC S06C-2000-SCALE
Syn913,Guest2000SCALE,,syn913.2000SCALE.s06c@example.test,+15555000913,HH-228,,,SYNTHETIC S06C-2000-SCALE
Syn914,Guest2000SCALE,,syn914.2000SCALE.s06c@example.test,+15555000914,HH-228,,,SYNTHETIC S06C-2000-SCALE
Syn915,Guest2000SCALE,,syn915.2000SCALE.s06c@example.test,+15555000915,HH-228,,,SYNTHETIC S06C-2000-SCALE
Syn916,Guest2000SCALE,,syn916.2000SCALE.s06c@example.test,+15555000916,HH-229,,,SYNTHETIC S06C-2000-SCALE
Syn917,Guest2000SCALE,,syn917.2000SCALE.s06c@example.test,+15555000917,HH-229,,,SYNTHETIC S06C-2000-SCALE
Syn918,Guest2000SCALE,,syn918.2000SCALE.s06c@example.test,+15555000918,HH-229,,,SYNTHETIC S06C-2000-SCALE
Syn919,Guest2000SCALE,,syn919.2000SCALE.s06c@example.test,+15555000919,HH-229,,,SYNTHETIC S06C-2000-SCALE
Syn920,Guest2000SCALE,,syn920.2000SCALE.s06c@example.test,+15555000920,HH-230,,,SYNTHETIC S06C-2000-SCALE
Syn921,Guest2000SCALE,,syn921.2000SCALE.s06c@example.test,+15555000921,HH-230,,,SYNTHETIC S06C-2000-SCALE
Syn922,Guest2000SCALE,,syn922.2000SCALE.s06c@example.test,+15555000922,HH-230,,,SYNTHETIC S06C-2000-SCALE
Syn923,Guest2000SCALE,,syn923.2000SCALE.s06c@example.test,+15555000923,HH-230,,,SYNTHETIC S06C-2000-SCALE
Syn924,Guest2000SCALE,,syn924.2000SCALE.s06c@example.test,+15555000924,HH-231,,,SYNTHETIC S06C-2000-SCALE
Syn925,Guest2000SCALE,,syn925.2000SCALE.s06c@example.test,+15555000925,HH-231,,,SYNTHETIC S06C-2000-SCALE
Syn926,Guest2000SCALE,,syn926.2000SCALE.s06c@example.test,+15555000926,HH-231,,,SYNTHETIC S06C-2000-SCALE
Syn927,Guest2000SCALE,,syn927.2000SCALE.s06c@example.test,+15555000927,HH-231,,,SYNTHETIC S06C-2000-SCALE
Syn928,Guest2000SCALE,,syn928.2000SCALE.s06c@example.test,+15555000928,HH-232,,,SYNTHETIC S06C-2000-SCALE
Syn929,Guest2000SCALE,,syn929.2000SCALE.s06c@example.test,+15555000929,HH-232,,,SYNTHETIC S06C-2000-SCALE
Syn930,Guest2000SCALE,,syn930.2000SCALE.s06c@example.test,+15555000930,HH-232,,,SYNTHETIC S06C-2000-SCALE
Syn931,Guest2000SCALE,,syn931.2000SCALE.s06c@example.test,+15555000931,HH-232,,,SYNTHETIC S06C-2000-SCALE
Syn932,Guest2000SCALE,,syn932.2000SCALE.s06c@example.test,+15555000932,HH-233,,,SYNTHETIC S06C-2000-SCALE
Syn933,Guest2000SCALE,,syn933.2000SCALE.s06c@example.test,+15555000933,HH-233,,,SYNTHETIC S06C-2000-SCALE
Syn934,Guest2000SCALE,,syn934.2000SCALE.s06c@example.test,+15555000934,HH-233,,,SYNTHETIC S06C-2000-SCALE
Syn935,Guest2000SCALE,,syn935.2000SCALE.s06c@example.test,+15555000935,HH-233,,,SYNTHETIC S06C-2000-SCALE
Syn936,Guest2000SCALE,,syn936.2000SCALE.s06c@example.test,+15555000936,HH-234,,,SYNTHETIC S06C-2000-SCALE
Syn937,Guest2000SCALE,,syn937.2000SCALE.s06c@example.test,+15555000937,HH-234,,,SYNTHETIC S06C-2000-SCALE
Syn938,Guest2000SCALE,,syn938.2000SCALE.s06c@example.test,+15555000938,HH-234,,,SYNTHETIC S06C-2000-SCALE
Syn939,Guest2000SCALE,,syn939.2000SCALE.s06c@example.test,+15555000939,HH-234,,,SYNTHETIC S06C-2000-SCALE
Syn940,Guest2000SCALE,,syn940.2000SCALE.s06c@example.test,+15555000940,HH-235,,,SYNTHETIC S06C-2000-SCALE
Syn941,Guest2000SCALE,,syn941.2000SCALE.s06c@example.test,+15555000941,HH-235,,,SYNTHETIC S06C-2000-SCALE
Syn942,Guest2000SCALE,,syn942.2000SCALE.s06c@example.test,+15555000942,HH-235,,,SYNTHETIC S06C-2000-SCALE
Syn943,Guest2000SCALE,,syn943.2000SCALE.s06c@example.test,+15555000943,HH-235,,,SYNTHETIC S06C-2000-SCALE
Syn944,Guest2000SCALE,,syn944.2000SCALE.s06c@example.test,+15555000944,HH-236,,,SYNTHETIC S06C-2000-SCALE
Syn945,Guest2000SCALE,,syn945.2000SCALE.s06c@example.test,+15555000945,HH-236,,,SYNTHETIC S06C-2000-SCALE
Syn946,Guest2000SCALE,,syn946.2000SCALE.s06c@example.test,+15555000946,HH-236,,,SYNTHETIC S06C-2000-SCALE
Syn947,Guest2000SCALE,,syn947.2000SCALE.s06c@example.test,+15555000947,HH-236,,,SYNTHETIC S06C-2000-SCALE
Syn948,Guest2000SCALE,,syn948.2000SCALE.s06c@example.test,+15555000948,HH-237,,,SYNTHETIC S06C-2000-SCALE
Syn949,Guest2000SCALE,,syn949.2000SCALE.s06c@example.test,+15555000949,HH-237,,,SYNTHETIC S06C-2000-SCALE
Syn950,Guest2000SCALE,,syn950.2000SCALE.s06c@example.test,+15555000950,HH-237,,,SYNTHETIC S06C-2000-SCALE
Syn951,Guest2000SCALE,,syn951.2000SCALE.s06c@example.test,+15555000951,HH-237,,,SYNTHETIC S06C-2000-SCALE
Syn952,Guest2000SCALE,,syn952.2000SCALE.s06c@example.test,+15555000952,HH-238,,,SYNTHETIC S06C-2000-SCALE
Syn953,Guest2000SCALE,,syn953.2000SCALE.s06c@example.test,+15555000953,HH-238,,,SYNTHETIC S06C-2000-SCALE
Syn954,Guest2000SCALE,,syn954.2000SCALE.s06c@example.test,+15555000954,HH-238,,,SYNTHETIC S06C-2000-SCALE
Syn955,Guest2000SCALE,,syn955.2000SCALE.s06c@example.test,+15555000955,HH-238,,,SYNTHETIC S06C-2000-SCALE
Syn956,Guest2000SCALE,,syn956.2000SCALE.s06c@example.test,+15555000956,HH-239,,,SYNTHETIC S06C-2000-SCALE
Syn957,Guest2000SCALE,,syn957.2000SCALE.s06c@example.test,+15555000957,HH-239,,,SYNTHETIC S06C-2000-SCALE
Syn958,Guest2000SCALE,,syn958.2000SCALE.s06c@example.test,+15555000958,HH-239,,,SYNTHETIC S06C-2000-SCALE
Syn959,Guest2000SCALE,,syn959.2000SCALE.s06c@example.test,+15555000959,HH-239,,,SYNTHETIC S06C-2000-SCALE
Syn960,Guest2000SCALE,,syn960.2000SCALE.s06c@example.test,+15555000960,HH-240,,,SYNTHETIC S06C-2000-SCALE
Syn961,Guest2000SCALE,,syn961.2000SCALE.s06c@example.test,+15555000961,HH-240,,,SYNTHETIC S06C-2000-SCALE
Syn962,Guest2000SCALE,,syn962.2000SCALE.s06c@example.test,+15555000962,HH-240,,,SYNTHETIC S06C-2000-SCALE
Syn963,Guest2000SCALE,,syn963.2000SCALE.s06c@example.test,+15555000963,HH-240,,,SYNTHETIC S06C-2000-SCALE
Syn964,Guest2000SCALE,,syn964.2000SCALE.s06c@example.test,+15555000964,HH-241,,,SYNTHETIC S06C-2000-SCALE
Syn965,Guest2000SCALE,,syn965.2000SCALE.s06c@example.test,+15555000965,HH-241,,,SYNTHETIC S06C-2000-SCALE
Syn966,Guest2000SCALE,,syn966.2000SCALE.s06c@example.test,+15555000966,HH-241,,,SYNTHETIC S06C-2000-SCALE
Syn967,Guest2000SCALE,,syn967.2000SCALE.s06c@example.test,+15555000967,HH-241,,,SYNTHETIC S06C-2000-SCALE
Syn968,Guest2000SCALE,,syn968.2000SCALE.s06c@example.test,+15555000968,HH-242,,,SYNTHETIC S06C-2000-SCALE
Syn969,Guest2000SCALE,,syn969.2000SCALE.s06c@example.test,+15555000969,HH-242,,,SYNTHETIC S06C-2000-SCALE
Syn970,Guest2000SCALE,,syn970.2000SCALE.s06c@example.test,+15555000970,HH-242,,,SYNTHETIC S06C-2000-SCALE
Syn971,Guest2000SCALE,,syn971.2000SCALE.s06c@example.test,+15555000971,HH-242,,,SYNTHETIC S06C-2000-SCALE
Syn972,Guest2000SCALE,,syn972.2000SCALE.s06c@example.test,+15555000972,HH-243,,,SYNTHETIC S06C-2000-SCALE
Syn973,Guest2000SCALE,,syn973.2000SCALE.s06c@example.test,+15555000973,HH-243,,,SYNTHETIC S06C-2000-SCALE
Syn974,Guest2000SCALE,,syn974.2000SCALE.s06c@example.test,+15555000974,HH-243,,,SYNTHETIC S06C-2000-SCALE
Syn975,Guest2000SCALE,,syn975.2000SCALE.s06c@example.test,+15555000975,HH-243,,,SYNTHETIC S06C-2000-SCALE
Syn976,Guest2000SCALE,,syn976.2000SCALE.s06c@example.test,+15555000976,HH-244,,,SYNTHETIC S06C-2000-SCALE
Syn977,Guest2000SCALE,,syn977.2000SCALE.s06c@example.test,+15555000977,HH-244,,,SYNTHETIC S06C-2000-SCALE
Syn978,Guest2000SCALE,,syn978.2000SCALE.s06c@example.test,+15555000978,HH-244,,,SYNTHETIC S06C-2000-SCALE
Syn979,Guest2000SCALE,,syn979.2000SCALE.s06c@example.test,+15555000979,HH-244,,,SYNTHETIC S06C-2000-SCALE
Syn980,Guest2000SCALE,,syn980.2000SCALE.s06c@example.test,+15555000980,HH-245,,,SYNTHETIC S06C-2000-SCALE
Syn981,Guest2000SCALE,,syn981.2000SCALE.s06c@example.test,+15555000981,HH-245,,,SYNTHETIC S06C-2000-SCALE
Syn982,Guest2000SCALE,,syn982.2000SCALE.s06c@example.test,+15555000982,HH-245,,,SYNTHETIC S06C-2000-SCALE
Syn983,Guest2000SCALE,,syn983.2000SCALE.s06c@example.test,+15555000983,HH-245,,,SYNTHETIC S06C-2000-SCALE
Syn984,Guest2000SCALE,,syn984.2000SCALE.s06c@example.test,+15555000984,HH-246,,,SYNTHETIC S06C-2000-SCALE
Syn985,Guest2000SCALE,,syn985.2000SCALE.s06c@example.test,+15555000985,HH-246,,,SYNTHETIC S06C-2000-SCALE
Syn986,Guest2000SCALE,,syn986.2000SCALE.s06c@example.test,+15555000986,HH-246,,,SYNTHETIC S06C-2000-SCALE
Syn987,Guest2000SCALE,,syn987.2000SCALE.s06c@example.test,+15555000987,HH-246,,,SYNTHETIC S06C-2000-SCALE
Syn988,Guest2000SCALE,,syn988.2000SCALE.s06c@example.test,+15555000988,HH-247,,,SYNTHETIC S06C-2000-SCALE
Syn989,Guest2000SCALE,,syn989.2000SCALE.s06c@example.test,+15555000989,HH-247,,,SYNTHETIC S06C-2000-SCALE
Syn990,Guest2000SCALE,,syn990.2000SCALE.s06c@example.test,+15555000990,HH-247,,,SYNTHETIC S06C-2000-SCALE
Syn991,Guest2000SCALE,,syn991.2000SCALE.s06c@example.test,+15555000991,HH-247,,,SYNTHETIC S06C-2000-SCALE
Syn992,Guest2000SCALE,,syn992.2000SCALE.s06c@example.test,+15555000992,HH-248,,,SYNTHETIC S06C-2000-SCALE
Syn993,Guest2000SCALE,,syn993.2000SCALE.s06c@example.test,+15555000993,HH-248,,,SYNTHETIC S06C-2000-SCALE
Syn994,Guest2000SCALE,,syn994.2000SCALE.s06c@example.test,+15555000994,HH-248,,,SYNTHETIC S06C-2000-SCALE
Syn995,Guest2000SCALE,,syn995.2000SCALE.s06c@example.test,+15555000995,HH-248,,,SYNTHETIC S06C-2000-SCALE
Syn996,Guest2000SCALE,,syn996.2000SCALE.s06c@example.test,+15555000996,HH-249,,,SYNTHETIC S06C-2000-SCALE
Syn997,Guest2000SCALE,,syn997.2000SCALE.s06c@example.test,+15555000997,HH-249,,,SYNTHETIC S06C-2000-SCALE
Syn998,Guest2000SCALE,,syn998.2000SCALE.s06c@example.test,+15555000998,HH-249,,,SYNTHETIC S06C-2000-SCALE
Syn999,Guest2000SCALE,,syn999.2000SCALE.s06c@example.test,+15555000999,HH-249,,,SYNTHETIC S06C-2000-SCALE
Syn1000,Guest2000SCALE,,syn1000.2000SCALE.s06c@example.test,+15555001000,HH-250,,,SYNTHETIC S06C-2000-SCALE
Syn1001,Guest2000SCALE,,syn1001.2000SCALE.s06c@example.test,+15555001001,HH-250,,,SYNTHETIC S06C-2000-SCALE
Syn1002,Guest2000SCALE,,syn1002.2000SCALE.s06c@example.test,+15555001002,HH-250,,,SYNTHETIC S06C-2000-SCALE
Syn1003,Guest2000SCALE,,syn1003.2000SCALE.s06c@example.test,+15555001003,HH-250,,,SYNTHETIC S06C-2000-SCALE
Syn1004,Guest2000SCALE,,syn1004.2000SCALE.s06c@example.test,+15555001004,HH-251,,,SYNTHETIC S06C-2000-SCALE
Syn1005,Guest2000SCALE,,syn1005.2000SCALE.s06c@example.test,+15555001005,HH-251,,,SYNTHETIC S06C-2000-SCALE
Syn1006,Guest2000SCALE,,syn1006.2000SCALE.s06c@example.test,+15555001006,HH-251,,,SYNTHETIC S06C-2000-SCALE
Syn1007,Guest2000SCALE,,syn1007.2000SCALE.s06c@example.test,+15555001007,HH-251,,,SYNTHETIC S06C-2000-SCALE
Syn1008,Guest2000SCALE,,syn1008.2000SCALE.s06c@example.test,+15555001008,HH-252,,,SYNTHETIC S06C-2000-SCALE
Syn1009,Guest2000SCALE,,syn1009.2000SCALE.s06c@example.test,+15555001009,HH-252,,,SYNTHETIC S06C-2000-SCALE
Syn1010,Guest2000SCALE,,syn1010.2000SCALE.s06c@example.test,+15555001010,HH-252,,,SYNTHETIC S06C-2000-SCALE
Syn1011,Guest2000SCALE,,syn1011.2000SCALE.s06c@example.test,+15555001011,HH-252,,,SYNTHETIC S06C-2000-SCALE
Syn1012,Guest2000SCALE,,syn1012.2000SCALE.s06c@example.test,+15555001012,HH-253,,,SYNTHETIC S06C-2000-SCALE
Syn1013,Guest2000SCALE,,syn1013.2000SCALE.s06c@example.test,+15555001013,HH-253,,,SYNTHETIC S06C-2000-SCALE
Syn1014,Guest2000SCALE,,syn1014.2000SCALE.s06c@example.test,+15555001014,HH-253,,,SYNTHETIC S06C-2000-SCALE
Syn1015,Guest2000SCALE,,syn1015.2000SCALE.s06c@example.test,+15555001015,HH-253,,,SYNTHETIC S06C-2000-SCALE
Syn1016,Guest2000SCALE,,syn1016.2000SCALE.s06c@example.test,+15555001016,HH-254,,,SYNTHETIC S06C-2000-SCALE
Syn1017,Guest2000SCALE,,syn1017.2000SCALE.s06c@example.test,+15555001017,HH-254,,,SYNTHETIC S06C-2000-SCALE
Syn1018,Guest2000SCALE,,syn1018.2000SCALE.s06c@example.test,+15555001018,HH-254,,,SYNTHETIC S06C-2000-SCALE
Syn1019,Guest2000SCALE,,syn1019.2000SCALE.s06c@example.test,+15555001019,HH-254,,,SYNTHETIC S06C-2000-SCALE
Syn1020,Guest2000SCALE,,syn1020.2000SCALE.s06c@example.test,+15555001020,HH-255,,,SYNTHETIC S06C-2000-SCALE
Syn1021,Guest2000SCALE,,syn1021.2000SCALE.s06c@example.test,+15555001021,HH-255,,,SYNTHETIC S06C-2000-SCALE
Syn1022,Guest2000SCALE,,syn1022.2000SCALE.s06c@example.test,+15555001022,HH-255,,,SYNTHETIC S06C-2000-SCALE
Syn1023,Guest2000SCALE,,syn1023.2000SCALE.s06c@example.test,+15555001023,HH-255,,,SYNTHETIC S06C-2000-SCALE
Syn1024,Guest2000SCALE,,syn1024.2000SCALE.s06c@example.test,+15555001024,HH-256,,,SYNTHETIC S06C-2000-SCALE
Syn1025,Guest2000SCALE,,syn1025.2000SCALE.s06c@example.test,+15555001025,HH-256,,,SYNTHETIC S06C-2000-SCALE
Syn1026,Guest2000SCALE,,syn1026.2000SCALE.s06c@example.test,+15555001026,HH-256,,,SYNTHETIC S06C-2000-SCALE
Syn1027,Guest2000SCALE,,syn1027.2000SCALE.s06c@example.test,+15555001027,HH-256,,,SYNTHETIC S06C-2000-SCALE
Syn1028,Guest2000SCALE,,syn1028.2000SCALE.s06c@example.test,+15555001028,HH-257,,,SYNTHETIC S06C-2000-SCALE
Syn1029,Guest2000SCALE,,syn1029.2000SCALE.s06c@example.test,+15555001029,HH-257,,,SYNTHETIC S06C-2000-SCALE
Syn1030,Guest2000SCALE,,syn1030.2000SCALE.s06c@example.test,+15555001030,HH-257,,,SYNTHETIC S06C-2000-SCALE
Syn1031,Guest2000SCALE,,syn1031.2000SCALE.s06c@example.test,+15555001031,HH-257,,,SYNTHETIC S06C-2000-SCALE
Syn1032,Guest2000SCALE,,syn1032.2000SCALE.s06c@example.test,+15555001032,HH-258,,,SYNTHETIC S06C-2000-SCALE
Syn1033,Guest2000SCALE,,syn1033.2000SCALE.s06c@example.test,+15555001033,HH-258,,,SYNTHETIC S06C-2000-SCALE
Syn1034,Guest2000SCALE,,syn1034.2000SCALE.s06c@example.test,+15555001034,HH-258,,,SYNTHETIC S06C-2000-SCALE
Syn1035,Guest2000SCALE,,syn1035.2000SCALE.s06c@example.test,+15555001035,HH-258,,,SYNTHETIC S06C-2000-SCALE
Syn1036,Guest2000SCALE,,syn1036.2000SCALE.s06c@example.test,+15555001036,HH-259,,,SYNTHETIC S06C-2000-SCALE
Syn1037,Guest2000SCALE,,syn1037.2000SCALE.s06c@example.test,+15555001037,HH-259,,,SYNTHETIC S06C-2000-SCALE
Syn1038,Guest2000SCALE,,syn1038.2000SCALE.s06c@example.test,+15555001038,HH-259,,,SYNTHETIC S06C-2000-SCALE
Syn1039,Guest2000SCALE,,syn1039.2000SCALE.s06c@example.test,+15555001039,HH-259,,,SYNTHETIC S06C-2000-SCALE
Syn1040,Guest2000SCALE,,syn1040.2000SCALE.s06c@example.test,+15555001040,HH-260,,,SYNTHETIC S06C-2000-SCALE
Syn1041,Guest2000SCALE,,syn1041.2000SCALE.s06c@example.test,+15555001041,HH-260,,,SYNTHETIC S06C-2000-SCALE
Syn1042,Guest2000SCALE,,syn1042.2000SCALE.s06c@example.test,+15555001042,HH-260,,,SYNTHETIC S06C-2000-SCALE
Syn1043,Guest2000SCALE,,syn1043.2000SCALE.s06c@example.test,+15555001043,HH-260,,,SYNTHETIC S06C-2000-SCALE
Syn1044,Guest2000SCALE,,syn1044.2000SCALE.s06c@example.test,+15555001044,HH-261,,,SYNTHETIC S06C-2000-SCALE
Syn1045,Guest2000SCALE,,syn1045.2000SCALE.s06c@example.test,+15555001045,HH-261,,,SYNTHETIC S06C-2000-SCALE
Syn1046,Guest2000SCALE,,syn1046.2000SCALE.s06c@example.test,+15555001046,HH-261,,,SYNTHETIC S06C-2000-SCALE
Syn1047,Guest2000SCALE,,syn1047.2000SCALE.s06c@example.test,+15555001047,HH-261,,,SYNTHETIC S06C-2000-SCALE
Syn1048,Guest2000SCALE,,syn1048.2000SCALE.s06c@example.test,+15555001048,HH-262,,,SYNTHETIC S06C-2000-SCALE
Syn1049,Guest2000SCALE,,syn1049.2000SCALE.s06c@example.test,+15555001049,HH-262,,,SYNTHETIC S06C-2000-SCALE
Syn1050,Guest2000SCALE,,syn1050.2000SCALE.s06c@example.test,+15555001050,HH-262,,,SYNTHETIC S06C-2000-SCALE
Syn1051,Guest2000SCALE,,syn1051.2000SCALE.s06c@example.test,+15555001051,HH-262,,,SYNTHETIC S06C-2000-SCALE
Syn1052,Guest2000SCALE,,syn1052.2000SCALE.s06c@example.test,+15555001052,HH-263,,,SYNTHETIC S06C-2000-SCALE
Syn1053,Guest2000SCALE,,syn1053.2000SCALE.s06c@example.test,+15555001053,HH-263,,,SYNTHETIC S06C-2000-SCALE
Syn1054,Guest2000SCALE,,syn1054.2000SCALE.s06c@example.test,+15555001054,HH-263,,,SYNTHETIC S06C-2000-SCALE
Syn1055,Guest2000SCALE,,syn1055.2000SCALE.s06c@example.test,+15555001055,HH-263,,,SYNTHETIC S06C-2000-SCALE
Syn1056,Guest2000SCALE,,syn1056.2000SCALE.s06c@example.test,+15555001056,HH-264,,,SYNTHETIC S06C-2000-SCALE
Syn1057,Guest2000SCALE,,syn1057.2000SCALE.s06c@example.test,+15555001057,HH-264,,,SYNTHETIC S06C-2000-SCALE
Syn1058,Guest2000SCALE,,syn1058.2000SCALE.s06c@example.test,+15555001058,HH-264,,,SYNTHETIC S06C-2000-SCALE
Syn1059,Guest2000SCALE,,syn1059.2000SCALE.s06c@example.test,+15555001059,HH-264,,,SYNTHETIC S06C-2000-SCALE
Syn1060,Guest2000SCALE,,syn1060.2000SCALE.s06c@example.test,+15555001060,HH-265,,,SYNTHETIC S06C-2000-SCALE
Syn1061,Guest2000SCALE,,syn1061.2000SCALE.s06c@example.test,+15555001061,HH-265,,,SYNTHETIC S06C-2000-SCALE
Syn1062,Guest2000SCALE,,syn1062.2000SCALE.s06c@example.test,+15555001062,HH-265,,,SYNTHETIC S06C-2000-SCALE
Syn1063,Guest2000SCALE,,syn1063.2000SCALE.s06c@example.test,+15555001063,HH-265,,,SYNTHETIC S06C-2000-SCALE
Syn1064,Guest2000SCALE,,syn1064.2000SCALE.s06c@example.test,+15555001064,HH-266,,,SYNTHETIC S06C-2000-SCALE
Syn1065,Guest2000SCALE,,syn1065.2000SCALE.s06c@example.test,+15555001065,HH-266,,,SYNTHETIC S06C-2000-SCALE
Syn1066,Guest2000SCALE,,syn1066.2000SCALE.s06c@example.test,+15555001066,HH-266,,,SYNTHETIC S06C-2000-SCALE
Syn1067,Guest2000SCALE,,syn1067.2000SCALE.s06c@example.test,+15555001067,HH-266,,,SYNTHETIC S06C-2000-SCALE
Syn1068,Guest2000SCALE,,syn1068.2000SCALE.s06c@example.test,+15555001068,HH-267,,,SYNTHETIC S06C-2000-SCALE
Syn1069,Guest2000SCALE,,syn1069.2000SCALE.s06c@example.test,+15555001069,HH-267,,,SYNTHETIC S06C-2000-SCALE
Syn1070,Guest2000SCALE,,syn1070.2000SCALE.s06c@example.test,+15555001070,HH-267,,,SYNTHETIC S06C-2000-SCALE
Syn1071,Guest2000SCALE,,syn1071.2000SCALE.s06c@example.test,+15555001071,HH-267,,,SYNTHETIC S06C-2000-SCALE
Syn1072,Guest2000SCALE,,syn1072.2000SCALE.s06c@example.test,+15555001072,HH-268,,,SYNTHETIC S06C-2000-SCALE
Syn1073,Guest2000SCALE,,syn1073.2000SCALE.s06c@example.test,+15555001073,HH-268,,,SYNTHETIC S06C-2000-SCALE
Syn1074,Guest2000SCALE,,syn1074.2000SCALE.s06c@example.test,+15555001074,HH-268,,,SYNTHETIC S06C-2000-SCALE
Syn1075,Guest2000SCALE,,syn1075.2000SCALE.s06c@example.test,+15555001075,HH-268,,,SYNTHETIC S06C-2000-SCALE
Syn1076,Guest2000SCALE,,syn1076.2000SCALE.s06c@example.test,+15555001076,HH-269,,,SYNTHETIC S06C-2000-SCALE
Syn1077,Guest2000SCALE,,syn1077.2000SCALE.s06c@example.test,+15555001077,HH-269,,,SYNTHETIC S06C-2000-SCALE
Syn1078,Guest2000SCALE,,syn1078.2000SCALE.s06c@example.test,+15555001078,HH-269,,,SYNTHETIC S06C-2000-SCALE
Syn1079,Guest2000SCALE,,syn1079.2000SCALE.s06c@example.test,+15555001079,HH-269,,,SYNTHETIC S06C-2000-SCALE
Syn1080,Guest2000SCALE,,syn1080.2000SCALE.s06c@example.test,+15555001080,HH-270,,,SYNTHETIC S06C-2000-SCALE
Syn1081,Guest2000SCALE,,syn1081.2000SCALE.s06c@example.test,+15555001081,HH-270,,,SYNTHETIC S06C-2000-SCALE
Syn1082,Guest2000SCALE,,syn1082.2000SCALE.s06c@example.test,+15555001082,HH-270,,,SYNTHETIC S06C-2000-SCALE
Syn1083,Guest2000SCALE,,syn1083.2000SCALE.s06c@example.test,+15555001083,HH-270,,,SYNTHETIC S06C-2000-SCALE
Syn1084,Guest2000SCALE,,syn1084.2000SCALE.s06c@example.test,+15555001084,HH-271,,,SYNTHETIC S06C-2000-SCALE
Syn1085,Guest2000SCALE,,syn1085.2000SCALE.s06c@example.test,+15555001085,HH-271,,,SYNTHETIC S06C-2000-SCALE
Syn1086,Guest2000SCALE,,syn1086.2000SCALE.s06c@example.test,+15555001086,HH-271,,,SYNTHETIC S06C-2000-SCALE
Syn1087,Guest2000SCALE,,syn1087.2000SCALE.s06c@example.test,+15555001087,HH-271,,,SYNTHETIC S06C-2000-SCALE
Syn1088,Guest2000SCALE,,syn1088.2000SCALE.s06c@example.test,+15555001088,HH-272,,,SYNTHETIC S06C-2000-SCALE
Syn1089,Guest2000SCALE,,syn1089.2000SCALE.s06c@example.test,+15555001089,HH-272,,,SYNTHETIC S06C-2000-SCALE
Syn1090,Guest2000SCALE,,syn1090.2000SCALE.s06c@example.test,+15555001090,HH-272,,,SYNTHETIC S06C-2000-SCALE
Syn1091,Guest2000SCALE,,syn1091.2000SCALE.s06c@example.test,+15555001091,HH-272,,,SYNTHETIC S06C-2000-SCALE
Syn1092,Guest2000SCALE,,syn1092.2000SCALE.s06c@example.test,+15555001092,HH-273,,,SYNTHETIC S06C-2000-SCALE
Syn1093,Guest2000SCALE,,syn1093.2000SCALE.s06c@example.test,+15555001093,HH-273,,,SYNTHETIC S06C-2000-SCALE
Syn1094,Guest2000SCALE,,syn1094.2000SCALE.s06c@example.test,+15555001094,HH-273,,,SYNTHETIC S06C-2000-SCALE
Syn1095,Guest2000SCALE,,syn1095.2000SCALE.s06c@example.test,+15555001095,HH-273,,,SYNTHETIC S06C-2000-SCALE
Syn1096,Guest2000SCALE,,syn1096.2000SCALE.s06c@example.test,+15555001096,HH-274,,,SYNTHETIC S06C-2000-SCALE
Syn1097,Guest2000SCALE,,syn1097.2000SCALE.s06c@example.test,+15555001097,HH-274,,,SYNTHETIC S06C-2000-SCALE
Syn1098,Guest2000SCALE,,syn1098.2000SCALE.s06c@example.test,+15555001098,HH-274,,,SYNTHETIC S06C-2000-SCALE
Syn1099,Guest2000SCALE,,syn1099.2000SCALE.s06c@example.test,+15555001099,HH-274,,,SYNTHETIC S06C-2000-SCALE
Syn1100,Guest2000SCALE,,syn1100.2000SCALE.s06c@example.test,+15555001100,HH-275,,,SYNTHETIC S06C-2000-SCALE
Syn1101,Guest2000SCALE,,syn1101.2000SCALE.s06c@example.test,+15555001101,HH-275,,,SYNTHETIC S06C-2000-SCALE
Syn1102,Guest2000SCALE,,syn1102.2000SCALE.s06c@example.test,+15555001102,HH-275,,,SYNTHETIC S06C-2000-SCALE
Syn1103,Guest2000SCALE,,syn1103.2000SCALE.s06c@example.test,+15555001103,HH-275,,,SYNTHETIC S06C-2000-SCALE
Syn1104,Guest2000SCALE,,syn1104.2000SCALE.s06c@example.test,+15555001104,HH-276,,,SYNTHETIC S06C-2000-SCALE
Syn1105,Guest2000SCALE,,syn1105.2000SCALE.s06c@example.test,+15555001105,HH-276,,,SYNTHETIC S06C-2000-SCALE
Syn1106,Guest2000SCALE,,syn1106.2000SCALE.s06c@example.test,+15555001106,HH-276,,,SYNTHETIC S06C-2000-SCALE
Syn1107,Guest2000SCALE,,syn1107.2000SCALE.s06c@example.test,+15555001107,HH-276,,,SYNTHETIC S06C-2000-SCALE
Syn1108,Guest2000SCALE,,syn1108.2000SCALE.s06c@example.test,+15555001108,HH-277,,,SYNTHETIC S06C-2000-SCALE
Syn1109,Guest2000SCALE,,syn1109.2000SCALE.s06c@example.test,+15555001109,HH-277,,,SYNTHETIC S06C-2000-SCALE
Syn1110,Guest2000SCALE,,syn1110.2000SCALE.s06c@example.test,+15555001110,HH-277,,,SYNTHETIC S06C-2000-SCALE
Syn1111,Guest2000SCALE,,syn1111.2000SCALE.s06c@example.test,+15555001111,HH-277,,,SYNTHETIC S06C-2000-SCALE
Syn1112,Guest2000SCALE,,syn1112.2000SCALE.s06c@example.test,+15555001112,HH-278,,,SYNTHETIC S06C-2000-SCALE
Syn1113,Guest2000SCALE,,syn1113.2000SCALE.s06c@example.test,+15555001113,HH-278,,,SYNTHETIC S06C-2000-SCALE
Syn1114,Guest2000SCALE,,syn1114.2000SCALE.s06c@example.test,+15555001114,HH-278,,,SYNTHETIC S06C-2000-SCALE
Syn1115,Guest2000SCALE,,syn1115.2000SCALE.s06c@example.test,+15555001115,HH-278,,,SYNTHETIC S06C-2000-SCALE
Syn1116,Guest2000SCALE,,syn1116.2000SCALE.s06c@example.test,+15555001116,HH-279,,,SYNTHETIC S06C-2000-SCALE
Syn1117,Guest2000SCALE,,syn1117.2000SCALE.s06c@example.test,+15555001117,HH-279,,,SYNTHETIC S06C-2000-SCALE
Syn1118,Guest2000SCALE,,syn1118.2000SCALE.s06c@example.test,+15555001118,HH-279,,,SYNTHETIC S06C-2000-SCALE
Syn1119,Guest2000SCALE,,syn1119.2000SCALE.s06c@example.test,+15555001119,HH-279,,,SYNTHETIC S06C-2000-SCALE
Syn1120,Guest2000SCALE,,syn1120.2000SCALE.s06c@example.test,+15555001120,HH-280,,,SYNTHETIC S06C-2000-SCALE
Syn1121,Guest2000SCALE,,syn1121.2000SCALE.s06c@example.test,+15555001121,HH-280,,,SYNTHETIC S06C-2000-SCALE
Syn1122,Guest2000SCALE,,syn1122.2000SCALE.s06c@example.test,+15555001122,HH-280,,,SYNTHETIC S06C-2000-SCALE
Syn1123,Guest2000SCALE,,syn1123.2000SCALE.s06c@example.test,+15555001123,HH-280,,,SYNTHETIC S06C-2000-SCALE
Syn1124,Guest2000SCALE,,syn1124.2000SCALE.s06c@example.test,+15555001124,HH-281,,,SYNTHETIC S06C-2000-SCALE
Syn1125,Guest2000SCALE,,syn1125.2000SCALE.s06c@example.test,+15555001125,HH-281,,,SYNTHETIC S06C-2000-SCALE
Syn1126,Guest2000SCALE,,syn1126.2000SCALE.s06c@example.test,+15555001126,HH-281,,,SYNTHETIC S06C-2000-SCALE
Syn1127,Guest2000SCALE,,syn1127.2000SCALE.s06c@example.test,+15555001127,HH-281,,,SYNTHETIC S06C-2000-SCALE
Syn1128,Guest2000SCALE,,syn1128.2000SCALE.s06c@example.test,+15555001128,HH-282,,,SYNTHETIC S06C-2000-SCALE
Syn1129,Guest2000SCALE,,syn1129.2000SCALE.s06c@example.test,+15555001129,HH-282,,,SYNTHETIC S06C-2000-SCALE
Syn1130,Guest2000SCALE,,syn1130.2000SCALE.s06c@example.test,+15555001130,HH-282,,,SYNTHETIC S06C-2000-SCALE
Syn1131,Guest2000SCALE,,syn1131.2000SCALE.s06c@example.test,+15555001131,HH-282,,,SYNTHETIC S06C-2000-SCALE
Syn1132,Guest2000SCALE,,syn1132.2000SCALE.s06c@example.test,+15555001132,HH-283,,,SYNTHETIC S06C-2000-SCALE
Syn1133,Guest2000SCALE,,syn1133.2000SCALE.s06c@example.test,+15555001133,HH-283,,,SYNTHETIC S06C-2000-SCALE
Syn1134,Guest2000SCALE,,syn1134.2000SCALE.s06c@example.test,+15555001134,HH-283,,,SYNTHETIC S06C-2000-SCALE
Syn1135,Guest2000SCALE,,syn1135.2000SCALE.s06c@example.test,+15555001135,HH-283,,,SYNTHETIC S06C-2000-SCALE
Syn1136,Guest2000SCALE,,syn1136.2000SCALE.s06c@example.test,+15555001136,HH-284,,,SYNTHETIC S06C-2000-SCALE
Syn1137,Guest2000SCALE,,syn1137.2000SCALE.s06c@example.test,+15555001137,HH-284,,,SYNTHETIC S06C-2000-SCALE
Syn1138,Guest2000SCALE,,syn1138.2000SCALE.s06c@example.test,+15555001138,HH-284,,,SYNTHETIC S06C-2000-SCALE
Syn1139,Guest2000SCALE,,syn1139.2000SCALE.s06c@example.test,+15555001139,HH-284,,,SYNTHETIC S06C-2000-SCALE
Syn1140,Guest2000SCALE,,syn1140.2000SCALE.s06c@example.test,+15555001140,HH-285,,,SYNTHETIC S06C-2000-SCALE
Syn1141,Guest2000SCALE,,syn1141.2000SCALE.s06c@example.test,+15555001141,HH-285,,,SYNTHETIC S06C-2000-SCALE
Syn1142,Guest2000SCALE,,syn1142.2000SCALE.s06c@example.test,+15555001142,HH-285,,,SYNTHETIC S06C-2000-SCALE
Syn1143,Guest2000SCALE,,syn1143.2000SCALE.s06c@example.test,+15555001143,HH-285,,,SYNTHETIC S06C-2000-SCALE
Syn1144,Guest2000SCALE,,syn1144.2000SCALE.s06c@example.test,+15555001144,HH-286,,,SYNTHETIC S06C-2000-SCALE
Syn1145,Guest2000SCALE,,syn1145.2000SCALE.s06c@example.test,+15555001145,HH-286,,,SYNTHETIC S06C-2000-SCALE
Syn1146,Guest2000SCALE,,syn1146.2000SCALE.s06c@example.test,+15555001146,HH-286,,,SYNTHETIC S06C-2000-SCALE
Syn1147,Guest2000SCALE,,syn1147.2000SCALE.s06c@example.test,+15555001147,HH-286,,,SYNTHETIC S06C-2000-SCALE
Syn1148,Guest2000SCALE,,syn1148.2000SCALE.s06c@example.test,+15555001148,HH-287,,,SYNTHETIC S06C-2000-SCALE
Syn1149,Guest2000SCALE,,syn1149.2000SCALE.s06c@example.test,+15555001149,HH-287,,,SYNTHETIC S06C-2000-SCALE
Syn1150,Guest2000SCALE,,syn1150.2000SCALE.s06c@example.test,+15555001150,HH-287,,,SYNTHETIC S06C-2000-SCALE
Syn1151,Guest2000SCALE,,syn1151.2000SCALE.s06c@example.test,+15555001151,HH-287,,,SYNTHETIC S06C-2000-SCALE
Syn1152,Guest2000SCALE,,syn1152.2000SCALE.s06c@example.test,+15555001152,HH-288,,,SYNTHETIC S06C-2000-SCALE
Syn1153,Guest2000SCALE,,syn1153.2000SCALE.s06c@example.test,+15555001153,HH-288,,,SYNTHETIC S06C-2000-SCALE
Syn1154,Guest2000SCALE,,syn1154.2000SCALE.s06c@example.test,+15555001154,HH-288,,,SYNTHETIC S06C-2000-SCALE
Syn1155,Guest2000SCALE,,syn1155.2000SCALE.s06c@example.test,+15555001155,HH-288,,,SYNTHETIC S06C-2000-SCALE
Syn1156,Guest2000SCALE,,syn1156.2000SCALE.s06c@example.test,+15555001156,HH-289,,,SYNTHETIC S06C-2000-SCALE
Syn1157,Guest2000SCALE,,syn1157.2000SCALE.s06c@example.test,+15555001157,HH-289,,,SYNTHETIC S06C-2000-SCALE
Syn1158,Guest2000SCALE,,syn1158.2000SCALE.s06c@example.test,+15555001158,HH-289,,,SYNTHETIC S06C-2000-SCALE
Syn1159,Guest2000SCALE,,syn1159.2000SCALE.s06c@example.test,+15555001159,HH-289,,,SYNTHETIC S06C-2000-SCALE
Syn1160,Guest2000SCALE,,syn1160.2000SCALE.s06c@example.test,+15555001160,HH-290,,,SYNTHETIC S06C-2000-SCALE
Syn1161,Guest2000SCALE,,syn1161.2000SCALE.s06c@example.test,+15555001161,HH-290,,,SYNTHETIC S06C-2000-SCALE
Syn1162,Guest2000SCALE,,syn1162.2000SCALE.s06c@example.test,+15555001162,HH-290,,,SYNTHETIC S06C-2000-SCALE
Syn1163,Guest2000SCALE,,syn1163.2000SCALE.s06c@example.test,+15555001163,HH-290,,,SYNTHETIC S06C-2000-SCALE
Syn1164,Guest2000SCALE,,syn1164.2000SCALE.s06c@example.test,+15555001164,HH-291,,,SYNTHETIC S06C-2000-SCALE
Syn1165,Guest2000SCALE,,syn1165.2000SCALE.s06c@example.test,+15555001165,HH-291,,,SYNTHETIC S06C-2000-SCALE
Syn1166,Guest2000SCALE,,syn1166.2000SCALE.s06c@example.test,+15555001166,HH-291,,,SYNTHETIC S06C-2000-SCALE
Syn1167,Guest2000SCALE,,syn1167.2000SCALE.s06c@example.test,+15555001167,HH-291,,,SYNTHETIC S06C-2000-SCALE
Syn1168,Guest2000SCALE,,syn1168.2000SCALE.s06c@example.test,+15555001168,HH-292,,,SYNTHETIC S06C-2000-SCALE
Syn1169,Guest2000SCALE,,syn1169.2000SCALE.s06c@example.test,+15555001169,HH-292,,,SYNTHETIC S06C-2000-SCALE
Syn1170,Guest2000SCALE,,syn1170.2000SCALE.s06c@example.test,+15555001170,HH-292,,,SYNTHETIC S06C-2000-SCALE
Syn1171,Guest2000SCALE,,syn1171.2000SCALE.s06c@example.test,+15555001171,HH-292,,,SYNTHETIC S06C-2000-SCALE
Syn1172,Guest2000SCALE,,syn1172.2000SCALE.s06c@example.test,+15555001172,HH-293,,,SYNTHETIC S06C-2000-SCALE
Syn1173,Guest2000SCALE,,syn1173.2000SCALE.s06c@example.test,+15555001173,HH-293,,,SYNTHETIC S06C-2000-SCALE
Syn1174,Guest2000SCALE,,syn1174.2000SCALE.s06c@example.test,+15555001174,HH-293,,,SYNTHETIC S06C-2000-SCALE
Syn1175,Guest2000SCALE,,syn1175.2000SCALE.s06c@example.test,+15555001175,HH-293,,,SYNTHETIC S06C-2000-SCALE
Syn1176,Guest2000SCALE,,syn1176.2000SCALE.s06c@example.test,+15555001176,HH-294,,,SYNTHETIC S06C-2000-SCALE
Syn1177,Guest2000SCALE,,syn1177.2000SCALE.s06c@example.test,+15555001177,HH-294,,,SYNTHETIC S06C-2000-SCALE
Syn1178,Guest2000SCALE,,syn1178.2000SCALE.s06c@example.test,+15555001178,HH-294,,,SYNTHETIC S06C-2000-SCALE
Syn1179,Guest2000SCALE,,syn1179.2000SCALE.s06c@example.test,+15555001179,HH-294,,,SYNTHETIC S06C-2000-SCALE
Syn1180,Guest2000SCALE,,syn1180.2000SCALE.s06c@example.test,+15555001180,HH-295,,,SYNTHETIC S06C-2000-SCALE
Syn1181,Guest2000SCALE,,syn1181.2000SCALE.s06c@example.test,+15555001181,HH-295,,,SYNTHETIC S06C-2000-SCALE
Syn1182,Guest2000SCALE,,syn1182.2000SCALE.s06c@example.test,+15555001182,HH-295,,,SYNTHETIC S06C-2000-SCALE
Syn1183,Guest2000SCALE,,syn1183.2000SCALE.s06c@example.test,+15555001183,HH-295,,,SYNTHETIC S06C-2000-SCALE
Syn1184,Guest2000SCALE,,syn1184.2000SCALE.s06c@example.test,+15555001184,HH-296,,,SYNTHETIC S06C-2000-SCALE
Syn1185,Guest2000SCALE,,syn1185.2000SCALE.s06c@example.test,+15555001185,HH-296,,,SYNTHETIC S06C-2000-SCALE
Syn1186,Guest2000SCALE,,syn1186.2000SCALE.s06c@example.test,+15555001186,HH-296,,,SYNTHETIC S06C-2000-SCALE
Syn1187,Guest2000SCALE,,syn1187.2000SCALE.s06c@example.test,+15555001187,HH-296,,,SYNTHETIC S06C-2000-SCALE
Syn1188,Guest2000SCALE,,syn1188.2000SCALE.s06c@example.test,+15555001188,HH-297,,,SYNTHETIC S06C-2000-SCALE
Syn1189,Guest2000SCALE,,syn1189.2000SCALE.s06c@example.test,+15555001189,HH-297,,,SYNTHETIC S06C-2000-SCALE
Syn1190,Guest2000SCALE,,syn1190.2000SCALE.s06c@example.test,+15555001190,HH-297,,,SYNTHETIC S06C-2000-SCALE
Syn1191,Guest2000SCALE,,syn1191.2000SCALE.s06c@example.test,+15555001191,HH-297,,,SYNTHETIC S06C-2000-SCALE
Syn1192,Guest2000SCALE,,syn1192.2000SCALE.s06c@example.test,+15555001192,HH-298,,,SYNTHETIC S06C-2000-SCALE
Syn1193,Guest2000SCALE,,syn1193.2000SCALE.s06c@example.test,+15555001193,HH-298,,,SYNTHETIC S06C-2000-SCALE
Syn1194,Guest2000SCALE,,syn1194.2000SCALE.s06c@example.test,+15555001194,HH-298,,,SYNTHETIC S06C-2000-SCALE
Syn1195,Guest2000SCALE,,syn1195.2000SCALE.s06c@example.test,+15555001195,HH-298,,,SYNTHETIC S06C-2000-SCALE
Syn1196,Guest2000SCALE,,syn1196.2000SCALE.s06c@example.test,+15555001196,HH-299,,,SYNTHETIC S06C-2000-SCALE
Syn1197,Guest2000SCALE,,syn1197.2000SCALE.s06c@example.test,+15555001197,HH-299,,,SYNTHETIC S06C-2000-SCALE
Syn1198,Guest2000SCALE,,syn1198.2000SCALE.s06c@example.test,+15555001198,HH-299,,,SYNTHETIC S06C-2000-SCALE
Syn1199,Guest2000SCALE,,syn1199.2000SCALE.s06c@example.test,+15555001199,HH-299,,,SYNTHETIC S06C-2000-SCALE
Syn1200,Guest2000SCALE,,syn1200.2000SCALE.s06c@example.test,+15555001200,HH-300,,,SYNTHETIC S06C-2000-SCALE
Syn1201,Guest2000SCALE,,syn1201.2000SCALE.s06c@example.test,+15555001201,HH-300,,,SYNTHETIC S06C-2000-SCALE
Syn1202,Guest2000SCALE,,syn1202.2000SCALE.s06c@example.test,+15555001202,HH-300,,,SYNTHETIC S06C-2000-SCALE
Syn1203,Guest2000SCALE,,syn1203.2000SCALE.s06c@example.test,+15555001203,HH-300,,,SYNTHETIC S06C-2000-SCALE
Syn1204,Guest2000SCALE,,syn1204.2000SCALE.s06c@example.test,+15555001204,HH-301,,,SYNTHETIC S06C-2000-SCALE
Syn1205,Guest2000SCALE,,syn1205.2000SCALE.s06c@example.test,+15555001205,HH-301,,,SYNTHETIC S06C-2000-SCALE
Syn1206,Guest2000SCALE,,syn1206.2000SCALE.s06c@example.test,+15555001206,HH-301,,,SYNTHETIC S06C-2000-SCALE
Syn1207,Guest2000SCALE,,syn1207.2000SCALE.s06c@example.test,+15555001207,HH-301,,,SYNTHETIC S06C-2000-SCALE
Syn1208,Guest2000SCALE,,syn1208.2000SCALE.s06c@example.test,+15555001208,HH-302,,,SYNTHETIC S06C-2000-SCALE
Syn1209,Guest2000SCALE,,syn1209.2000SCALE.s06c@example.test,+15555001209,HH-302,,,SYNTHETIC S06C-2000-SCALE
Syn1210,Guest2000SCALE,,syn1210.2000SCALE.s06c@example.test,+15555001210,HH-302,,,SYNTHETIC S06C-2000-SCALE
Syn1211,Guest2000SCALE,,syn1211.2000SCALE.s06c@example.test,+15555001211,HH-302,,,SYNTHETIC S06C-2000-SCALE
Syn1212,Guest2000SCALE,,syn1212.2000SCALE.s06c@example.test,+15555001212,HH-303,,,SYNTHETIC S06C-2000-SCALE
Syn1213,Guest2000SCALE,,syn1213.2000SCALE.s06c@example.test,+15555001213,HH-303,,,SYNTHETIC S06C-2000-SCALE
Syn1214,Guest2000SCALE,,syn1214.2000SCALE.s06c@example.test,+15555001214,HH-303,,,SYNTHETIC S06C-2000-SCALE
Syn1215,Guest2000SCALE,,syn1215.2000SCALE.s06c@example.test,+15555001215,HH-303,,,SYNTHETIC S06C-2000-SCALE
Syn1216,Guest2000SCALE,,syn1216.2000SCALE.s06c@example.test,+15555001216,HH-304,,,SYNTHETIC S06C-2000-SCALE
Syn1217,Guest2000SCALE,,syn1217.2000SCALE.s06c@example.test,+15555001217,HH-304,,,SYNTHETIC S06C-2000-SCALE
Syn1218,Guest2000SCALE,,syn1218.2000SCALE.s06c@example.test,+15555001218,HH-304,,,SYNTHETIC S06C-2000-SCALE
Syn1219,Guest2000SCALE,,syn1219.2000SCALE.s06c@example.test,+15555001219,HH-304,,,SYNTHETIC S06C-2000-SCALE
Syn1220,Guest2000SCALE,,syn1220.2000SCALE.s06c@example.test,+15555001220,HH-305,,,SYNTHETIC S06C-2000-SCALE
Syn1221,Guest2000SCALE,,syn1221.2000SCALE.s06c@example.test,+15555001221,HH-305,,,SYNTHETIC S06C-2000-SCALE
Syn1222,Guest2000SCALE,,syn1222.2000SCALE.s06c@example.test,+15555001222,HH-305,,,SYNTHETIC S06C-2000-SCALE
Syn1223,Guest2000SCALE,,syn1223.2000SCALE.s06c@example.test,+15555001223,HH-305,,,SYNTHETIC S06C-2000-SCALE
Syn1224,Guest2000SCALE,,syn1224.2000SCALE.s06c@example.test,+15555001224,HH-306,,,SYNTHETIC S06C-2000-SCALE
Syn1225,Guest2000SCALE,,syn1225.2000SCALE.s06c@example.test,+15555001225,HH-306,,,SYNTHETIC S06C-2000-SCALE
Syn1226,Guest2000SCALE,,syn1226.2000SCALE.s06c@example.test,+15555001226,HH-306,,,SYNTHETIC S06C-2000-SCALE
Syn1227,Guest2000SCALE,,syn1227.2000SCALE.s06c@example.test,+15555001227,HH-306,,,SYNTHETIC S06C-2000-SCALE
Syn1228,Guest2000SCALE,,syn1228.2000SCALE.s06c@example.test,+15555001228,HH-307,,,SYNTHETIC S06C-2000-SCALE
Syn1229,Guest2000SCALE,,syn1229.2000SCALE.s06c@example.test,+15555001229,HH-307,,,SYNTHETIC S06C-2000-SCALE
Syn1230,Guest2000SCALE,,syn1230.2000SCALE.s06c@example.test,+15555001230,HH-307,,,SYNTHETIC S06C-2000-SCALE
Syn1231,Guest2000SCALE,,syn1231.2000SCALE.s06c@example.test,+15555001231,HH-307,,,SYNTHETIC S06C-2000-SCALE
Syn1232,Guest2000SCALE,,syn1232.2000SCALE.s06c@example.test,+15555001232,HH-308,,,SYNTHETIC S06C-2000-SCALE
Syn1233,Guest2000SCALE,,syn1233.2000SCALE.s06c@example.test,+15555001233,HH-308,,,SYNTHETIC S06C-2000-SCALE
Syn1234,Guest2000SCALE,,syn1234.2000SCALE.s06c@example.test,+15555001234,HH-308,,,SYNTHETIC S06C-2000-SCALE
Syn1235,Guest2000SCALE,,syn1235.2000SCALE.s06c@example.test,+15555001235,HH-308,,,SYNTHETIC S06C-2000-SCALE
Syn1236,Guest2000SCALE,,syn1236.2000SCALE.s06c@example.test,+15555001236,HH-309,,,SYNTHETIC S06C-2000-SCALE
Syn1237,Guest2000SCALE,,syn1237.2000SCALE.s06c@example.test,+15555001237,HH-309,,,SYNTHETIC S06C-2000-SCALE
Syn1238,Guest2000SCALE,,syn1238.2000SCALE.s06c@example.test,+15555001238,HH-309,,,SYNTHETIC S06C-2000-SCALE
Syn1239,Guest2000SCALE,,syn1239.2000SCALE.s06c@example.test,+15555001239,HH-309,,,SYNTHETIC S06C-2000-SCALE
Syn1240,Guest2000SCALE,,syn1240.2000SCALE.s06c@example.test,+15555001240,HH-310,,,SYNTHETIC S06C-2000-SCALE
Syn1241,Guest2000SCALE,,syn1241.2000SCALE.s06c@example.test,+15555001241,HH-310,,,SYNTHETIC S06C-2000-SCALE
Syn1242,Guest2000SCALE,,syn1242.2000SCALE.s06c@example.test,+15555001242,HH-310,,,SYNTHETIC S06C-2000-SCALE
Syn1243,Guest2000SCALE,,syn1243.2000SCALE.s06c@example.test,+15555001243,HH-310,,,SYNTHETIC S06C-2000-SCALE
Syn1244,Guest2000SCALE,,syn1244.2000SCALE.s06c@example.test,+15555001244,HH-311,,,SYNTHETIC S06C-2000-SCALE
Syn1245,Guest2000SCALE,,syn1245.2000SCALE.s06c@example.test,+15555001245,HH-311,,,SYNTHETIC S06C-2000-SCALE
Syn1246,Guest2000SCALE,,syn1246.2000SCALE.s06c@example.test,+15555001246,HH-311,,,SYNTHETIC S06C-2000-SCALE
Syn1247,Guest2000SCALE,,syn1247.2000SCALE.s06c@example.test,+15555001247,HH-311,,,SYNTHETIC S06C-2000-SCALE
Syn1248,Guest2000SCALE,,syn1248.2000SCALE.s06c@example.test,+15555001248,HH-312,,,SYNTHETIC S06C-2000-SCALE
Syn1249,Guest2000SCALE,,syn1249.2000SCALE.s06c@example.test,+15555001249,HH-312,,,SYNTHETIC S06C-2000-SCALE
Syn1250,Guest2000SCALE,,syn1250.2000SCALE.s06c@example.test,+15555001250,HH-312,,,SYNTHETIC S06C-2000-SCALE
Syn1251,Guest2000SCALE,,syn1251.2000SCALE.s06c@example.test,+15555001251,HH-312,,,SYNTHETIC S06C-2000-SCALE
Syn1252,Guest2000SCALE,,syn1252.2000SCALE.s06c@example.test,+15555001252,HH-313,,,SYNTHETIC S06C-2000-SCALE
Syn1253,Guest2000SCALE,,syn1253.2000SCALE.s06c@example.test,+15555001253,HH-313,,,SYNTHETIC S06C-2000-SCALE
Syn1254,Guest2000SCALE,,syn1254.2000SCALE.s06c@example.test,+15555001254,HH-313,,,SYNTHETIC S06C-2000-SCALE
Syn1255,Guest2000SCALE,,syn1255.2000SCALE.s06c@example.test,+15555001255,HH-313,,,SYNTHETIC S06C-2000-SCALE
Syn1256,Guest2000SCALE,,syn1256.2000SCALE.s06c@example.test,+15555001256,HH-314,,,SYNTHETIC S06C-2000-SCALE
Syn1257,Guest2000SCALE,,syn1257.2000SCALE.s06c@example.test,+15555001257,HH-314,,,SYNTHETIC S06C-2000-SCALE
Syn1258,Guest2000SCALE,,syn1258.2000SCALE.s06c@example.test,+15555001258,HH-314,,,SYNTHETIC S06C-2000-SCALE
Syn1259,Guest2000SCALE,,syn1259.2000SCALE.s06c@example.test,+15555001259,HH-314,,,SYNTHETIC S06C-2000-SCALE
Syn1260,Guest2000SCALE,,syn1260.2000SCALE.s06c@example.test,+15555001260,HH-315,,,SYNTHETIC S06C-2000-SCALE
Syn1261,Guest2000SCALE,,syn1261.2000SCALE.s06c@example.test,+15555001261,HH-315,,,SYNTHETIC S06C-2000-SCALE
Syn1262,Guest2000SCALE,,syn1262.2000SCALE.s06c@example.test,+15555001262,HH-315,,,SYNTHETIC S06C-2000-SCALE
Syn1263,Guest2000SCALE,,syn1263.2000SCALE.s06c@example.test,+15555001263,HH-315,,,SYNTHETIC S06C-2000-SCALE
Syn1264,Guest2000SCALE,,syn1264.2000SCALE.s06c@example.test,+15555001264,HH-316,,,SYNTHETIC S06C-2000-SCALE
Syn1265,Guest2000SCALE,,syn1265.2000SCALE.s06c@example.test,+15555001265,HH-316,,,SYNTHETIC S06C-2000-SCALE
Syn1266,Guest2000SCALE,,syn1266.2000SCALE.s06c@example.test,+15555001266,HH-316,,,SYNTHETIC S06C-2000-SCALE
Syn1267,Guest2000SCALE,,syn1267.2000SCALE.s06c@example.test,+15555001267,HH-316,,,SYNTHETIC S06C-2000-SCALE
Syn1268,Guest2000SCALE,,syn1268.2000SCALE.s06c@example.test,+15555001268,HH-317,,,SYNTHETIC S06C-2000-SCALE
Syn1269,Guest2000SCALE,,syn1269.2000SCALE.s06c@example.test,+15555001269,HH-317,,,SYNTHETIC S06C-2000-SCALE
Syn1270,Guest2000SCALE,,syn1270.2000SCALE.s06c@example.test,+15555001270,HH-317,,,SYNTHETIC S06C-2000-SCALE
Syn1271,Guest2000SCALE,,syn1271.2000SCALE.s06c@example.test,+15555001271,HH-317,,,SYNTHETIC S06C-2000-SCALE
Syn1272,Guest2000SCALE,,syn1272.2000SCALE.s06c@example.test,+15555001272,HH-318,,,SYNTHETIC S06C-2000-SCALE
Syn1273,Guest2000SCALE,,syn1273.2000SCALE.s06c@example.test,+15555001273,HH-318,,,SYNTHETIC S06C-2000-SCALE
Syn1274,Guest2000SCALE,,syn1274.2000SCALE.s06c@example.test,+15555001274,HH-318,,,SYNTHETIC S06C-2000-SCALE
Syn1275,Guest2000SCALE,,syn1275.2000SCALE.s06c@example.test,+15555001275,HH-318,,,SYNTHETIC S06C-2000-SCALE
Syn1276,Guest2000SCALE,,syn1276.2000SCALE.s06c@example.test,+15555001276,HH-319,,,SYNTHETIC S06C-2000-SCALE
Syn1277,Guest2000SCALE,,syn1277.2000SCALE.s06c@example.test,+15555001277,HH-319,,,SYNTHETIC S06C-2000-SCALE
Syn1278,Guest2000SCALE,,syn1278.2000SCALE.s06c@example.test,+15555001278,HH-319,,,SYNTHETIC S06C-2000-SCALE
Syn1279,Guest2000SCALE,,syn1279.2000SCALE.s06c@example.test,+15555001279,HH-319,,,SYNTHETIC S06C-2000-SCALE
Syn1280,Guest2000SCALE,,syn1280.2000SCALE.s06c@example.test,+15555001280,HH-320,,,SYNTHETIC S06C-2000-SCALE
Syn1281,Guest2000SCALE,,syn1281.2000SCALE.s06c@example.test,+15555001281,HH-320,,,SYNTHETIC S06C-2000-SCALE
Syn1282,Guest2000SCALE,,syn1282.2000SCALE.s06c@example.test,+15555001282,HH-320,,,SYNTHETIC S06C-2000-SCALE
Syn1283,Guest2000SCALE,,syn1283.2000SCALE.s06c@example.test,+15555001283,HH-320,,,SYNTHETIC S06C-2000-SCALE
Syn1284,Guest2000SCALE,,syn1284.2000SCALE.s06c@example.test,+15555001284,HH-321,,,SYNTHETIC S06C-2000-SCALE
Syn1285,Guest2000SCALE,,syn1285.2000SCALE.s06c@example.test,+15555001285,HH-321,,,SYNTHETIC S06C-2000-SCALE
Syn1286,Guest2000SCALE,,syn1286.2000SCALE.s06c@example.test,+15555001286,HH-321,,,SYNTHETIC S06C-2000-SCALE
Syn1287,Guest2000SCALE,,syn1287.2000SCALE.s06c@example.test,+15555001287,HH-321,,,SYNTHETIC S06C-2000-SCALE
Syn1288,Guest2000SCALE,,syn1288.2000SCALE.s06c@example.test,+15555001288,HH-322,,,SYNTHETIC S06C-2000-SCALE
Syn1289,Guest2000SCALE,,syn1289.2000SCALE.s06c@example.test,+15555001289,HH-322,,,SYNTHETIC S06C-2000-SCALE
Syn1290,Guest2000SCALE,,syn1290.2000SCALE.s06c@example.test,+15555001290,HH-322,,,SYNTHETIC S06C-2000-SCALE
Syn1291,Guest2000SCALE,,syn1291.2000SCALE.s06c@example.test,+15555001291,HH-322,,,SYNTHETIC S06C-2000-SCALE
Syn1292,Guest2000SCALE,,syn1292.2000SCALE.s06c@example.test,+15555001292,HH-323,,,SYNTHETIC S06C-2000-SCALE
Syn1293,Guest2000SCALE,,syn1293.2000SCALE.s06c@example.test,+15555001293,HH-323,,,SYNTHETIC S06C-2000-SCALE
Syn1294,Guest2000SCALE,,syn1294.2000SCALE.s06c@example.test,+15555001294,HH-323,,,SYNTHETIC S06C-2000-SCALE
Syn1295,Guest2000SCALE,,syn1295.2000SCALE.s06c@example.test,+15555001295,HH-323,,,SYNTHETIC S06C-2000-SCALE
Syn1296,Guest2000SCALE,,syn1296.2000SCALE.s06c@example.test,+15555001296,HH-324,,,SYNTHETIC S06C-2000-SCALE
Syn1297,Guest2000SCALE,,syn1297.2000SCALE.s06c@example.test,+15555001297,HH-324,,,SYNTHETIC S06C-2000-SCALE
Syn1298,Guest2000SCALE,,syn1298.2000SCALE.s06c@example.test,+15555001298,HH-324,,,SYNTHETIC S06C-2000-SCALE
Syn1299,Guest2000SCALE,,syn1299.2000SCALE.s06c@example.test,+15555001299,HH-324,,,SYNTHETIC S06C-2000-SCALE
Syn1300,Guest2000SCALE,,syn1300.2000SCALE.s06c@example.test,+15555001300,HH-325,,,SYNTHETIC S06C-2000-SCALE
Syn1301,Guest2000SCALE,,syn1301.2000SCALE.s06c@example.test,+15555001301,HH-325,,,SYNTHETIC S06C-2000-SCALE
Syn1302,Guest2000SCALE,,syn1302.2000SCALE.s06c@example.test,+15555001302,HH-325,,,SYNTHETIC S06C-2000-SCALE
Syn1303,Guest2000SCALE,,syn1303.2000SCALE.s06c@example.test,+15555001303,HH-325,,,SYNTHETIC S06C-2000-SCALE
Syn1304,Guest2000SCALE,,syn1304.2000SCALE.s06c@example.test,+15555001304,HH-326,,,SYNTHETIC S06C-2000-SCALE
Syn1305,Guest2000SCALE,,syn1305.2000SCALE.s06c@example.test,+15555001305,HH-326,,,SYNTHETIC S06C-2000-SCALE
Syn1306,Guest2000SCALE,,syn1306.2000SCALE.s06c@example.test,+15555001306,HH-326,,,SYNTHETIC S06C-2000-SCALE
Syn1307,Guest2000SCALE,,syn1307.2000SCALE.s06c@example.test,+15555001307,HH-326,,,SYNTHETIC S06C-2000-SCALE
Syn1308,Guest2000SCALE,,syn1308.2000SCALE.s06c@example.test,+15555001308,HH-327,,,SYNTHETIC S06C-2000-SCALE
Syn1309,Guest2000SCALE,,syn1309.2000SCALE.s06c@example.test,+15555001309,HH-327,,,SYNTHETIC S06C-2000-SCALE
Syn1310,Guest2000SCALE,,syn1310.2000SCALE.s06c@example.test,+15555001310,HH-327,,,SYNTHETIC S06C-2000-SCALE
Syn1311,Guest2000SCALE,,syn1311.2000SCALE.s06c@example.test,+15555001311,HH-327,,,SYNTHETIC S06C-2000-SCALE
Syn1312,Guest2000SCALE,,syn1312.2000SCALE.s06c@example.test,+15555001312,HH-328,,,SYNTHETIC S06C-2000-SCALE
Syn1313,Guest2000SCALE,,syn1313.2000SCALE.s06c@example.test,+15555001313,HH-328,,,SYNTHETIC S06C-2000-SCALE
Syn1314,Guest2000SCALE,,syn1314.2000SCALE.s06c@example.test,+15555001314,HH-328,,,SYNTHETIC S06C-2000-SCALE
Syn1315,Guest2000SCALE,,syn1315.2000SCALE.s06c@example.test,+15555001315,HH-328,,,SYNTHETIC S06C-2000-SCALE
Syn1316,Guest2000SCALE,,syn1316.2000SCALE.s06c@example.test,+15555001316,HH-329,,,SYNTHETIC S06C-2000-SCALE
Syn1317,Guest2000SCALE,,syn1317.2000SCALE.s06c@example.test,+15555001317,HH-329,,,SYNTHETIC S06C-2000-SCALE
Syn1318,Guest2000SCALE,,syn1318.2000SCALE.s06c@example.test,+15555001318,HH-329,,,SYNTHETIC S06C-2000-SCALE
Syn1319,Guest2000SCALE,,syn1319.2000SCALE.s06c@example.test,+15555001319,HH-329,,,SYNTHETIC S06C-2000-SCALE
Syn1320,Guest2000SCALE,,syn1320.2000SCALE.s06c@example.test,+15555001320,HH-330,,,SYNTHETIC S06C-2000-SCALE
Syn1321,Guest2000SCALE,,syn1321.2000SCALE.s06c@example.test,+15555001321,HH-330,,,SYNTHETIC S06C-2000-SCALE
Syn1322,Guest2000SCALE,,syn1322.2000SCALE.s06c@example.test,+15555001322,HH-330,,,SYNTHETIC S06C-2000-SCALE
Syn1323,Guest2000SCALE,,syn1323.2000SCALE.s06c@example.test,+15555001323,HH-330,,,SYNTHETIC S06C-2000-SCALE
Syn1324,Guest2000SCALE,,syn1324.2000SCALE.s06c@example.test,+15555001324,HH-331,,,SYNTHETIC S06C-2000-SCALE
Syn1325,Guest2000SCALE,,syn1325.2000SCALE.s06c@example.test,+15555001325,HH-331,,,SYNTHETIC S06C-2000-SCALE
Syn1326,Guest2000SCALE,,syn1326.2000SCALE.s06c@example.test,+15555001326,HH-331,,,SYNTHETIC S06C-2000-SCALE
Syn1327,Guest2000SCALE,,syn1327.2000SCALE.s06c@example.test,+15555001327,HH-331,,,SYNTHETIC S06C-2000-SCALE
Syn1328,Guest2000SCALE,,syn1328.2000SCALE.s06c@example.test,+15555001328,HH-332,,,SYNTHETIC S06C-2000-SCALE
Syn1329,Guest2000SCALE,,syn1329.2000SCALE.s06c@example.test,+15555001329,HH-332,,,SYNTHETIC S06C-2000-SCALE
Syn1330,Guest2000SCALE,,syn1330.2000SCALE.s06c@example.test,+15555001330,HH-332,,,SYNTHETIC S06C-2000-SCALE
Syn1331,Guest2000SCALE,,syn1331.2000SCALE.s06c@example.test,+15555001331,HH-332,,,SYNTHETIC S06C-2000-SCALE
Syn1332,Guest2000SCALE,,syn1332.2000SCALE.s06c@example.test,+15555001332,HH-333,,,SYNTHETIC S06C-2000-SCALE
Syn1333,Guest2000SCALE,,syn1333.2000SCALE.s06c@example.test,+15555001333,HH-333,,,SYNTHETIC S06C-2000-SCALE
Syn1334,Guest2000SCALE,,syn1334.2000SCALE.s06c@example.test,+15555001334,HH-333,,,SYNTHETIC S06C-2000-SCALE
Syn1335,Guest2000SCALE,,syn1335.2000SCALE.s06c@example.test,+15555001335,HH-333,,,SYNTHETIC S06C-2000-SCALE
Syn1336,Guest2000SCALE,,syn1336.2000SCALE.s06c@example.test,+15555001336,HH-334,,,SYNTHETIC S06C-2000-SCALE
Syn1337,Guest2000SCALE,,syn1337.2000SCALE.s06c@example.test,+15555001337,HH-334,,,SYNTHETIC S06C-2000-SCALE
Syn1338,Guest2000SCALE,,syn1338.2000SCALE.s06c@example.test,+15555001338,HH-334,,,SYNTHETIC S06C-2000-SCALE
Syn1339,Guest2000SCALE,,syn1339.2000SCALE.s06c@example.test,+15555001339,HH-334,,,SYNTHETIC S06C-2000-SCALE
Syn1340,Guest2000SCALE,,syn1340.2000SCALE.s06c@example.test,+15555001340,HH-335,,,SYNTHETIC S06C-2000-SCALE
Syn1341,Guest2000SCALE,,syn1341.2000SCALE.s06c@example.test,+15555001341,HH-335,,,SYNTHETIC S06C-2000-SCALE
Syn1342,Guest2000SCALE,,syn1342.2000SCALE.s06c@example.test,+15555001342,HH-335,,,SYNTHETIC S06C-2000-SCALE
Syn1343,Guest2000SCALE,,syn1343.2000SCALE.s06c@example.test,+15555001343,HH-335,,,SYNTHETIC S06C-2000-SCALE
Syn1344,Guest2000SCALE,,syn1344.2000SCALE.s06c@example.test,+15555001344,HH-336,,,SYNTHETIC S06C-2000-SCALE
Syn1345,Guest2000SCALE,,syn1345.2000SCALE.s06c@example.test,+15555001345,HH-336,,,SYNTHETIC S06C-2000-SCALE
Syn1346,Guest2000SCALE,,syn1346.2000SCALE.s06c@example.test,+15555001346,HH-336,,,SYNTHETIC S06C-2000-SCALE
Syn1347,Guest2000SCALE,,syn1347.2000SCALE.s06c@example.test,+15555001347,HH-336,,,SYNTHETIC S06C-2000-SCALE
Syn1348,Guest2000SCALE,,syn1348.2000SCALE.s06c@example.test,+15555001348,HH-337,,,SYNTHETIC S06C-2000-SCALE
Syn1349,Guest2000SCALE,,syn1349.2000SCALE.s06c@example.test,+15555001349,HH-337,,,SYNTHETIC S06C-2000-SCALE
Syn1350,Guest2000SCALE,,syn1350.2000SCALE.s06c@example.test,+15555001350,HH-337,,,SYNTHETIC S06C-2000-SCALE
Syn1351,Guest2000SCALE,,syn1351.2000SCALE.s06c@example.test,+15555001351,HH-337,,,SYNTHETIC S06C-2000-SCALE
Syn1352,Guest2000SCALE,,syn1352.2000SCALE.s06c@example.test,+15555001352,HH-338,,,SYNTHETIC S06C-2000-SCALE
Syn1353,Guest2000SCALE,,syn1353.2000SCALE.s06c@example.test,+15555001353,HH-338,,,SYNTHETIC S06C-2000-SCALE
Syn1354,Guest2000SCALE,,syn1354.2000SCALE.s06c@example.test,+15555001354,HH-338,,,SYNTHETIC S06C-2000-SCALE
Syn1355,Guest2000SCALE,,syn1355.2000SCALE.s06c@example.test,+15555001355,HH-338,,,SYNTHETIC S06C-2000-SCALE
Syn1356,Guest2000SCALE,,syn1356.2000SCALE.s06c@example.test,+15555001356,HH-339,,,SYNTHETIC S06C-2000-SCALE
Syn1357,Guest2000SCALE,,syn1357.2000SCALE.s06c@example.test,+15555001357,HH-339,,,SYNTHETIC S06C-2000-SCALE
Syn1358,Guest2000SCALE,,syn1358.2000SCALE.s06c@example.test,+15555001358,HH-339,,,SYNTHETIC S06C-2000-SCALE
Syn1359,Guest2000SCALE,,syn1359.2000SCALE.s06c@example.test,+15555001359,HH-339,,,SYNTHETIC S06C-2000-SCALE
Syn1360,Guest2000SCALE,,syn1360.2000SCALE.s06c@example.test,+15555001360,HH-340,,,SYNTHETIC S06C-2000-SCALE
Syn1361,Guest2000SCALE,,syn1361.2000SCALE.s06c@example.test,+15555001361,HH-340,,,SYNTHETIC S06C-2000-SCALE
Syn1362,Guest2000SCALE,,syn1362.2000SCALE.s06c@example.test,+15555001362,HH-340,,,SYNTHETIC S06C-2000-SCALE
Syn1363,Guest2000SCALE,,syn1363.2000SCALE.s06c@example.test,+15555001363,HH-340,,,SYNTHETIC S06C-2000-SCALE
Syn1364,Guest2000SCALE,,syn1364.2000SCALE.s06c@example.test,+15555001364,HH-341,,,SYNTHETIC S06C-2000-SCALE
Syn1365,Guest2000SCALE,,syn1365.2000SCALE.s06c@example.test,+15555001365,HH-341,,,SYNTHETIC S06C-2000-SCALE
Syn1366,Guest2000SCALE,,syn1366.2000SCALE.s06c@example.test,+15555001366,HH-341,,,SYNTHETIC S06C-2000-SCALE
Syn1367,Guest2000SCALE,,syn1367.2000SCALE.s06c@example.test,+15555001367,HH-341,,,SYNTHETIC S06C-2000-SCALE
Syn1368,Guest2000SCALE,,syn1368.2000SCALE.s06c@example.test,+15555001368,HH-342,,,SYNTHETIC S06C-2000-SCALE
Syn1369,Guest2000SCALE,,syn1369.2000SCALE.s06c@example.test,+15555001369,HH-342,,,SYNTHETIC S06C-2000-SCALE
Syn1370,Guest2000SCALE,,syn1370.2000SCALE.s06c@example.test,+15555001370,HH-342,,,SYNTHETIC S06C-2000-SCALE
Syn1371,Guest2000SCALE,,syn1371.2000SCALE.s06c@example.test,+15555001371,HH-342,,,SYNTHETIC S06C-2000-SCALE
Syn1372,Guest2000SCALE,,syn1372.2000SCALE.s06c@example.test,+15555001372,HH-343,,,SYNTHETIC S06C-2000-SCALE
Syn1373,Guest2000SCALE,,syn1373.2000SCALE.s06c@example.test,+15555001373,HH-343,,,SYNTHETIC S06C-2000-SCALE
Syn1374,Guest2000SCALE,,syn1374.2000SCALE.s06c@example.test,+15555001374,HH-343,,,SYNTHETIC S06C-2000-SCALE
Syn1375,Guest2000SCALE,,syn1375.2000SCALE.s06c@example.test,+15555001375,HH-343,,,SYNTHETIC S06C-2000-SCALE
Syn1376,Guest2000SCALE,,syn1376.2000SCALE.s06c@example.test,+15555001376,HH-344,,,SYNTHETIC S06C-2000-SCALE
Syn1377,Guest2000SCALE,,syn1377.2000SCALE.s06c@example.test,+15555001377,HH-344,,,SYNTHETIC S06C-2000-SCALE
Syn1378,Guest2000SCALE,,syn1378.2000SCALE.s06c@example.test,+15555001378,HH-344,,,SYNTHETIC S06C-2000-SCALE
Syn1379,Guest2000SCALE,,syn1379.2000SCALE.s06c@example.test,+15555001379,HH-344,,,SYNTHETIC S06C-2000-SCALE
Syn1380,Guest2000SCALE,,syn1380.2000SCALE.s06c@example.test,+15555001380,HH-345,,,SYNTHETIC S06C-2000-SCALE
Syn1381,Guest2000SCALE,,syn1381.2000SCALE.s06c@example.test,+15555001381,HH-345,,,SYNTHETIC S06C-2000-SCALE
Syn1382,Guest2000SCALE,,syn1382.2000SCALE.s06c@example.test,+15555001382,HH-345,,,SYNTHETIC S06C-2000-SCALE
Syn1383,Guest2000SCALE,,syn1383.2000SCALE.s06c@example.test,+15555001383,HH-345,,,SYNTHETIC S06C-2000-SCALE
Syn1384,Guest2000SCALE,,syn1384.2000SCALE.s06c@example.test,+15555001384,HH-346,,,SYNTHETIC S06C-2000-SCALE
Syn1385,Guest2000SCALE,,syn1385.2000SCALE.s06c@example.test,+15555001385,HH-346,,,SYNTHETIC S06C-2000-SCALE
Syn1386,Guest2000SCALE,,syn1386.2000SCALE.s06c@example.test,+15555001386,HH-346,,,SYNTHETIC S06C-2000-SCALE
Syn1387,Guest2000SCALE,,syn1387.2000SCALE.s06c@example.test,+15555001387,HH-346,,,SYNTHETIC S06C-2000-SCALE
Syn1388,Guest2000SCALE,,syn1388.2000SCALE.s06c@example.test,+15555001388,HH-347,,,SYNTHETIC S06C-2000-SCALE
Syn1389,Guest2000SCALE,,syn1389.2000SCALE.s06c@example.test,+15555001389,HH-347,,,SYNTHETIC S06C-2000-SCALE
Syn1390,Guest2000SCALE,,syn1390.2000SCALE.s06c@example.test,+15555001390,HH-347,,,SYNTHETIC S06C-2000-SCALE
Syn1391,Guest2000SCALE,,syn1391.2000SCALE.s06c@example.test,+15555001391,HH-347,,,SYNTHETIC S06C-2000-SCALE
Syn1392,Guest2000SCALE,,syn1392.2000SCALE.s06c@example.test,+15555001392,HH-348,,,SYNTHETIC S06C-2000-SCALE
Syn1393,Guest2000SCALE,,syn1393.2000SCALE.s06c@example.test,+15555001393,HH-348,,,SYNTHETIC S06C-2000-SCALE
Syn1394,Guest2000SCALE,,syn1394.2000SCALE.s06c@example.test,+15555001394,HH-348,,,SYNTHETIC S06C-2000-SCALE
Syn1395,Guest2000SCALE,,syn1395.2000SCALE.s06c@example.test,+15555001395,HH-348,,,SYNTHETIC S06C-2000-SCALE
Syn1396,Guest2000SCALE,,syn1396.2000SCALE.s06c@example.test,+15555001396,HH-349,,,SYNTHETIC S06C-2000-SCALE
Syn1397,Guest2000SCALE,,syn1397.2000SCALE.s06c@example.test,+15555001397,HH-349,,,SYNTHETIC S06C-2000-SCALE
Syn1398,Guest2000SCALE,,syn1398.2000SCALE.s06c@example.test,+15555001398,HH-349,,,SYNTHETIC S06C-2000-SCALE
Syn1399,Guest2000SCALE,,syn1399.2000SCALE.s06c@example.test,+15555001399,HH-349,,,SYNTHETIC S06C-2000-SCALE
Syn1400,Guest2000SCALE,,syn1400.2000SCALE.s06c@example.test,+15555001400,HH-350,,,SYNTHETIC S06C-2000-SCALE
Syn1401,Guest2000SCALE,,syn1401.2000SCALE.s06c@example.test,+15555001401,HH-350,,,SYNTHETIC S06C-2000-SCALE
Syn1402,Guest2000SCALE,,syn1402.2000SCALE.s06c@example.test,+15555001402,HH-350,,,SYNTHETIC S06C-2000-SCALE
Syn1403,Guest2000SCALE,,syn1403.2000SCALE.s06c@example.test,+15555001403,HH-350,,,SYNTHETIC S06C-2000-SCALE
Syn1404,Guest2000SCALE,,syn1404.2000SCALE.s06c@example.test,+15555001404,HH-351,,,SYNTHETIC S06C-2000-SCALE
Syn1405,Guest2000SCALE,,syn1405.2000SCALE.s06c@example.test,+15555001405,HH-351,,,SYNTHETIC S06C-2000-SCALE
Syn1406,Guest2000SCALE,,syn1406.2000SCALE.s06c@example.test,+15555001406,HH-351,,,SYNTHETIC S06C-2000-SCALE
Syn1407,Guest2000SCALE,,syn1407.2000SCALE.s06c@example.test,+15555001407,HH-351,,,SYNTHETIC S06C-2000-SCALE
Syn1408,Guest2000SCALE,,syn1408.2000SCALE.s06c@example.test,+15555001408,HH-352,,,SYNTHETIC S06C-2000-SCALE
Syn1409,Guest2000SCALE,,syn1409.2000SCALE.s06c@example.test,+15555001409,HH-352,,,SYNTHETIC S06C-2000-SCALE
Syn1410,Guest2000SCALE,,syn1410.2000SCALE.s06c@example.test,+15555001410,HH-352,,,SYNTHETIC S06C-2000-SCALE
Syn1411,Guest2000SCALE,,syn1411.2000SCALE.s06c@example.test,+15555001411,HH-352,,,SYNTHETIC S06C-2000-SCALE
Syn1412,Guest2000SCALE,,syn1412.2000SCALE.s06c@example.test,+15555001412,HH-353,,,SYNTHETIC S06C-2000-SCALE
Syn1413,Guest2000SCALE,,syn1413.2000SCALE.s06c@example.test,+15555001413,HH-353,,,SYNTHETIC S06C-2000-SCALE
Syn1414,Guest2000SCALE,,syn1414.2000SCALE.s06c@example.test,+15555001414,HH-353,,,SYNTHETIC S06C-2000-SCALE
Syn1415,Guest2000SCALE,,syn1415.2000SCALE.s06c@example.test,+15555001415,HH-353,,,SYNTHETIC S06C-2000-SCALE
Syn1416,Guest2000SCALE,,syn1416.2000SCALE.s06c@example.test,+15555001416,HH-354,,,SYNTHETIC S06C-2000-SCALE
Syn1417,Guest2000SCALE,,syn1417.2000SCALE.s06c@example.test,+15555001417,HH-354,,,SYNTHETIC S06C-2000-SCALE
Syn1418,Guest2000SCALE,,syn1418.2000SCALE.s06c@example.test,+15555001418,HH-354,,,SYNTHETIC S06C-2000-SCALE
Syn1419,Guest2000SCALE,,syn1419.2000SCALE.s06c@example.test,+15555001419,HH-354,,,SYNTHETIC S06C-2000-SCALE
Syn1420,Guest2000SCALE,,syn1420.2000SCALE.s06c@example.test,+15555001420,HH-355,,,SYNTHETIC S06C-2000-SCALE
Syn1421,Guest2000SCALE,,syn1421.2000SCALE.s06c@example.test,+15555001421,HH-355,,,SYNTHETIC S06C-2000-SCALE
Syn1422,Guest2000SCALE,,syn1422.2000SCALE.s06c@example.test,+15555001422,HH-355,,,SYNTHETIC S06C-2000-SCALE
Syn1423,Guest2000SCALE,,syn1423.2000SCALE.s06c@example.test,+15555001423,HH-355,,,SYNTHETIC S06C-2000-SCALE
Syn1424,Guest2000SCALE,,syn1424.2000SCALE.s06c@example.test,+15555001424,HH-356,,,SYNTHETIC S06C-2000-SCALE
Syn1425,Guest2000SCALE,,syn1425.2000SCALE.s06c@example.test,+15555001425,HH-356,,,SYNTHETIC S06C-2000-SCALE
Syn1426,Guest2000SCALE,,syn1426.2000SCALE.s06c@example.test,+15555001426,HH-356,,,SYNTHETIC S06C-2000-SCALE
Syn1427,Guest2000SCALE,,syn1427.2000SCALE.s06c@example.test,+15555001427,HH-356,,,SYNTHETIC S06C-2000-SCALE
Syn1428,Guest2000SCALE,,syn1428.2000SCALE.s06c@example.test,+15555001428,HH-357,,,SYNTHETIC S06C-2000-SCALE
Syn1429,Guest2000SCALE,,syn1429.2000SCALE.s06c@example.test,+15555001429,HH-357,,,SYNTHETIC S06C-2000-SCALE
Syn1430,Guest2000SCALE,,syn1430.2000SCALE.s06c@example.test,+15555001430,HH-357,,,SYNTHETIC S06C-2000-SCALE
Syn1431,Guest2000SCALE,,syn1431.2000SCALE.s06c@example.test,+15555001431,HH-357,,,SYNTHETIC S06C-2000-SCALE
Syn1432,Guest2000SCALE,,syn1432.2000SCALE.s06c@example.test,+15555001432,HH-358,,,SYNTHETIC S06C-2000-SCALE
Syn1433,Guest2000SCALE,,syn1433.2000SCALE.s06c@example.test,+15555001433,HH-358,,,SYNTHETIC S06C-2000-SCALE
Syn1434,Guest2000SCALE,,syn1434.2000SCALE.s06c@example.test,+15555001434,HH-358,,,SYNTHETIC S06C-2000-SCALE
Syn1435,Guest2000SCALE,,syn1435.2000SCALE.s06c@example.test,+15555001435,HH-358,,,SYNTHETIC S06C-2000-SCALE
Syn1436,Guest2000SCALE,,syn1436.2000SCALE.s06c@example.test,+15555001436,HH-359,,,SYNTHETIC S06C-2000-SCALE
Syn1437,Guest2000SCALE,,syn1437.2000SCALE.s06c@example.test,+15555001437,HH-359,,,SYNTHETIC S06C-2000-SCALE
Syn1438,Guest2000SCALE,,syn1438.2000SCALE.s06c@example.test,+15555001438,HH-359,,,SYNTHETIC S06C-2000-SCALE
Syn1439,Guest2000SCALE,,syn1439.2000SCALE.s06c@example.test,+15555001439,HH-359,,,SYNTHETIC S06C-2000-SCALE
Syn1440,Guest2000SCALE,,syn1440.2000SCALE.s06c@example.test,+15555001440,HH-360,,,SYNTHETIC S06C-2000-SCALE
Syn1441,Guest2000SCALE,,syn1441.2000SCALE.s06c@example.test,+15555001441,HH-360,,,SYNTHETIC S06C-2000-SCALE
Syn1442,Guest2000SCALE,,syn1442.2000SCALE.s06c@example.test,+15555001442,HH-360,,,SYNTHETIC S06C-2000-SCALE
Syn1443,Guest2000SCALE,,syn1443.2000SCALE.s06c@example.test,+15555001443,HH-360,,,SYNTHETIC S06C-2000-SCALE
Syn1444,Guest2000SCALE,,syn1444.2000SCALE.s06c@example.test,+15555001444,HH-361,,,SYNTHETIC S06C-2000-SCALE
Syn1445,Guest2000SCALE,,syn1445.2000SCALE.s06c@example.test,+15555001445,HH-361,,,SYNTHETIC S06C-2000-SCALE
Syn1446,Guest2000SCALE,,syn1446.2000SCALE.s06c@example.test,+15555001446,HH-361,,,SYNTHETIC S06C-2000-SCALE
Syn1447,Guest2000SCALE,,syn1447.2000SCALE.s06c@example.test,+15555001447,HH-361,,,SYNTHETIC S06C-2000-SCALE
Syn1448,Guest2000SCALE,,syn1448.2000SCALE.s06c@example.test,+15555001448,HH-362,,,SYNTHETIC S06C-2000-SCALE
Syn1449,Guest2000SCALE,,syn1449.2000SCALE.s06c@example.test,+15555001449,HH-362,,,SYNTHETIC S06C-2000-SCALE
Syn1450,Guest2000SCALE,,syn1450.2000SCALE.s06c@example.test,+15555001450,HH-362,,,SYNTHETIC S06C-2000-SCALE
Syn1451,Guest2000SCALE,,syn1451.2000SCALE.s06c@example.test,+15555001451,HH-362,,,SYNTHETIC S06C-2000-SCALE
Syn1452,Guest2000SCALE,,syn1452.2000SCALE.s06c@example.test,+15555001452,HH-363,,,SYNTHETIC S06C-2000-SCALE
Syn1453,Guest2000SCALE,,syn1453.2000SCALE.s06c@example.test,+15555001453,HH-363,,,SYNTHETIC S06C-2000-SCALE
Syn1454,Guest2000SCALE,,syn1454.2000SCALE.s06c@example.test,+15555001454,HH-363,,,SYNTHETIC S06C-2000-SCALE
Syn1455,Guest2000SCALE,,syn1455.2000SCALE.s06c@example.test,+15555001455,HH-363,,,SYNTHETIC S06C-2000-SCALE
Syn1456,Guest2000SCALE,,syn1456.2000SCALE.s06c@example.test,+15555001456,HH-364,,,SYNTHETIC S06C-2000-SCALE
Syn1457,Guest2000SCALE,,syn1457.2000SCALE.s06c@example.test,+15555001457,HH-364,,,SYNTHETIC S06C-2000-SCALE
Syn1458,Guest2000SCALE,,syn1458.2000SCALE.s06c@example.test,+15555001458,HH-364,,,SYNTHETIC S06C-2000-SCALE
Syn1459,Guest2000SCALE,,syn1459.2000SCALE.s06c@example.test,+15555001459,HH-364,,,SYNTHETIC S06C-2000-SCALE
Syn1460,Guest2000SCALE,,syn1460.2000SCALE.s06c@example.test,+15555001460,HH-365,,,SYNTHETIC S06C-2000-SCALE
Syn1461,Guest2000SCALE,,syn1461.2000SCALE.s06c@example.test,+15555001461,HH-365,,,SYNTHETIC S06C-2000-SCALE
Syn1462,Guest2000SCALE,,syn1462.2000SCALE.s06c@example.test,+15555001462,HH-365,,,SYNTHETIC S06C-2000-SCALE
Syn1463,Guest2000SCALE,,syn1463.2000SCALE.s06c@example.test,+15555001463,HH-365,,,SYNTHETIC S06C-2000-SCALE
Syn1464,Guest2000SCALE,,syn1464.2000SCALE.s06c@example.test,+15555001464,HH-366,,,SYNTHETIC S06C-2000-SCALE
Syn1465,Guest2000SCALE,,syn1465.2000SCALE.s06c@example.test,+15555001465,HH-366,,,SYNTHETIC S06C-2000-SCALE
Syn1466,Guest2000SCALE,,syn1466.2000SCALE.s06c@example.test,+15555001466,HH-366,,,SYNTHETIC S06C-2000-SCALE
Syn1467,Guest2000SCALE,,syn1467.2000SCALE.s06c@example.test,+15555001467,HH-366,,,SYNTHETIC S06C-2000-SCALE
Syn1468,Guest2000SCALE,,syn1468.2000SCALE.s06c@example.test,+15555001468,HH-367,,,SYNTHETIC S06C-2000-SCALE
Syn1469,Guest2000SCALE,,syn1469.2000SCALE.s06c@example.test,+15555001469,HH-367,,,SYNTHETIC S06C-2000-SCALE
Syn1470,Guest2000SCALE,,syn1470.2000SCALE.s06c@example.test,+15555001470,HH-367,,,SYNTHETIC S06C-2000-SCALE
Syn1471,Guest2000SCALE,,syn1471.2000SCALE.s06c@example.test,+15555001471,HH-367,,,SYNTHETIC S06C-2000-SCALE
Syn1472,Guest2000SCALE,,syn1472.2000SCALE.s06c@example.test,+15555001472,HH-368,,,SYNTHETIC S06C-2000-SCALE
Syn1473,Guest2000SCALE,,syn1473.2000SCALE.s06c@example.test,+15555001473,HH-368,,,SYNTHETIC S06C-2000-SCALE
Syn1474,Guest2000SCALE,,syn1474.2000SCALE.s06c@example.test,+15555001474,HH-368,,,SYNTHETIC S06C-2000-SCALE
Syn1475,Guest2000SCALE,,syn1475.2000SCALE.s06c@example.test,+15555001475,HH-368,,,SYNTHETIC S06C-2000-SCALE
Syn1476,Guest2000SCALE,,syn1476.2000SCALE.s06c@example.test,+15555001476,HH-369,,,SYNTHETIC S06C-2000-SCALE
Syn1477,Guest2000SCALE,,syn1477.2000SCALE.s06c@example.test,+15555001477,HH-369,,,SYNTHETIC S06C-2000-SCALE
Syn1478,Guest2000SCALE,,syn1478.2000SCALE.s06c@example.test,+15555001478,HH-369,,,SYNTHETIC S06C-2000-SCALE
Syn1479,Guest2000SCALE,,syn1479.2000SCALE.s06c@example.test,+15555001479,HH-369,,,SYNTHETIC S06C-2000-SCALE
Syn1480,Guest2000SCALE,,syn1480.2000SCALE.s06c@example.test,+15555001480,HH-370,,,SYNTHETIC S06C-2000-SCALE
Syn1481,Guest2000SCALE,,syn1481.2000SCALE.s06c@example.test,+15555001481,HH-370,,,SYNTHETIC S06C-2000-SCALE
Syn1482,Guest2000SCALE,,syn1482.2000SCALE.s06c@example.test,+15555001482,HH-370,,,SYNTHETIC S06C-2000-SCALE
Syn1483,Guest2000SCALE,,syn1483.2000SCALE.s06c@example.test,+15555001483,HH-370,,,SYNTHETIC S06C-2000-SCALE
Syn1484,Guest2000SCALE,,syn1484.2000SCALE.s06c@example.test,+15555001484,HH-371,,,SYNTHETIC S06C-2000-SCALE
Syn1485,Guest2000SCALE,,syn1485.2000SCALE.s06c@example.test,+15555001485,HH-371,,,SYNTHETIC S06C-2000-SCALE
Syn1486,Guest2000SCALE,,syn1486.2000SCALE.s06c@example.test,+15555001486,HH-371,,,SYNTHETIC S06C-2000-SCALE
Syn1487,Guest2000SCALE,,syn1487.2000SCALE.s06c@example.test,+15555001487,HH-371,,,SYNTHETIC S06C-2000-SCALE
Syn1488,Guest2000SCALE,,syn1488.2000SCALE.s06c@example.test,+15555001488,HH-372,,,SYNTHETIC S06C-2000-SCALE
Syn1489,Guest2000SCALE,,syn1489.2000SCALE.s06c@example.test,+15555001489,HH-372,,,SYNTHETIC S06C-2000-SCALE
Syn1490,Guest2000SCALE,,syn1490.2000SCALE.s06c@example.test,+15555001490,HH-372,,,SYNTHETIC S06C-2000-SCALE
Syn1491,Guest2000SCALE,,syn1491.2000SCALE.s06c@example.test,+15555001491,HH-372,,,SYNTHETIC S06C-2000-SCALE
Syn1492,Guest2000SCALE,,syn1492.2000SCALE.s06c@example.test,+15555001492,HH-373,,,SYNTHETIC S06C-2000-SCALE
Syn1493,Guest2000SCALE,,syn1493.2000SCALE.s06c@example.test,+15555001493,HH-373,,,SYNTHETIC S06C-2000-SCALE
Syn1494,Guest2000SCALE,,syn1494.2000SCALE.s06c@example.test,+15555001494,HH-373,,,SYNTHETIC S06C-2000-SCALE
Syn1495,Guest2000SCALE,,syn1495.2000SCALE.s06c@example.test,+15555001495,HH-373,,,SYNTHETIC S06C-2000-SCALE
Syn1496,Guest2000SCALE,,syn1496.2000SCALE.s06c@example.test,+15555001496,HH-374,,,SYNTHETIC S06C-2000-SCALE
Syn1497,Guest2000SCALE,,syn1497.2000SCALE.s06c@example.test,+15555001497,HH-374,,,SYNTHETIC S06C-2000-SCALE
Syn1498,Guest2000SCALE,,syn1498.2000SCALE.s06c@example.test,+15555001498,HH-374,,,SYNTHETIC S06C-2000-SCALE
Syn1499,Guest2000SCALE,,syn1499.2000SCALE.s06c@example.test,+15555001499,HH-374,,,SYNTHETIC S06C-2000-SCALE
Syn1500,Guest2000SCALE,,syn1500.2000SCALE.s06c@example.test,+15555001500,HH-375,,,SYNTHETIC S06C-2000-SCALE
Syn1501,Guest2000SCALE,,syn1501.2000SCALE.s06c@example.test,+15555001501,HH-375,,,SYNTHETIC S06C-2000-SCALE
Syn1502,Guest2000SCALE,,syn1502.2000SCALE.s06c@example.test,+15555001502,HH-375,,,SYNTHETIC S06C-2000-SCALE
Syn1503,Guest2000SCALE,,syn1503.2000SCALE.s06c@example.test,+15555001503,HH-375,,,SYNTHETIC S06C-2000-SCALE
Syn1504,Guest2000SCALE,,syn1504.2000SCALE.s06c@example.test,+15555001504,HH-376,,,SYNTHETIC S06C-2000-SCALE
Syn1505,Guest2000SCALE,,syn1505.2000SCALE.s06c@example.test,+15555001505,HH-376,,,SYNTHETIC S06C-2000-SCALE
Syn1506,Guest2000SCALE,,syn1506.2000SCALE.s06c@example.test,+15555001506,HH-376,,,SYNTHETIC S06C-2000-SCALE
Syn1507,Guest2000SCALE,,syn1507.2000SCALE.s06c@example.test,+15555001507,HH-376,,,SYNTHETIC S06C-2000-SCALE
Syn1508,Guest2000SCALE,,syn1508.2000SCALE.s06c@example.test,+15555001508,HH-377,,,SYNTHETIC S06C-2000-SCALE
Syn1509,Guest2000SCALE,,syn1509.2000SCALE.s06c@example.test,+15555001509,HH-377,,,SYNTHETIC S06C-2000-SCALE
Syn1510,Guest2000SCALE,,syn1510.2000SCALE.s06c@example.test,+15555001510,HH-377,,,SYNTHETIC S06C-2000-SCALE
Syn1511,Guest2000SCALE,,syn1511.2000SCALE.s06c@example.test,+15555001511,HH-377,,,SYNTHETIC S06C-2000-SCALE
Syn1512,Guest2000SCALE,,syn1512.2000SCALE.s06c@example.test,+15555001512,HH-378,,,SYNTHETIC S06C-2000-SCALE
Syn1513,Guest2000SCALE,,syn1513.2000SCALE.s06c@example.test,+15555001513,HH-378,,,SYNTHETIC S06C-2000-SCALE
Syn1514,Guest2000SCALE,,syn1514.2000SCALE.s06c@example.test,+15555001514,HH-378,,,SYNTHETIC S06C-2000-SCALE
Syn1515,Guest2000SCALE,,syn1515.2000SCALE.s06c@example.test,+15555001515,HH-378,,,SYNTHETIC S06C-2000-SCALE
Syn1516,Guest2000SCALE,,syn1516.2000SCALE.s06c@example.test,+15555001516,HH-379,,,SYNTHETIC S06C-2000-SCALE
Syn1517,Guest2000SCALE,,syn1517.2000SCALE.s06c@example.test,+15555001517,HH-379,,,SYNTHETIC S06C-2000-SCALE
Syn1518,Guest2000SCALE,,syn1518.2000SCALE.s06c@example.test,+15555001518,HH-379,,,SYNTHETIC S06C-2000-SCALE
Syn1519,Guest2000SCALE,,syn1519.2000SCALE.s06c@example.test,+15555001519,HH-379,,,SYNTHETIC S06C-2000-SCALE
Syn1520,Guest2000SCALE,,syn1520.2000SCALE.s06c@example.test,+15555001520,HH-380,,,SYNTHETIC S06C-2000-SCALE
Syn1521,Guest2000SCALE,,syn1521.2000SCALE.s06c@example.test,+15555001521,HH-380,,,SYNTHETIC S06C-2000-SCALE
Syn1522,Guest2000SCALE,,syn1522.2000SCALE.s06c@example.test,+15555001522,HH-380,,,SYNTHETIC S06C-2000-SCALE
Syn1523,Guest2000SCALE,,syn1523.2000SCALE.s06c@example.test,+15555001523,HH-380,,,SYNTHETIC S06C-2000-SCALE
Syn1524,Guest2000SCALE,,syn1524.2000SCALE.s06c@example.test,+15555001524,HH-381,,,SYNTHETIC S06C-2000-SCALE
Syn1525,Guest2000SCALE,,syn1525.2000SCALE.s06c@example.test,+15555001525,HH-381,,,SYNTHETIC S06C-2000-SCALE
Syn1526,Guest2000SCALE,,syn1526.2000SCALE.s06c@example.test,+15555001526,HH-381,,,SYNTHETIC S06C-2000-SCALE
Syn1527,Guest2000SCALE,,syn1527.2000SCALE.s06c@example.test,+15555001527,HH-381,,,SYNTHETIC S06C-2000-SCALE
Syn1528,Guest2000SCALE,,syn1528.2000SCALE.s06c@example.test,+15555001528,HH-382,,,SYNTHETIC S06C-2000-SCALE
Syn1529,Guest2000SCALE,,syn1529.2000SCALE.s06c@example.test,+15555001529,HH-382,,,SYNTHETIC S06C-2000-SCALE
Syn1530,Guest2000SCALE,,syn1530.2000SCALE.s06c@example.test,+15555001530,HH-382,,,SYNTHETIC S06C-2000-SCALE
Syn1531,Guest2000SCALE,,syn1531.2000SCALE.s06c@example.test,+15555001531,HH-382,,,SYNTHETIC S06C-2000-SCALE
Syn1532,Guest2000SCALE,,syn1532.2000SCALE.s06c@example.test,+15555001532,HH-383,,,SYNTHETIC S06C-2000-SCALE
Syn1533,Guest2000SCALE,,syn1533.2000SCALE.s06c@example.test,+15555001533,HH-383,,,SYNTHETIC S06C-2000-SCALE
Syn1534,Guest2000SCALE,,syn1534.2000SCALE.s06c@example.test,+15555001534,HH-383,,,SYNTHETIC S06C-2000-SCALE
Syn1535,Guest2000SCALE,,syn1535.2000SCALE.s06c@example.test,+15555001535,HH-383,,,SYNTHETIC S06C-2000-SCALE
Syn1536,Guest2000SCALE,,syn1536.2000SCALE.s06c@example.test,+15555001536,HH-384,,,SYNTHETIC S06C-2000-SCALE
Syn1537,Guest2000SCALE,,syn1537.2000SCALE.s06c@example.test,+15555001537,HH-384,,,SYNTHETIC S06C-2000-SCALE
Syn1538,Guest2000SCALE,,syn1538.2000SCALE.s06c@example.test,+15555001538,HH-384,,,SYNTHETIC S06C-2000-SCALE
Syn1539,Guest2000SCALE,,syn1539.2000SCALE.s06c@example.test,+15555001539,HH-384,,,SYNTHETIC S06C-2000-SCALE
Syn1540,Guest2000SCALE,,syn1540.2000SCALE.s06c@example.test,+15555001540,HH-385,,,SYNTHETIC S06C-2000-SCALE
Syn1541,Guest2000SCALE,,syn1541.2000SCALE.s06c@example.test,+15555001541,HH-385,,,SYNTHETIC S06C-2000-SCALE
Syn1542,Guest2000SCALE,,syn1542.2000SCALE.s06c@example.test,+15555001542,HH-385,,,SYNTHETIC S06C-2000-SCALE
Syn1543,Guest2000SCALE,,syn1543.2000SCALE.s06c@example.test,+15555001543,HH-385,,,SYNTHETIC S06C-2000-SCALE
Syn1544,Guest2000SCALE,,syn1544.2000SCALE.s06c@example.test,+15555001544,HH-386,,,SYNTHETIC S06C-2000-SCALE
Syn1545,Guest2000SCALE,,syn1545.2000SCALE.s06c@example.test,+15555001545,HH-386,,,SYNTHETIC S06C-2000-SCALE
Syn1546,Guest2000SCALE,,syn1546.2000SCALE.s06c@example.test,+15555001546,HH-386,,,SYNTHETIC S06C-2000-SCALE
Syn1547,Guest2000SCALE,,syn1547.2000SCALE.s06c@example.test,+15555001547,HH-386,,,SYNTHETIC S06C-2000-SCALE
Syn1548,Guest2000SCALE,,syn1548.2000SCALE.s06c@example.test,+15555001548,HH-387,,,SYNTHETIC S06C-2000-SCALE
Syn1549,Guest2000SCALE,,syn1549.2000SCALE.s06c@example.test,+15555001549,HH-387,,,SYNTHETIC S06C-2000-SCALE
Syn1550,Guest2000SCALE,,syn1550.2000SCALE.s06c@example.test,+15555001550,HH-387,,,SYNTHETIC S06C-2000-SCALE
Syn1551,Guest2000SCALE,,syn1551.2000SCALE.s06c@example.test,+15555001551,HH-387,,,SYNTHETIC S06C-2000-SCALE
Syn1552,Guest2000SCALE,,syn1552.2000SCALE.s06c@example.test,+15555001552,HH-388,,,SYNTHETIC S06C-2000-SCALE
Syn1553,Guest2000SCALE,,syn1553.2000SCALE.s06c@example.test,+15555001553,HH-388,,,SYNTHETIC S06C-2000-SCALE
Syn1554,Guest2000SCALE,,syn1554.2000SCALE.s06c@example.test,+15555001554,HH-388,,,SYNTHETIC S06C-2000-SCALE
Syn1555,Guest2000SCALE,,syn1555.2000SCALE.s06c@example.test,+15555001555,HH-388,,,SYNTHETIC S06C-2000-SCALE
Syn1556,Guest2000SCALE,,syn1556.2000SCALE.s06c@example.test,+15555001556,HH-389,,,SYNTHETIC S06C-2000-SCALE
Syn1557,Guest2000SCALE,,syn1557.2000SCALE.s06c@example.test,+15555001557,HH-389,,,SYNTHETIC S06C-2000-SCALE
Syn1558,Guest2000SCALE,,syn1558.2000SCALE.s06c@example.test,+15555001558,HH-389,,,SYNTHETIC S06C-2000-SCALE
Syn1559,Guest2000SCALE,,syn1559.2000SCALE.s06c@example.test,+15555001559,HH-389,,,SYNTHETIC S06C-2000-SCALE
Syn1560,Guest2000SCALE,,syn1560.2000SCALE.s06c@example.test,+15555001560,HH-390,,,SYNTHETIC S06C-2000-SCALE
Syn1561,Guest2000SCALE,,syn1561.2000SCALE.s06c@example.test,+15555001561,HH-390,,,SYNTHETIC S06C-2000-SCALE
Syn1562,Guest2000SCALE,,syn1562.2000SCALE.s06c@example.test,+15555001562,HH-390,,,SYNTHETIC S06C-2000-SCALE
Syn1563,Guest2000SCALE,,syn1563.2000SCALE.s06c@example.test,+15555001563,HH-390,,,SYNTHETIC S06C-2000-SCALE
Syn1564,Guest2000SCALE,,syn1564.2000SCALE.s06c@example.test,+15555001564,HH-391,,,SYNTHETIC S06C-2000-SCALE
Syn1565,Guest2000SCALE,,syn1565.2000SCALE.s06c@example.test,+15555001565,HH-391,,,SYNTHETIC S06C-2000-SCALE
Syn1566,Guest2000SCALE,,syn1566.2000SCALE.s06c@example.test,+15555001566,HH-391,,,SYNTHETIC S06C-2000-SCALE
Syn1567,Guest2000SCALE,,syn1567.2000SCALE.s06c@example.test,+15555001567,HH-391,,,SYNTHETIC S06C-2000-SCALE
Syn1568,Guest2000SCALE,,syn1568.2000SCALE.s06c@example.test,+15555001568,HH-392,,,SYNTHETIC S06C-2000-SCALE
Syn1569,Guest2000SCALE,,syn1569.2000SCALE.s06c@example.test,+15555001569,HH-392,,,SYNTHETIC S06C-2000-SCALE
Syn1570,Guest2000SCALE,,syn1570.2000SCALE.s06c@example.test,+15555001570,HH-392,,,SYNTHETIC S06C-2000-SCALE
Syn1571,Guest2000SCALE,,syn1571.2000SCALE.s06c@example.test,+15555001571,HH-392,,,SYNTHETIC S06C-2000-SCALE
Syn1572,Guest2000SCALE,,syn1572.2000SCALE.s06c@example.test,+15555001572,HH-393,,,SYNTHETIC S06C-2000-SCALE
Syn1573,Guest2000SCALE,,syn1573.2000SCALE.s06c@example.test,+15555001573,HH-393,,,SYNTHETIC S06C-2000-SCALE
Syn1574,Guest2000SCALE,,syn1574.2000SCALE.s06c@example.test,+15555001574,HH-393,,,SYNTHETIC S06C-2000-SCALE
Syn1575,Guest2000SCALE,,syn1575.2000SCALE.s06c@example.test,+15555001575,HH-393,,,SYNTHETIC S06C-2000-SCALE
Syn1576,Guest2000SCALE,,syn1576.2000SCALE.s06c@example.test,+15555001576,HH-394,,,SYNTHETIC S06C-2000-SCALE
Syn1577,Guest2000SCALE,,syn1577.2000SCALE.s06c@example.test,+15555001577,HH-394,,,SYNTHETIC S06C-2000-SCALE
Syn1578,Guest2000SCALE,,syn1578.2000SCALE.s06c@example.test,+15555001578,HH-394,,,SYNTHETIC S06C-2000-SCALE
Syn1579,Guest2000SCALE,,syn1579.2000SCALE.s06c@example.test,+15555001579,HH-394,,,SYNTHETIC S06C-2000-SCALE
Syn1580,Guest2000SCALE,,syn1580.2000SCALE.s06c@example.test,+15555001580,HH-395,,,SYNTHETIC S06C-2000-SCALE
Syn1581,Guest2000SCALE,,syn1581.2000SCALE.s06c@example.test,+15555001581,HH-395,,,SYNTHETIC S06C-2000-SCALE
Syn1582,Guest2000SCALE,,syn1582.2000SCALE.s06c@example.test,+15555001582,HH-395,,,SYNTHETIC S06C-2000-SCALE
Syn1583,Guest2000SCALE,,syn1583.2000SCALE.s06c@example.test,+15555001583,HH-395,,,SYNTHETIC S06C-2000-SCALE
Syn1584,Guest2000SCALE,,syn1584.2000SCALE.s06c@example.test,+15555001584,HH-396,,,SYNTHETIC S06C-2000-SCALE
Syn1585,Guest2000SCALE,,syn1585.2000SCALE.s06c@example.test,+15555001585,HH-396,,,SYNTHETIC S06C-2000-SCALE
Syn1586,Guest2000SCALE,,syn1586.2000SCALE.s06c@example.test,+15555001586,HH-396,,,SYNTHETIC S06C-2000-SCALE
Syn1587,Guest2000SCALE,,syn1587.2000SCALE.s06c@example.test,+15555001587,HH-396,,,SYNTHETIC S06C-2000-SCALE
Syn1588,Guest2000SCALE,,syn1588.2000SCALE.s06c@example.test,+15555001588,HH-397,,,SYNTHETIC S06C-2000-SCALE
Syn1589,Guest2000SCALE,,syn1589.2000SCALE.s06c@example.test,+15555001589,HH-397,,,SYNTHETIC S06C-2000-SCALE
Syn1590,Guest2000SCALE,,syn1590.2000SCALE.s06c@example.test,+15555001590,HH-397,,,SYNTHETIC S06C-2000-SCALE
Syn1591,Guest2000SCALE,,syn1591.2000SCALE.s06c@example.test,+15555001591,HH-397,,,SYNTHETIC S06C-2000-SCALE
Syn1592,Guest2000SCALE,,syn1592.2000SCALE.s06c@example.test,+15555001592,HH-398,,,SYNTHETIC S06C-2000-SCALE
Syn1593,Guest2000SCALE,,syn1593.2000SCALE.s06c@example.test,+15555001593,HH-398,,,SYNTHETIC S06C-2000-SCALE
Syn1594,Guest2000SCALE,,syn1594.2000SCALE.s06c@example.test,+15555001594,HH-398,,,SYNTHETIC S06C-2000-SCALE
Syn1595,Guest2000SCALE,,syn1595.2000SCALE.s06c@example.test,+15555001595,HH-398,,,SYNTHETIC S06C-2000-SCALE
Syn1596,Guest2000SCALE,,syn1596.2000SCALE.s06c@example.test,+15555001596,HH-399,,,SYNTHETIC S06C-2000-SCALE
Syn1597,Guest2000SCALE,,syn1597.2000SCALE.s06c@example.test,+15555001597,HH-399,,,SYNTHETIC S06C-2000-SCALE
Syn1598,Guest2000SCALE,,syn1598.2000SCALE.s06c@example.test,+15555001598,HH-399,,,SYNTHETIC S06C-2000-SCALE
Syn1599,Guest2000SCALE,,syn1599.2000SCALE.s06c@example.test,+15555001599,HH-399,,,SYNTHETIC S06C-2000-SCALE
Syn1600,Guest2000SCALE,,syn1600.2000SCALE.s06c@example.test,+15555001600,HH-400,,,SYNTHETIC S06C-2000-SCALE
Syn1601,Guest2000SCALE,,syn1601.2000SCALE.s06c@example.test,+15555001601,HH-400,,,SYNTHETIC S06C-2000-SCALE
Syn1602,Guest2000SCALE,,syn1602.2000SCALE.s06c@example.test,+15555001602,HH-400,,,SYNTHETIC S06C-2000-SCALE
Syn1603,Guest2000SCALE,,syn1603.2000SCALE.s06c@example.test,+15555001603,HH-400,,,SYNTHETIC S06C-2000-SCALE
Syn1604,Guest2000SCALE,,syn1604.2000SCALE.s06c@example.test,+15555001604,HH-401,,,SYNTHETIC S06C-2000-SCALE
Syn1605,Guest2000SCALE,,syn1605.2000SCALE.s06c@example.test,+15555001605,HH-401,,,SYNTHETIC S06C-2000-SCALE
Syn1606,Guest2000SCALE,,syn1606.2000SCALE.s06c@example.test,+15555001606,HH-401,,,SYNTHETIC S06C-2000-SCALE
Syn1607,Guest2000SCALE,,syn1607.2000SCALE.s06c@example.test,+15555001607,HH-401,,,SYNTHETIC S06C-2000-SCALE
Syn1608,Guest2000SCALE,,syn1608.2000SCALE.s06c@example.test,+15555001608,HH-402,,,SYNTHETIC S06C-2000-SCALE
Syn1609,Guest2000SCALE,,syn1609.2000SCALE.s06c@example.test,+15555001609,HH-402,,,SYNTHETIC S06C-2000-SCALE
Syn1610,Guest2000SCALE,,syn1610.2000SCALE.s06c@example.test,+15555001610,HH-402,,,SYNTHETIC S06C-2000-SCALE
Syn1611,Guest2000SCALE,,syn1611.2000SCALE.s06c@example.test,+15555001611,HH-402,,,SYNTHETIC S06C-2000-SCALE
Syn1612,Guest2000SCALE,,syn1612.2000SCALE.s06c@example.test,+15555001612,HH-403,,,SYNTHETIC S06C-2000-SCALE
Syn1613,Guest2000SCALE,,syn1613.2000SCALE.s06c@example.test,+15555001613,HH-403,,,SYNTHETIC S06C-2000-SCALE
Syn1614,Guest2000SCALE,,syn1614.2000SCALE.s06c@example.test,+15555001614,HH-403,,,SYNTHETIC S06C-2000-SCALE
Syn1615,Guest2000SCALE,,syn1615.2000SCALE.s06c@example.test,+15555001615,HH-403,,,SYNTHETIC S06C-2000-SCALE
Syn1616,Guest2000SCALE,,syn1616.2000SCALE.s06c@example.test,+15555001616,HH-404,,,SYNTHETIC S06C-2000-SCALE
Syn1617,Guest2000SCALE,,syn1617.2000SCALE.s06c@example.test,+15555001617,HH-404,,,SYNTHETIC S06C-2000-SCALE
Syn1618,Guest2000SCALE,,syn1618.2000SCALE.s06c@example.test,+15555001618,HH-404,,,SYNTHETIC S06C-2000-SCALE
Syn1619,Guest2000SCALE,,syn1619.2000SCALE.s06c@example.test,+15555001619,HH-404,,,SYNTHETIC S06C-2000-SCALE
Syn1620,Guest2000SCALE,,syn1620.2000SCALE.s06c@example.test,+15555001620,HH-405,,,SYNTHETIC S06C-2000-SCALE
Syn1621,Guest2000SCALE,,syn1621.2000SCALE.s06c@example.test,+15555001621,HH-405,,,SYNTHETIC S06C-2000-SCALE
Syn1622,Guest2000SCALE,,syn1622.2000SCALE.s06c@example.test,+15555001622,HH-405,,,SYNTHETIC S06C-2000-SCALE
Syn1623,Guest2000SCALE,,syn1623.2000SCALE.s06c@example.test,+15555001623,HH-405,,,SYNTHETIC S06C-2000-SCALE
Syn1624,Guest2000SCALE,,syn1624.2000SCALE.s06c@example.test,+15555001624,HH-406,,,SYNTHETIC S06C-2000-SCALE
Syn1625,Guest2000SCALE,,syn1625.2000SCALE.s06c@example.test,+15555001625,HH-406,,,SYNTHETIC S06C-2000-SCALE
Syn1626,Guest2000SCALE,,syn1626.2000SCALE.s06c@example.test,+15555001626,HH-406,,,SYNTHETIC S06C-2000-SCALE
Syn1627,Guest2000SCALE,,syn1627.2000SCALE.s06c@example.test,+15555001627,HH-406,,,SYNTHETIC S06C-2000-SCALE
Syn1628,Guest2000SCALE,,syn1628.2000SCALE.s06c@example.test,+15555001628,HH-407,,,SYNTHETIC S06C-2000-SCALE
Syn1629,Guest2000SCALE,,syn1629.2000SCALE.s06c@example.test,+15555001629,HH-407,,,SYNTHETIC S06C-2000-SCALE
Syn1630,Guest2000SCALE,,syn1630.2000SCALE.s06c@example.test,+15555001630,HH-407,,,SYNTHETIC S06C-2000-SCALE
Syn1631,Guest2000SCALE,,syn1631.2000SCALE.s06c@example.test,+15555001631,HH-407,,,SYNTHETIC S06C-2000-SCALE
Syn1632,Guest2000SCALE,,syn1632.2000SCALE.s06c@example.test,+15555001632,HH-408,,,SYNTHETIC S06C-2000-SCALE
Syn1633,Guest2000SCALE,,syn1633.2000SCALE.s06c@example.test,+15555001633,HH-408,,,SYNTHETIC S06C-2000-SCALE
Syn1634,Guest2000SCALE,,syn1634.2000SCALE.s06c@example.test,+15555001634,HH-408,,,SYNTHETIC S06C-2000-SCALE
Syn1635,Guest2000SCALE,,syn1635.2000SCALE.s06c@example.test,+15555001635,HH-408,,,SYNTHETIC S06C-2000-SCALE
Syn1636,Guest2000SCALE,,syn1636.2000SCALE.s06c@example.test,+15555001636,HH-409,,,SYNTHETIC S06C-2000-SCALE
Syn1637,Guest2000SCALE,,syn1637.2000SCALE.s06c@example.test,+15555001637,HH-409,,,SYNTHETIC S06C-2000-SCALE
Syn1638,Guest2000SCALE,,syn1638.2000SCALE.s06c@example.test,+15555001638,HH-409,,,SYNTHETIC S06C-2000-SCALE
Syn1639,Guest2000SCALE,,syn1639.2000SCALE.s06c@example.test,+15555001639,HH-409,,,SYNTHETIC S06C-2000-SCALE
Syn1640,Guest2000SCALE,,syn1640.2000SCALE.s06c@example.test,+15555001640,HH-410,,,SYNTHETIC S06C-2000-SCALE
Syn1641,Guest2000SCALE,,syn1641.2000SCALE.s06c@example.test,+15555001641,HH-410,,,SYNTHETIC S06C-2000-SCALE
Syn1642,Guest2000SCALE,,syn1642.2000SCALE.s06c@example.test,+15555001642,HH-410,,,SYNTHETIC S06C-2000-SCALE
Syn1643,Guest2000SCALE,,syn1643.2000SCALE.s06c@example.test,+15555001643,HH-410,,,SYNTHETIC S06C-2000-SCALE
Syn1644,Guest2000SCALE,,syn1644.2000SCALE.s06c@example.test,+15555001644,HH-411,,,SYNTHETIC S06C-2000-SCALE
Syn1645,Guest2000SCALE,,syn1645.2000SCALE.s06c@example.test,+15555001645,HH-411,,,SYNTHETIC S06C-2000-SCALE
Syn1646,Guest2000SCALE,,syn1646.2000SCALE.s06c@example.test,+15555001646,HH-411,,,SYNTHETIC S06C-2000-SCALE
Syn1647,Guest2000SCALE,,syn1647.2000SCALE.s06c@example.test,+15555001647,HH-411,,,SYNTHETIC S06C-2000-SCALE
Syn1648,Guest2000SCALE,,syn1648.2000SCALE.s06c@example.test,+15555001648,HH-412,,,SYNTHETIC S06C-2000-SCALE
Syn1649,Guest2000SCALE,,syn1649.2000SCALE.s06c@example.test,+15555001649,HH-412,,,SYNTHETIC S06C-2000-SCALE
Syn1650,Guest2000SCALE,,syn1650.2000SCALE.s06c@example.test,+15555001650,HH-412,,,SYNTHETIC S06C-2000-SCALE
Syn1651,Guest2000SCALE,,syn1651.2000SCALE.s06c@example.test,+15555001651,HH-412,,,SYNTHETIC S06C-2000-SCALE
Syn1652,Guest2000SCALE,,syn1652.2000SCALE.s06c@example.test,+15555001652,HH-413,,,SYNTHETIC S06C-2000-SCALE
Syn1653,Guest2000SCALE,,syn1653.2000SCALE.s06c@example.test,+15555001653,HH-413,,,SYNTHETIC S06C-2000-SCALE
Syn1654,Guest2000SCALE,,syn1654.2000SCALE.s06c@example.test,+15555001654,HH-413,,,SYNTHETIC S06C-2000-SCALE
Syn1655,Guest2000SCALE,,syn1655.2000SCALE.s06c@example.test,+15555001655,HH-413,,,SYNTHETIC S06C-2000-SCALE
Syn1656,Guest2000SCALE,,syn1656.2000SCALE.s06c@example.test,+15555001656,HH-414,,,SYNTHETIC S06C-2000-SCALE
Syn1657,Guest2000SCALE,,syn1657.2000SCALE.s06c@example.test,+15555001657,HH-414,,,SYNTHETIC S06C-2000-SCALE
Syn1658,Guest2000SCALE,,syn1658.2000SCALE.s06c@example.test,+15555001658,HH-414,,,SYNTHETIC S06C-2000-SCALE
Syn1659,Guest2000SCALE,,syn1659.2000SCALE.s06c@example.test,+15555001659,HH-414,,,SYNTHETIC S06C-2000-SCALE
Syn1660,Guest2000SCALE,,syn1660.2000SCALE.s06c@example.test,+15555001660,HH-415,,,SYNTHETIC S06C-2000-SCALE
Syn1661,Guest2000SCALE,,syn1661.2000SCALE.s06c@example.test,+15555001661,HH-415,,,SYNTHETIC S06C-2000-SCALE
Syn1662,Guest2000SCALE,,syn1662.2000SCALE.s06c@example.test,+15555001662,HH-415,,,SYNTHETIC S06C-2000-SCALE
Syn1663,Guest2000SCALE,,syn1663.2000SCALE.s06c@example.test,+15555001663,HH-415,,,SYNTHETIC S06C-2000-SCALE
Syn1664,Guest2000SCALE,,syn1664.2000SCALE.s06c@example.test,+15555001664,HH-416,,,SYNTHETIC S06C-2000-SCALE
Syn1665,Guest2000SCALE,,syn1665.2000SCALE.s06c@example.test,+15555001665,HH-416,,,SYNTHETIC S06C-2000-SCALE
Syn1666,Guest2000SCALE,,syn1666.2000SCALE.s06c@example.test,+15555001666,HH-416,,,SYNTHETIC S06C-2000-SCALE
Syn1667,Guest2000SCALE,,syn1667.2000SCALE.s06c@example.test,+15555001667,HH-416,,,SYNTHETIC S06C-2000-SCALE
Syn1668,Guest2000SCALE,,syn1668.2000SCALE.s06c@example.test,+15555001668,HH-417,,,SYNTHETIC S06C-2000-SCALE
Syn1669,Guest2000SCALE,,syn1669.2000SCALE.s06c@example.test,+15555001669,HH-417,,,SYNTHETIC S06C-2000-SCALE
Syn1670,Guest2000SCALE,,syn1670.2000SCALE.s06c@example.test,+15555001670,HH-417,,,SYNTHETIC S06C-2000-SCALE
Syn1671,Guest2000SCALE,,syn1671.2000SCALE.s06c@example.test,+15555001671,HH-417,,,SYNTHETIC S06C-2000-SCALE
Syn1672,Guest2000SCALE,,syn1672.2000SCALE.s06c@example.test,+15555001672,HH-418,,,SYNTHETIC S06C-2000-SCALE
Syn1673,Guest2000SCALE,,syn1673.2000SCALE.s06c@example.test,+15555001673,HH-418,,,SYNTHETIC S06C-2000-SCALE
Syn1674,Guest2000SCALE,,syn1674.2000SCALE.s06c@example.test,+15555001674,HH-418,,,SYNTHETIC S06C-2000-SCALE
Syn1675,Guest2000SCALE,,syn1675.2000SCALE.s06c@example.test,+15555001675,HH-418,,,SYNTHETIC S06C-2000-SCALE
Syn1676,Guest2000SCALE,,syn1676.2000SCALE.s06c@example.test,+15555001676,HH-419,,,SYNTHETIC S06C-2000-SCALE
Syn1677,Guest2000SCALE,,syn1677.2000SCALE.s06c@example.test,+15555001677,HH-419,,,SYNTHETIC S06C-2000-SCALE
Syn1678,Guest2000SCALE,,syn1678.2000SCALE.s06c@example.test,+15555001678,HH-419,,,SYNTHETIC S06C-2000-SCALE
Syn1679,Guest2000SCALE,,syn1679.2000SCALE.s06c@example.test,+15555001679,HH-419,,,SYNTHETIC S06C-2000-SCALE
Syn1680,Guest2000SCALE,,syn1680.2000SCALE.s06c@example.test,+15555001680,HH-420,,,SYNTHETIC S06C-2000-SCALE
Syn1681,Guest2000SCALE,,syn1681.2000SCALE.s06c@example.test,+15555001681,HH-420,,,SYNTHETIC S06C-2000-SCALE
Syn1682,Guest2000SCALE,,syn1682.2000SCALE.s06c@example.test,+15555001682,HH-420,,,SYNTHETIC S06C-2000-SCALE
Syn1683,Guest2000SCALE,,syn1683.2000SCALE.s06c@example.test,+15555001683,HH-420,,,SYNTHETIC S06C-2000-SCALE
Syn1684,Guest2000SCALE,,syn1684.2000SCALE.s06c@example.test,+15555001684,HH-421,,,SYNTHETIC S06C-2000-SCALE
Syn1685,Guest2000SCALE,,syn1685.2000SCALE.s06c@example.test,+15555001685,HH-421,,,SYNTHETIC S06C-2000-SCALE
Syn1686,Guest2000SCALE,,syn1686.2000SCALE.s06c@example.test,+15555001686,HH-421,,,SYNTHETIC S06C-2000-SCALE
Syn1687,Guest2000SCALE,,syn1687.2000SCALE.s06c@example.test,+15555001687,HH-421,,,SYNTHETIC S06C-2000-SCALE
Syn1688,Guest2000SCALE,,syn1688.2000SCALE.s06c@example.test,+15555001688,HH-422,,,SYNTHETIC S06C-2000-SCALE
Syn1689,Guest2000SCALE,,syn1689.2000SCALE.s06c@example.test,+15555001689,HH-422,,,SYNTHETIC S06C-2000-SCALE
Syn1690,Guest2000SCALE,,syn1690.2000SCALE.s06c@example.test,+15555001690,HH-422,,,SYNTHETIC S06C-2000-SCALE
Syn1691,Guest2000SCALE,,syn1691.2000SCALE.s06c@example.test,+15555001691,HH-422,,,SYNTHETIC S06C-2000-SCALE
Syn1692,Guest2000SCALE,,syn1692.2000SCALE.s06c@example.test,+15555001692,HH-423,,,SYNTHETIC S06C-2000-SCALE
Syn1693,Guest2000SCALE,,syn1693.2000SCALE.s06c@example.test,+15555001693,HH-423,,,SYNTHETIC S06C-2000-SCALE
Syn1694,Guest2000SCALE,,syn1694.2000SCALE.s06c@example.test,+15555001694,HH-423,,,SYNTHETIC S06C-2000-SCALE
Syn1695,Guest2000SCALE,,syn1695.2000SCALE.s06c@example.test,+15555001695,HH-423,,,SYNTHETIC S06C-2000-SCALE
Syn1696,Guest2000SCALE,,syn1696.2000SCALE.s06c@example.test,+15555001696,HH-424,,,SYNTHETIC S06C-2000-SCALE
Syn1697,Guest2000SCALE,,syn1697.2000SCALE.s06c@example.test,+15555001697,HH-424,,,SYNTHETIC S06C-2000-SCALE
Syn1698,Guest2000SCALE,,syn1698.2000SCALE.s06c@example.test,+15555001698,HH-424,,,SYNTHETIC S06C-2000-SCALE
Syn1699,Guest2000SCALE,,syn1699.2000SCALE.s06c@example.test,+15555001699,HH-424,,,SYNTHETIC S06C-2000-SCALE
Syn1700,Guest2000SCALE,,syn1700.2000SCALE.s06c@example.test,+15555001700,HH-425,,,SYNTHETIC S06C-2000-SCALE
Syn1701,Guest2000SCALE,,syn1701.2000SCALE.s06c@example.test,+15555001701,HH-425,,,SYNTHETIC S06C-2000-SCALE
Syn1702,Guest2000SCALE,,syn1702.2000SCALE.s06c@example.test,+15555001702,HH-425,,,SYNTHETIC S06C-2000-SCALE
Syn1703,Guest2000SCALE,,syn1703.2000SCALE.s06c@example.test,+15555001703,HH-425,,,SYNTHETIC S06C-2000-SCALE
Syn1704,Guest2000SCALE,,syn1704.2000SCALE.s06c@example.test,+15555001704,HH-426,,,SYNTHETIC S06C-2000-SCALE
Syn1705,Guest2000SCALE,,syn1705.2000SCALE.s06c@example.test,+15555001705,HH-426,,,SYNTHETIC S06C-2000-SCALE
Syn1706,Guest2000SCALE,,syn1706.2000SCALE.s06c@example.test,+15555001706,HH-426,,,SYNTHETIC S06C-2000-SCALE
Syn1707,Guest2000SCALE,,syn1707.2000SCALE.s06c@example.test,+15555001707,HH-426,,,SYNTHETIC S06C-2000-SCALE
Syn1708,Guest2000SCALE,,syn1708.2000SCALE.s06c@example.test,+15555001708,HH-427,,,SYNTHETIC S06C-2000-SCALE
Syn1709,Guest2000SCALE,,syn1709.2000SCALE.s06c@example.test,+15555001709,HH-427,,,SYNTHETIC S06C-2000-SCALE
Syn1710,Guest2000SCALE,,syn1710.2000SCALE.s06c@example.test,+15555001710,HH-427,,,SYNTHETIC S06C-2000-SCALE
Syn1711,Guest2000SCALE,,syn1711.2000SCALE.s06c@example.test,+15555001711,HH-427,,,SYNTHETIC S06C-2000-SCALE
Syn1712,Guest2000SCALE,,syn1712.2000SCALE.s06c@example.test,+15555001712,HH-428,,,SYNTHETIC S06C-2000-SCALE
Syn1713,Guest2000SCALE,,syn1713.2000SCALE.s06c@example.test,+15555001713,HH-428,,,SYNTHETIC S06C-2000-SCALE
Syn1714,Guest2000SCALE,,syn1714.2000SCALE.s06c@example.test,+15555001714,HH-428,,,SYNTHETIC S06C-2000-SCALE
Syn1715,Guest2000SCALE,,syn1715.2000SCALE.s06c@example.test,+15555001715,HH-428,,,SYNTHETIC S06C-2000-SCALE
Syn1716,Guest2000SCALE,,syn1716.2000SCALE.s06c@example.test,+15555001716,HH-429,,,SYNTHETIC S06C-2000-SCALE
Syn1717,Guest2000SCALE,,syn1717.2000SCALE.s06c@example.test,+15555001717,HH-429,,,SYNTHETIC S06C-2000-SCALE
Syn1718,Guest2000SCALE,,syn1718.2000SCALE.s06c@example.test,+15555001718,HH-429,,,SYNTHETIC S06C-2000-SCALE
Syn1719,Guest2000SCALE,,syn1719.2000SCALE.s06c@example.test,+15555001719,HH-429,,,SYNTHETIC S06C-2000-SCALE
Syn1720,Guest2000SCALE,,syn1720.2000SCALE.s06c@example.test,+15555001720,HH-430,,,SYNTHETIC S06C-2000-SCALE
Syn1721,Guest2000SCALE,,syn1721.2000SCALE.s06c@example.test,+15555001721,HH-430,,,SYNTHETIC S06C-2000-SCALE
Syn1722,Guest2000SCALE,,syn1722.2000SCALE.s06c@example.test,+15555001722,HH-430,,,SYNTHETIC S06C-2000-SCALE
Syn1723,Guest2000SCALE,,syn1723.2000SCALE.s06c@example.test,+15555001723,HH-430,,,SYNTHETIC S06C-2000-SCALE
Syn1724,Guest2000SCALE,,syn1724.2000SCALE.s06c@example.test,+15555001724,HH-431,,,SYNTHETIC S06C-2000-SCALE
Syn1725,Guest2000SCALE,,syn1725.2000SCALE.s06c@example.test,+15555001725,HH-431,,,SYNTHETIC S06C-2000-SCALE
Syn1726,Guest2000SCALE,,syn1726.2000SCALE.s06c@example.test,+15555001726,HH-431,,,SYNTHETIC S06C-2000-SCALE
Syn1727,Guest2000SCALE,,syn1727.2000SCALE.s06c@example.test,+15555001727,HH-431,,,SYNTHETIC S06C-2000-SCALE
Syn1728,Guest2000SCALE,,syn1728.2000SCALE.s06c@example.test,+15555001728,HH-432,,,SYNTHETIC S06C-2000-SCALE
Syn1729,Guest2000SCALE,,syn1729.2000SCALE.s06c@example.test,+15555001729,HH-432,,,SYNTHETIC S06C-2000-SCALE
Syn1730,Guest2000SCALE,,syn1730.2000SCALE.s06c@example.test,+15555001730,HH-432,,,SYNTHETIC S06C-2000-SCALE
Syn1731,Guest2000SCALE,,syn1731.2000SCALE.s06c@example.test,+15555001731,HH-432,,,SYNTHETIC S06C-2000-SCALE
Syn1732,Guest2000SCALE,,syn1732.2000SCALE.s06c@example.test,+15555001732,HH-433,,,SYNTHETIC S06C-2000-SCALE
Syn1733,Guest2000SCALE,,syn1733.2000SCALE.s06c@example.test,+15555001733,HH-433,,,SYNTHETIC S06C-2000-SCALE
Syn1734,Guest2000SCALE,,syn1734.2000SCALE.s06c@example.test,+15555001734,HH-433,,,SYNTHETIC S06C-2000-SCALE
Syn1735,Guest2000SCALE,,syn1735.2000SCALE.s06c@example.test,+15555001735,HH-433,,,SYNTHETIC S06C-2000-SCALE
Syn1736,Guest2000SCALE,,syn1736.2000SCALE.s06c@example.test,+15555001736,HH-434,,,SYNTHETIC S06C-2000-SCALE
Syn1737,Guest2000SCALE,,syn1737.2000SCALE.s06c@example.test,+15555001737,HH-434,,,SYNTHETIC S06C-2000-SCALE
Syn1738,Guest2000SCALE,,syn1738.2000SCALE.s06c@example.test,+15555001738,HH-434,,,SYNTHETIC S06C-2000-SCALE
Syn1739,Guest2000SCALE,,syn1739.2000SCALE.s06c@example.test,+15555001739,HH-434,,,SYNTHETIC S06C-2000-SCALE
Syn1740,Guest2000SCALE,,syn1740.2000SCALE.s06c@example.test,+15555001740,HH-435,,,SYNTHETIC S06C-2000-SCALE
Syn1741,Guest2000SCALE,,syn1741.2000SCALE.s06c@example.test,+15555001741,HH-435,,,SYNTHETIC S06C-2000-SCALE
Syn1742,Guest2000SCALE,,syn1742.2000SCALE.s06c@example.test,+15555001742,HH-435,,,SYNTHETIC S06C-2000-SCALE
Syn1743,Guest2000SCALE,,syn1743.2000SCALE.s06c@example.test,+15555001743,HH-435,,,SYNTHETIC S06C-2000-SCALE
Syn1744,Guest2000SCALE,,syn1744.2000SCALE.s06c@example.test,+15555001744,HH-436,,,SYNTHETIC S06C-2000-SCALE
Syn1745,Guest2000SCALE,,syn1745.2000SCALE.s06c@example.test,+15555001745,HH-436,,,SYNTHETIC S06C-2000-SCALE
Syn1746,Guest2000SCALE,,syn1746.2000SCALE.s06c@example.test,+15555001746,HH-436,,,SYNTHETIC S06C-2000-SCALE
Syn1747,Guest2000SCALE,,syn1747.2000SCALE.s06c@example.test,+15555001747,HH-436,,,SYNTHETIC S06C-2000-SCALE
Syn1748,Guest2000SCALE,,syn1748.2000SCALE.s06c@example.test,+15555001748,HH-437,,,SYNTHETIC S06C-2000-SCALE
Syn1749,Guest2000SCALE,,syn1749.2000SCALE.s06c@example.test,+15555001749,HH-437,,,SYNTHETIC S06C-2000-SCALE
Syn1750,Guest2000SCALE,,syn1750.2000SCALE.s06c@example.test,+15555001750,HH-437,,,SYNTHETIC S06C-2000-SCALE
Syn1751,Guest2000SCALE,,syn1751.2000SCALE.s06c@example.test,+15555001751,HH-437,,,SYNTHETIC S06C-2000-SCALE
Syn1752,Guest2000SCALE,,syn1752.2000SCALE.s06c@example.test,+15555001752,HH-438,,,SYNTHETIC S06C-2000-SCALE
Syn1753,Guest2000SCALE,,syn1753.2000SCALE.s06c@example.test,+15555001753,HH-438,,,SYNTHETIC S06C-2000-SCALE
Syn1754,Guest2000SCALE,,syn1754.2000SCALE.s06c@example.test,+15555001754,HH-438,,,SYNTHETIC S06C-2000-SCALE
Syn1755,Guest2000SCALE,,syn1755.2000SCALE.s06c@example.test,+15555001755,HH-438,,,SYNTHETIC S06C-2000-SCALE
Syn1756,Guest2000SCALE,,syn1756.2000SCALE.s06c@example.test,+15555001756,HH-439,,,SYNTHETIC S06C-2000-SCALE
Syn1757,Guest2000SCALE,,syn1757.2000SCALE.s06c@example.test,+15555001757,HH-439,,,SYNTHETIC S06C-2000-SCALE
Syn1758,Guest2000SCALE,,syn1758.2000SCALE.s06c@example.test,+15555001758,HH-439,,,SYNTHETIC S06C-2000-SCALE
Syn1759,Guest2000SCALE,,syn1759.2000SCALE.s06c@example.test,+15555001759,HH-439,,,SYNTHETIC S06C-2000-SCALE
Syn1760,Guest2000SCALE,,syn1760.2000SCALE.s06c@example.test,+15555001760,HH-440,,,SYNTHETIC S06C-2000-SCALE
Syn1761,Guest2000SCALE,,syn1761.2000SCALE.s06c@example.test,+15555001761,HH-440,,,SYNTHETIC S06C-2000-SCALE
Syn1762,Guest2000SCALE,,syn1762.2000SCALE.s06c@example.test,+15555001762,HH-440,,,SYNTHETIC S06C-2000-SCALE
Syn1763,Guest2000SCALE,,syn1763.2000SCALE.s06c@example.test,+15555001763,HH-440,,,SYNTHETIC S06C-2000-SCALE
Syn1764,Guest2000SCALE,,syn1764.2000SCALE.s06c@example.test,+15555001764,HH-441,,,SYNTHETIC S06C-2000-SCALE
Syn1765,Guest2000SCALE,,syn1765.2000SCALE.s06c@example.test,+15555001765,HH-441,,,SYNTHETIC S06C-2000-SCALE
Syn1766,Guest2000SCALE,,syn1766.2000SCALE.s06c@example.test,+15555001766,HH-441,,,SYNTHETIC S06C-2000-SCALE
Syn1767,Guest2000SCALE,,syn1767.2000SCALE.s06c@example.test,+15555001767,HH-441,,,SYNTHETIC S06C-2000-SCALE
Syn1768,Guest2000SCALE,,syn1768.2000SCALE.s06c@example.test,+15555001768,HH-442,,,SYNTHETIC S06C-2000-SCALE
Syn1769,Guest2000SCALE,,syn1769.2000SCALE.s06c@example.test,+15555001769,HH-442,,,SYNTHETIC S06C-2000-SCALE
Syn1770,Guest2000SCALE,,syn1770.2000SCALE.s06c@example.test,+15555001770,HH-442,,,SYNTHETIC S06C-2000-SCALE
Syn1771,Guest2000SCALE,,syn1771.2000SCALE.s06c@example.test,+15555001771,HH-442,,,SYNTHETIC S06C-2000-SCALE
Syn1772,Guest2000SCALE,,syn1772.2000SCALE.s06c@example.test,+15555001772,HH-443,,,SYNTHETIC S06C-2000-SCALE
Syn1773,Guest2000SCALE,,syn1773.2000SCALE.s06c@example.test,+15555001773,HH-443,,,SYNTHETIC S06C-2000-SCALE
Syn1774,Guest2000SCALE,,syn1774.2000SCALE.s06c@example.test,+15555001774,HH-443,,,SYNTHETIC S06C-2000-SCALE
Syn1775,Guest2000SCALE,,syn1775.2000SCALE.s06c@example.test,+15555001775,HH-443,,,SYNTHETIC S06C-2000-SCALE
Syn1776,Guest2000SCALE,,syn1776.2000SCALE.s06c@example.test,+15555001776,HH-444,,,SYNTHETIC S06C-2000-SCALE
Syn1777,Guest2000SCALE,,syn1777.2000SCALE.s06c@example.test,+15555001777,HH-444,,,SYNTHETIC S06C-2000-SCALE
Syn1778,Guest2000SCALE,,syn1778.2000SCALE.s06c@example.test,+15555001778,HH-444,,,SYNTHETIC S06C-2000-SCALE
Syn1779,Guest2000SCALE,,syn1779.2000SCALE.s06c@example.test,+15555001779,HH-444,,,SYNTHETIC S06C-2000-SCALE
Syn1780,Guest2000SCALE,,syn1780.2000SCALE.s06c@example.test,+15555001780,HH-445,,,SYNTHETIC S06C-2000-SCALE
Syn1781,Guest2000SCALE,,syn1781.2000SCALE.s06c@example.test,+15555001781,HH-445,,,SYNTHETIC S06C-2000-SCALE
Syn1782,Guest2000SCALE,,syn1782.2000SCALE.s06c@example.test,+15555001782,HH-445,,,SYNTHETIC S06C-2000-SCALE
Syn1783,Guest2000SCALE,,syn1783.2000SCALE.s06c@example.test,+15555001783,HH-445,,,SYNTHETIC S06C-2000-SCALE
Syn1784,Guest2000SCALE,,syn1784.2000SCALE.s06c@example.test,+15555001784,HH-446,,,SYNTHETIC S06C-2000-SCALE
Syn1785,Guest2000SCALE,,syn1785.2000SCALE.s06c@example.test,+15555001785,HH-446,,,SYNTHETIC S06C-2000-SCALE
Syn1786,Guest2000SCALE,,syn1786.2000SCALE.s06c@example.test,+15555001786,HH-446,,,SYNTHETIC S06C-2000-SCALE
Syn1787,Guest2000SCALE,,syn1787.2000SCALE.s06c@example.test,+15555001787,HH-446,,,SYNTHETIC S06C-2000-SCALE
Syn1788,Guest2000SCALE,,syn1788.2000SCALE.s06c@example.test,+15555001788,HH-447,,,SYNTHETIC S06C-2000-SCALE
Syn1789,Guest2000SCALE,,syn1789.2000SCALE.s06c@example.test,+15555001789,HH-447,,,SYNTHETIC S06C-2000-SCALE
Syn1790,Guest2000SCALE,,syn1790.2000SCALE.s06c@example.test,+15555001790,HH-447,,,SYNTHETIC S06C-2000-SCALE
Syn1791,Guest2000SCALE,,syn1791.2000SCALE.s06c@example.test,+15555001791,HH-447,,,SYNTHETIC S06C-2000-SCALE
Syn1792,Guest2000SCALE,,syn1792.2000SCALE.s06c@example.test,+15555001792,HH-448,,,SYNTHETIC S06C-2000-SCALE
Syn1793,Guest2000SCALE,,syn1793.2000SCALE.s06c@example.test,+15555001793,HH-448,,,SYNTHETIC S06C-2000-SCALE
Syn1794,Guest2000SCALE,,syn1794.2000SCALE.s06c@example.test,+15555001794,HH-448,,,SYNTHETIC S06C-2000-SCALE
Syn1795,Guest2000SCALE,,syn1795.2000SCALE.s06c@example.test,+15555001795,HH-448,,,SYNTHETIC S06C-2000-SCALE
Syn1796,Guest2000SCALE,,syn1796.2000SCALE.s06c@example.test,+15555001796,HH-449,,,SYNTHETIC S06C-2000-SCALE
Syn1797,Guest2000SCALE,,syn1797.2000SCALE.s06c@example.test,+15555001797,HH-449,,,SYNTHETIC S06C-2000-SCALE
Syn1798,Guest2000SCALE,,syn1798.2000SCALE.s06c@example.test,+15555001798,HH-449,,,SYNTHETIC S06C-2000-SCALE
Syn1799,Guest2000SCALE,,syn1799.2000SCALE.s06c@example.test,+15555001799,HH-449,,,SYNTHETIC S06C-2000-SCALE
Syn1800,Guest2000SCALE,,syn1800.2000SCALE.s06c@example.test,+15555001800,HH-450,,,SYNTHETIC S06C-2000-SCALE
Syn1801,Guest2000SCALE,,syn1801.2000SCALE.s06c@example.test,+15555001801,HH-450,,,SYNTHETIC S06C-2000-SCALE
Syn1802,Guest2000SCALE,,syn1802.2000SCALE.s06c@example.test,+15555001802,HH-450,,,SYNTHETIC S06C-2000-SCALE
Syn1803,Guest2000SCALE,,syn1803.2000SCALE.s06c@example.test,+15555001803,HH-450,,,SYNTHETIC S06C-2000-SCALE
Syn1804,Guest2000SCALE,,syn1804.2000SCALE.s06c@example.test,+15555001804,HH-451,,,SYNTHETIC S06C-2000-SCALE
Syn1805,Guest2000SCALE,,syn1805.2000SCALE.s06c@example.test,+15555001805,HH-451,,,SYNTHETIC S06C-2000-SCALE
Syn1806,Guest2000SCALE,,syn1806.2000SCALE.s06c@example.test,+15555001806,HH-451,,,SYNTHETIC S06C-2000-SCALE
Syn1807,Guest2000SCALE,,syn1807.2000SCALE.s06c@example.test,+15555001807,HH-451,,,SYNTHETIC S06C-2000-SCALE
Syn1808,Guest2000SCALE,,syn1808.2000SCALE.s06c@example.test,+15555001808,HH-452,,,SYNTHETIC S06C-2000-SCALE
Syn1809,Guest2000SCALE,,syn1809.2000SCALE.s06c@example.test,+15555001809,HH-452,,,SYNTHETIC S06C-2000-SCALE
Syn1810,Guest2000SCALE,,syn1810.2000SCALE.s06c@example.test,+15555001810,HH-452,,,SYNTHETIC S06C-2000-SCALE
Syn1811,Guest2000SCALE,,syn1811.2000SCALE.s06c@example.test,+15555001811,HH-452,,,SYNTHETIC S06C-2000-SCALE
Syn1812,Guest2000SCALE,,syn1812.2000SCALE.s06c@example.test,+15555001812,HH-453,,,SYNTHETIC S06C-2000-SCALE
Syn1813,Guest2000SCALE,,syn1813.2000SCALE.s06c@example.test,+15555001813,HH-453,,,SYNTHETIC S06C-2000-SCALE
Syn1814,Guest2000SCALE,,syn1814.2000SCALE.s06c@example.test,+15555001814,HH-453,,,SYNTHETIC S06C-2000-SCALE
Syn1815,Guest2000SCALE,,syn1815.2000SCALE.s06c@example.test,+15555001815,HH-453,,,SYNTHETIC S06C-2000-SCALE
Syn1816,Guest2000SCALE,,syn1816.2000SCALE.s06c@example.test,+15555001816,HH-454,,,SYNTHETIC S06C-2000-SCALE
Syn1817,Guest2000SCALE,,syn1817.2000SCALE.s06c@example.test,+15555001817,HH-454,,,SYNTHETIC S06C-2000-SCALE
Syn1818,Guest2000SCALE,,syn1818.2000SCALE.s06c@example.test,+15555001818,HH-454,,,SYNTHETIC S06C-2000-SCALE
Syn1819,Guest2000SCALE,,syn1819.2000SCALE.s06c@example.test,+15555001819,HH-454,,,SYNTHETIC S06C-2000-SCALE
Syn1820,Guest2000SCALE,,syn1820.2000SCALE.s06c@example.test,+15555001820,HH-455,,,SYNTHETIC S06C-2000-SCALE
Syn1821,Guest2000SCALE,,syn1821.2000SCALE.s06c@example.test,+15555001821,HH-455,,,SYNTHETIC S06C-2000-SCALE
Syn1822,Guest2000SCALE,,syn1822.2000SCALE.s06c@example.test,+15555001822,HH-455,,,SYNTHETIC S06C-2000-SCALE
Syn1823,Guest2000SCALE,,syn1823.2000SCALE.s06c@example.test,+15555001823,HH-455,,,SYNTHETIC S06C-2000-SCALE
Syn1824,Guest2000SCALE,,syn1824.2000SCALE.s06c@example.test,+15555001824,HH-456,,,SYNTHETIC S06C-2000-SCALE
Syn1825,Guest2000SCALE,,syn1825.2000SCALE.s06c@example.test,+15555001825,HH-456,,,SYNTHETIC S06C-2000-SCALE
Syn1826,Guest2000SCALE,,syn1826.2000SCALE.s06c@example.test,+15555001826,HH-456,,,SYNTHETIC S06C-2000-SCALE
Syn1827,Guest2000SCALE,,syn1827.2000SCALE.s06c@example.test,+15555001827,HH-456,,,SYNTHETIC S06C-2000-SCALE
Syn1828,Guest2000SCALE,,syn1828.2000SCALE.s06c@example.test,+15555001828,HH-457,,,SYNTHETIC S06C-2000-SCALE
Syn1829,Guest2000SCALE,,syn1829.2000SCALE.s06c@example.test,+15555001829,HH-457,,,SYNTHETIC S06C-2000-SCALE
Syn1830,Guest2000SCALE,,syn1830.2000SCALE.s06c@example.test,+15555001830,HH-457,,,SYNTHETIC S06C-2000-SCALE
Syn1831,Guest2000SCALE,,syn1831.2000SCALE.s06c@example.test,+15555001831,HH-457,,,SYNTHETIC S06C-2000-SCALE
Syn1832,Guest2000SCALE,,syn1832.2000SCALE.s06c@example.test,+15555001832,HH-458,,,SYNTHETIC S06C-2000-SCALE
Syn1833,Guest2000SCALE,,syn1833.2000SCALE.s06c@example.test,+15555001833,HH-458,,,SYNTHETIC S06C-2000-SCALE
Syn1834,Guest2000SCALE,,syn1834.2000SCALE.s06c@example.test,+15555001834,HH-458,,,SYNTHETIC S06C-2000-SCALE
Syn1835,Guest2000SCALE,,syn1835.2000SCALE.s06c@example.test,+15555001835,HH-458,,,SYNTHETIC S06C-2000-SCALE
Syn1836,Guest2000SCALE,,syn1836.2000SCALE.s06c@example.test,+15555001836,HH-459,,,SYNTHETIC S06C-2000-SCALE
Syn1837,Guest2000SCALE,,syn1837.2000SCALE.s06c@example.test,+15555001837,HH-459,,,SYNTHETIC S06C-2000-SCALE
Syn1838,Guest2000SCALE,,syn1838.2000SCALE.s06c@example.test,+15555001838,HH-459,,,SYNTHETIC S06C-2000-SCALE
Syn1839,Guest2000SCALE,,syn1839.2000SCALE.s06c@example.test,+15555001839,HH-459,,,SYNTHETIC S06C-2000-SCALE
Syn1840,Guest2000SCALE,,syn1840.2000SCALE.s06c@example.test,+15555001840,HH-460,,,SYNTHETIC S06C-2000-SCALE
Syn1841,Guest2000SCALE,,syn1841.2000SCALE.s06c@example.test,+15555001841,HH-460,,,SYNTHETIC S06C-2000-SCALE
Syn1842,Guest2000SCALE,,syn1842.2000SCALE.s06c@example.test,+15555001842,HH-460,,,SYNTHETIC S06C-2000-SCALE
Syn1843,Guest2000SCALE,,syn1843.2000SCALE.s06c@example.test,+15555001843,HH-460,,,SYNTHETIC S06C-2000-SCALE
Syn1844,Guest2000SCALE,,syn1844.2000SCALE.s06c@example.test,+15555001844,HH-461,,,SYNTHETIC S06C-2000-SCALE
Syn1845,Guest2000SCALE,,syn1845.2000SCALE.s06c@example.test,+15555001845,HH-461,,,SYNTHETIC S06C-2000-SCALE
Syn1846,Guest2000SCALE,,syn1846.2000SCALE.s06c@example.test,+15555001846,HH-461,,,SYNTHETIC S06C-2000-SCALE
Syn1847,Guest2000SCALE,,syn1847.2000SCALE.s06c@example.test,+15555001847,HH-461,,,SYNTHETIC S06C-2000-SCALE
Syn1848,Guest2000SCALE,,syn1848.2000SCALE.s06c@example.test,+15555001848,HH-462,,,SYNTHETIC S06C-2000-SCALE
Syn1849,Guest2000SCALE,,syn1849.2000SCALE.s06c@example.test,+15555001849,HH-462,,,SYNTHETIC S06C-2000-SCALE
Syn1850,Guest2000SCALE,,syn1850.2000SCALE.s06c@example.test,+15555001850,HH-462,,,SYNTHETIC S06C-2000-SCALE
Syn1851,Guest2000SCALE,,syn1851.2000SCALE.s06c@example.test,+15555001851,HH-462,,,SYNTHETIC S06C-2000-SCALE
Syn1852,Guest2000SCALE,,syn1852.2000SCALE.s06c@example.test,+15555001852,HH-463,,,SYNTHETIC S06C-2000-SCALE
Syn1853,Guest2000SCALE,,syn1853.2000SCALE.s06c@example.test,+15555001853,HH-463,,,SYNTHETIC S06C-2000-SCALE
Syn1854,Guest2000SCALE,,syn1854.2000SCALE.s06c@example.test,+15555001854,HH-463,,,SYNTHETIC S06C-2000-SCALE
Syn1855,Guest2000SCALE,,syn1855.2000SCALE.s06c@example.test,+15555001855,HH-463,,,SYNTHETIC S06C-2000-SCALE
Syn1856,Guest2000SCALE,,syn1856.2000SCALE.s06c@example.test,+15555001856,HH-464,,,SYNTHETIC S06C-2000-SCALE
Syn1857,Guest2000SCALE,,syn1857.2000SCALE.s06c@example.test,+15555001857,HH-464,,,SYNTHETIC S06C-2000-SCALE
Syn1858,Guest2000SCALE,,syn1858.2000SCALE.s06c@example.test,+15555001858,HH-464,,,SYNTHETIC S06C-2000-SCALE
Syn1859,Guest2000SCALE,,syn1859.2000SCALE.s06c@example.test,+15555001859,HH-464,,,SYNTHETIC S06C-2000-SCALE
Syn1860,Guest2000SCALE,,syn1860.2000SCALE.s06c@example.test,+15555001860,HH-465,,,SYNTHETIC S06C-2000-SCALE
Syn1861,Guest2000SCALE,,syn1861.2000SCALE.s06c@example.test,+15555001861,HH-465,,,SYNTHETIC S06C-2000-SCALE
Syn1862,Guest2000SCALE,,syn1862.2000SCALE.s06c@example.test,+15555001862,HH-465,,,SYNTHETIC S06C-2000-SCALE
Syn1863,Guest2000SCALE,,syn1863.2000SCALE.s06c@example.test,+15555001863,HH-465,,,SYNTHETIC S06C-2000-SCALE
Syn1864,Guest2000SCALE,,syn1864.2000SCALE.s06c@example.test,+15555001864,HH-466,,,SYNTHETIC S06C-2000-SCALE
Syn1865,Guest2000SCALE,,syn1865.2000SCALE.s06c@example.test,+15555001865,HH-466,,,SYNTHETIC S06C-2000-SCALE
Syn1866,Guest2000SCALE,,syn1866.2000SCALE.s06c@example.test,+15555001866,HH-466,,,SYNTHETIC S06C-2000-SCALE
Syn1867,Guest2000SCALE,,syn1867.2000SCALE.s06c@example.test,+15555001867,HH-466,,,SYNTHETIC S06C-2000-SCALE
Syn1868,Guest2000SCALE,,syn1868.2000SCALE.s06c@example.test,+15555001868,HH-467,,,SYNTHETIC S06C-2000-SCALE
Syn1869,Guest2000SCALE,,syn1869.2000SCALE.s06c@example.test,+15555001869,HH-467,,,SYNTHETIC S06C-2000-SCALE
Syn1870,Guest2000SCALE,,syn1870.2000SCALE.s06c@example.test,+15555001870,HH-467,,,SYNTHETIC S06C-2000-SCALE
Syn1871,Guest2000SCALE,,syn1871.2000SCALE.s06c@example.test,+15555001871,HH-467,,,SYNTHETIC S06C-2000-SCALE
Syn1872,Guest2000SCALE,,syn1872.2000SCALE.s06c@example.test,+15555001872,HH-468,,,SYNTHETIC S06C-2000-SCALE
Syn1873,Guest2000SCALE,,syn1873.2000SCALE.s06c@example.test,+15555001873,HH-468,,,SYNTHETIC S06C-2000-SCALE
Syn1874,Guest2000SCALE,,syn1874.2000SCALE.s06c@example.test,+15555001874,HH-468,,,SYNTHETIC S06C-2000-SCALE
Syn1875,Guest2000SCALE,,syn1875.2000SCALE.s06c@example.test,+15555001875,HH-468,,,SYNTHETIC S06C-2000-SCALE
Syn1876,Guest2000SCALE,,syn1876.2000SCALE.s06c@example.test,+15555001876,HH-469,,,SYNTHETIC S06C-2000-SCALE
Syn1877,Guest2000SCALE,,syn1877.2000SCALE.s06c@example.test,+15555001877,HH-469,,,SYNTHETIC S06C-2000-SCALE
Syn1878,Guest2000SCALE,,syn1878.2000SCALE.s06c@example.test,+15555001878,HH-469,,,SYNTHETIC S06C-2000-SCALE
Syn1879,Guest2000SCALE,,syn1879.2000SCALE.s06c@example.test,+15555001879,HH-469,,,SYNTHETIC S06C-2000-SCALE
Syn1880,Guest2000SCALE,,syn1880.2000SCALE.s06c@example.test,+15555001880,HH-470,,,SYNTHETIC S06C-2000-SCALE
Syn1881,Guest2000SCALE,,syn1881.2000SCALE.s06c@example.test,+15555001881,HH-470,,,SYNTHETIC S06C-2000-SCALE
Syn1882,Guest2000SCALE,,syn1882.2000SCALE.s06c@example.test,+15555001882,HH-470,,,SYNTHETIC S06C-2000-SCALE
Syn1883,Guest2000SCALE,,syn1883.2000SCALE.s06c@example.test,+15555001883,HH-470,,,SYNTHETIC S06C-2000-SCALE
Syn1884,Guest2000SCALE,,syn1884.2000SCALE.s06c@example.test,+15555001884,HH-471,,,SYNTHETIC S06C-2000-SCALE
Syn1885,Guest2000SCALE,,syn1885.2000SCALE.s06c@example.test,+15555001885,HH-471,,,SYNTHETIC S06C-2000-SCALE
Syn1886,Guest2000SCALE,,syn1886.2000SCALE.s06c@example.test,+15555001886,HH-471,,,SYNTHETIC S06C-2000-SCALE
Syn1887,Guest2000SCALE,,syn1887.2000SCALE.s06c@example.test,+15555001887,HH-471,,,SYNTHETIC S06C-2000-SCALE
Syn1888,Guest2000SCALE,,syn1888.2000SCALE.s06c@example.test,+15555001888,HH-472,,,SYNTHETIC S06C-2000-SCALE
Syn1889,Guest2000SCALE,,syn1889.2000SCALE.s06c@example.test,+15555001889,HH-472,,,SYNTHETIC S06C-2000-SCALE
Syn1890,Guest2000SCALE,,syn1890.2000SCALE.s06c@example.test,+15555001890,HH-472,,,SYNTHETIC S06C-2000-SCALE
Syn1891,Guest2000SCALE,,syn1891.2000SCALE.s06c@example.test,+15555001891,HH-472,,,SYNTHETIC S06C-2000-SCALE
Syn1892,Guest2000SCALE,,syn1892.2000SCALE.s06c@example.test,+15555001892,HH-473,,,SYNTHETIC S06C-2000-SCALE
Syn1893,Guest2000SCALE,,syn1893.2000SCALE.s06c@example.test,+15555001893,HH-473,,,SYNTHETIC S06C-2000-SCALE
Syn1894,Guest2000SCALE,,syn1894.2000SCALE.s06c@example.test,+15555001894,HH-473,,,SYNTHETIC S06C-2000-SCALE
Syn1895,Guest2000SCALE,,syn1895.2000SCALE.s06c@example.test,+15555001895,HH-473,,,SYNTHETIC S06C-2000-SCALE
Syn1896,Guest2000SCALE,,syn1896.2000SCALE.s06c@example.test,+15555001896,HH-474,,,SYNTHETIC S06C-2000-SCALE
Syn1897,Guest2000SCALE,,syn1897.2000SCALE.s06c@example.test,+15555001897,HH-474,,,SYNTHETIC S06C-2000-SCALE
Syn1898,Guest2000SCALE,,syn1898.2000SCALE.s06c@example.test,+15555001898,HH-474,,,SYNTHETIC S06C-2000-SCALE
Syn1899,Guest2000SCALE,,syn1899.2000SCALE.s06c@example.test,+15555001899,HH-474,,,SYNTHETIC S06C-2000-SCALE
Syn1900,Guest2000SCALE,,syn1900.2000SCALE.s06c@example.test,+15555001900,HH-475,,,SYNTHETIC S06C-2000-SCALE
Syn1901,Guest2000SCALE,,syn1901.2000SCALE.s06c@example.test,+15555001901,HH-475,,,SYNTHETIC S06C-2000-SCALE
Syn1902,Guest2000SCALE,,syn1902.2000SCALE.s06c@example.test,+15555001902,HH-475,,,SYNTHETIC S06C-2000-SCALE
Syn1903,Guest2000SCALE,,syn1903.2000SCALE.s06c@example.test,+15555001903,HH-475,,,SYNTHETIC S06C-2000-SCALE
Syn1904,Guest2000SCALE,,syn1904.2000SCALE.s06c@example.test,+15555001904,HH-476,,,SYNTHETIC S06C-2000-SCALE
Syn1905,Guest2000SCALE,,syn1905.2000SCALE.s06c@example.test,+15555001905,HH-476,,,SYNTHETIC S06C-2000-SCALE
Syn1906,Guest2000SCALE,,syn1906.2000SCALE.s06c@example.test,+15555001906,HH-476,,,SYNTHETIC S06C-2000-SCALE
Syn1907,Guest2000SCALE,,syn1907.2000SCALE.s06c@example.test,+15555001907,HH-476,,,SYNTHETIC S06C-2000-SCALE
Syn1908,Guest2000SCALE,,syn1908.2000SCALE.s06c@example.test,+15555001908,HH-477,,,SYNTHETIC S06C-2000-SCALE
Syn1909,Guest2000SCALE,,syn1909.2000SCALE.s06c@example.test,+15555001909,HH-477,,,SYNTHETIC S06C-2000-SCALE
Syn1910,Guest2000SCALE,,syn1910.2000SCALE.s06c@example.test,+15555001910,HH-477,,,SYNTHETIC S06C-2000-SCALE
Syn1911,Guest2000SCALE,,syn1911.2000SCALE.s06c@example.test,+15555001911,HH-477,,,SYNTHETIC S06C-2000-SCALE
Syn1912,Guest2000SCALE,,syn1912.2000SCALE.s06c@example.test,+15555001912,HH-478,,,SYNTHETIC S06C-2000-SCALE
Syn1913,Guest2000SCALE,,syn1913.2000SCALE.s06c@example.test,+15555001913,HH-478,,,SYNTHETIC S06C-2000-SCALE
Syn1914,Guest2000SCALE,,syn1914.2000SCALE.s06c@example.test,+15555001914,HH-478,,,SYNTHETIC S06C-2000-SCALE
Syn1915,Guest2000SCALE,,syn1915.2000SCALE.s06c@example.test,+15555001915,HH-478,,,SYNTHETIC S06C-2000-SCALE
Syn1916,Guest2000SCALE,,syn1916.2000SCALE.s06c@example.test,+15555001916,HH-479,,,SYNTHETIC S06C-2000-SCALE
Syn1917,Guest2000SCALE,,syn1917.2000SCALE.s06c@example.test,+15555001917,HH-479,,,SYNTHETIC S06C-2000-SCALE
Syn1918,Guest2000SCALE,,syn1918.2000SCALE.s06c@example.test,+15555001918,HH-479,,,SYNTHETIC S06C-2000-SCALE
Syn1919,Guest2000SCALE,,syn1919.2000SCALE.s06c@example.test,+15555001919,HH-479,,,SYNTHETIC S06C-2000-SCALE
Syn1920,Guest2000SCALE,,syn1920.2000SCALE.s06c@example.test,+15555001920,HH-480,,,SYNTHETIC S06C-2000-SCALE
Syn1921,Guest2000SCALE,,syn1921.2000SCALE.s06c@example.test,+15555001921,HH-480,,,SYNTHETIC S06C-2000-SCALE
Syn1922,Guest2000SCALE,,syn1922.2000SCALE.s06c@example.test,+15555001922,HH-480,,,SYNTHETIC S06C-2000-SCALE
Syn1923,Guest2000SCALE,,syn1923.2000SCALE.s06c@example.test,+15555001923,HH-480,,,SYNTHETIC S06C-2000-SCALE
Syn1924,Guest2000SCALE,,syn1924.2000SCALE.s06c@example.test,+15555001924,HH-481,,,SYNTHETIC S06C-2000-SCALE
Syn1925,Guest2000SCALE,,syn1925.2000SCALE.s06c@example.test,+15555001925,HH-481,,,SYNTHETIC S06C-2000-SCALE
Syn1926,Guest2000SCALE,,syn1926.2000SCALE.s06c@example.test,+15555001926,HH-481,,,SYNTHETIC S06C-2000-SCALE
Syn1927,Guest2000SCALE,,syn1927.2000SCALE.s06c@example.test,+15555001927,HH-481,,,SYNTHETIC S06C-2000-SCALE
Syn1928,Guest2000SCALE,,syn1928.2000SCALE.s06c@example.test,+15555001928,HH-482,,,SYNTHETIC S06C-2000-SCALE
Syn1929,Guest2000SCALE,,syn1929.2000SCALE.s06c@example.test,+15555001929,HH-482,,,SYNTHETIC S06C-2000-SCALE
Syn1930,Guest2000SCALE,,syn1930.2000SCALE.s06c@example.test,+15555001930,HH-482,,,SYNTHETIC S06C-2000-SCALE
Syn1931,Guest2000SCALE,,syn1931.2000SCALE.s06c@example.test,+15555001931,HH-482,,,SYNTHETIC S06C-2000-SCALE
Syn1932,Guest2000SCALE,,syn1932.2000SCALE.s06c@example.test,+15555001932,HH-483,,,SYNTHETIC S06C-2000-SCALE
Syn1933,Guest2000SCALE,,syn1933.2000SCALE.s06c@example.test,+15555001933,HH-483,,,SYNTHETIC S06C-2000-SCALE
Syn1934,Guest2000SCALE,,syn1934.2000SCALE.s06c@example.test,+15555001934,HH-483,,,SYNTHETIC S06C-2000-SCALE
Syn1935,Guest2000SCALE,,syn1935.2000SCALE.s06c@example.test,+15555001935,HH-483,,,SYNTHETIC S06C-2000-SCALE
Syn1936,Guest2000SCALE,,syn1936.2000SCALE.s06c@example.test,+15555001936,HH-484,,,SYNTHETIC S06C-2000-SCALE
Syn1937,Guest2000SCALE,,syn1937.2000SCALE.s06c@example.test,+15555001937,HH-484,,,SYNTHETIC S06C-2000-SCALE
Syn1938,Guest2000SCALE,,syn1938.2000SCALE.s06c@example.test,+15555001938,HH-484,,,SYNTHETIC S06C-2000-SCALE
Syn1939,Guest2000SCALE,,syn1939.2000SCALE.s06c@example.test,+15555001939,HH-484,,,SYNTHETIC S06C-2000-SCALE
Syn1940,Guest2000SCALE,,syn1940.2000SCALE.s06c@example.test,+15555001940,HH-485,,,SYNTHETIC S06C-2000-SCALE
Syn1941,Guest2000SCALE,,syn1941.2000SCALE.s06c@example.test,+15555001941,HH-485,,,SYNTHETIC S06C-2000-SCALE
Syn1942,Guest2000SCALE,,syn1942.2000SCALE.s06c@example.test,+15555001942,HH-485,,,SYNTHETIC S06C-2000-SCALE
Syn1943,Guest2000SCALE,,syn1943.2000SCALE.s06c@example.test,+15555001943,HH-485,,,SYNTHETIC S06C-2000-SCALE
Syn1944,Guest2000SCALE,,syn1944.2000SCALE.s06c@example.test,+15555001944,HH-486,,,SYNTHETIC S06C-2000-SCALE
Syn1945,Guest2000SCALE,,syn1945.2000SCALE.s06c@example.test,+15555001945,HH-486,,,SYNTHETIC S06C-2000-SCALE
Syn1946,Guest2000SCALE,,syn1946.2000SCALE.s06c@example.test,+15555001946,HH-486,,,SYNTHETIC S06C-2000-SCALE
Syn1947,Guest2000SCALE,,syn1947.2000SCALE.s06c@example.test,+15555001947,HH-486,,,SYNTHETIC S06C-2000-SCALE
Syn1948,Guest2000SCALE,,syn1948.2000SCALE.s06c@example.test,+15555001948,HH-487,,,SYNTHETIC S06C-2000-SCALE
Syn1949,Guest2000SCALE,,syn1949.2000SCALE.s06c@example.test,+15555001949,HH-487,,,SYNTHETIC S06C-2000-SCALE
Syn1950,Guest2000SCALE,,syn1950.2000SCALE.s06c@example.test,+15555001950,HH-487,,,SYNTHETIC S06C-2000-SCALE
Syn1951,Guest2000SCALE,,syn1951.2000SCALE.s06c@example.test,+15555001951,HH-487,,,SYNTHETIC S06C-2000-SCALE
Syn1952,Guest2000SCALE,,syn1952.2000SCALE.s06c@example.test,+15555001952,HH-488,,,SYNTHETIC S06C-2000-SCALE
Syn1953,Guest2000SCALE,,syn1953.2000SCALE.s06c@example.test,+15555001953,HH-488,,,SYNTHETIC S06C-2000-SCALE
Syn1954,Guest2000SCALE,,syn1954.2000SCALE.s06c@example.test,+15555001954,HH-488,,,SYNTHETIC S06C-2000-SCALE
Syn1955,Guest2000SCALE,,syn1955.2000SCALE.s06c@example.test,+15555001955,HH-488,,,SYNTHETIC S06C-2000-SCALE
Syn1956,Guest2000SCALE,,syn1956.2000SCALE.s06c@example.test,+15555001956,HH-489,,,SYNTHETIC S06C-2000-SCALE
Syn1957,Guest2000SCALE,,syn1957.2000SCALE.s06c@example.test,+15555001957,HH-489,,,SYNTHETIC S06C-2000-SCALE
Syn1958,Guest2000SCALE,,syn1958.2000SCALE.s06c@example.test,+15555001958,HH-489,,,SYNTHETIC S06C-2000-SCALE
Syn1959,Guest2000SCALE,,syn1959.2000SCALE.s06c@example.test,+15555001959,HH-489,,,SYNTHETIC S06C-2000-SCALE
Syn1960,Guest2000SCALE,,syn1960.2000SCALE.s06c@example.test,+15555001960,HH-490,,,SYNTHETIC S06C-2000-SCALE
Syn1961,Guest2000SCALE,,syn1961.2000SCALE.s06c@example.test,+15555001961,HH-490,,,SYNTHETIC S06C-2000-SCALE
Syn1962,Guest2000SCALE,,syn1962.2000SCALE.s06c@example.test,+15555001962,HH-490,,,SYNTHETIC S06C-2000-SCALE
Syn1963,Guest2000SCALE,,syn1963.2000SCALE.s06c@example.test,+15555001963,HH-490,,,SYNTHETIC S06C-2000-SCALE
Syn1964,Guest2000SCALE,,syn1964.2000SCALE.s06c@example.test,+15555001964,HH-491,,,SYNTHETIC S06C-2000-SCALE
Syn1965,Guest2000SCALE,,syn1965.2000SCALE.s06c@example.test,+15555001965,HH-491,,,SYNTHETIC S06C-2000-SCALE
Syn1966,Guest2000SCALE,,syn1966.2000SCALE.s06c@example.test,+15555001966,HH-491,,,SYNTHETIC S06C-2000-SCALE
Syn1967,Guest2000SCALE,,syn1967.2000SCALE.s06c@example.test,+15555001967,HH-491,,,SYNTHETIC S06C-2000-SCALE
Syn1968,Guest2000SCALE,,syn1968.2000SCALE.s06c@example.test,+15555001968,HH-492,,,SYNTHETIC S06C-2000-SCALE
Syn1969,Guest2000SCALE,,syn1969.2000SCALE.s06c@example.test,+15555001969,HH-492,,,SYNTHETIC S06C-2000-SCALE
Syn1970,Guest2000SCALE,,syn1970.2000SCALE.s06c@example.test,+15555001970,HH-492,,,SYNTHETIC S06C-2000-SCALE
Syn1971,Guest2000SCALE,,syn1971.2000SCALE.s06c@example.test,+15555001971,HH-492,,,SYNTHETIC S06C-2000-SCALE
Syn1972,Guest2000SCALE,,syn1972.2000SCALE.s06c@example.test,+15555001972,HH-493,,,SYNTHETIC S06C-2000-SCALE
Syn1973,Guest2000SCALE,,syn1973.2000SCALE.s06c@example.test,+15555001973,HH-493,,,SYNTHETIC S06C-2000-SCALE
Syn1974,Guest2000SCALE,,syn1974.2000SCALE.s06c@example.test,+15555001974,HH-493,,,SYNTHETIC S06C-2000-SCALE
Syn1975,Guest2000SCALE,,syn1975.2000SCALE.s06c@example.test,+15555001975,HH-493,,,SYNTHETIC S06C-2000-SCALE
Syn1976,Guest2000SCALE,,syn1976.2000SCALE.s06c@example.test,+15555001976,HH-494,,,SYNTHETIC S06C-2000-SCALE
Syn1977,Guest2000SCALE,,syn1977.2000SCALE.s06c@example.test,+15555001977,HH-494,,,SYNTHETIC S06C-2000-SCALE
Syn1978,Guest2000SCALE,,syn1978.2000SCALE.s06c@example.test,+15555001978,HH-494,,,SYNTHETIC S06C-2000-SCALE
Syn1979,Guest2000SCALE,,syn1979.2000SCALE.s06c@example.test,+15555001979,HH-494,,,SYNTHETIC S06C-2000-SCALE
Syn1980,Guest2000SCALE,,syn1980.2000SCALE.s06c@example.test,+15555001980,HH-495,,,SYNTHETIC S06C-2000-SCALE
Syn1981,Guest2000SCALE,,syn1981.2000SCALE.s06c@example.test,+15555001981,HH-495,,,SYNTHETIC S06C-2000-SCALE
Syn1982,Guest2000SCALE,,syn1982.2000SCALE.s06c@example.test,+15555001982,HH-495,,,SYNTHETIC S06C-2000-SCALE
Syn1983,Guest2000SCALE,,syn1983.2000SCALE.s06c@example.test,+15555001983,HH-495,,,SYNTHETIC S06C-2000-SCALE
Syn1984,Guest2000SCALE,,syn1984.2000SCALE.s06c@example.test,+15555001984,HH-496,,,SYNTHETIC S06C-2000-SCALE
Syn1985,Guest2000SCALE,,syn1985.2000SCALE.s06c@example.test,+15555001985,HH-496,,,SYNTHETIC S06C-2000-SCALE
Syn1986,Guest2000SCALE,,syn1986.2000SCALE.s06c@example.test,+15555001986,HH-496,,,SYNTHETIC S06C-2000-SCALE
Syn1987,Guest2000SCALE,,syn1987.2000SCALE.s06c@example.test,+15555001987,HH-496,,,SYNTHETIC S06C-2000-SCALE
Syn1988,Guest2000SCALE,,syn1988.2000SCALE.s06c@example.test,+15555001988,HH-497,,,SYNTHETIC S06C-2000-SCALE
Syn1989,Guest2000SCALE,,syn1989.2000SCALE.s06c@example.test,+15555001989,HH-497,,,SYNTHETIC S06C-2000-SCALE
Syn1990,Guest2000SCALE,,syn1990.2000SCALE.s06c@example.test,+15555001990,HH-497,,,SYNTHETIC S06C-2000-SCALE
Syn1991,Guest2000SCALE,,syn1991.2000SCALE.s06c@example.test,+15555001991,HH-497,,,SYNTHETIC S06C-2000-SCALE
Syn1992,Guest2000SCALE,,syn1992.2000SCALE.s06c@example.test,+15555001992,HH-498,,,SYNTHETIC S06C-2000-SCALE
Syn1993,Guest2000SCALE,,syn1993.2000SCALE.s06c@example.test,+15555001993,HH-498,,,SYNTHETIC S06C-2000-SCALE
Syn1994,Guest2000SCALE,,syn1994.2000SCALE.s06c@example.test,+15555001994,HH-498,,,SYNTHETIC S06C-2000-SCALE
Syn1995,Guest2000SCALE,,syn1995.2000SCALE.s06c@example.test,+15555001995,HH-498,,,SYNTHETIC S06C-2000-SCALE
Syn1996,Guest2000SCALE,,syn1996.2000SCALE.s06c@example.test,+15555001996,HH-499,,,SYNTHETIC S06C-2000-SCALE
Syn1997,Guest2000SCALE,,syn1997.2000SCALE.s06c@example.test,+15555001997,HH-499,,,SYNTHETIC S06C-2000-SCALE
Syn1998,Guest2000SCALE,,syn1998.2000SCALE.s06c@example.test,+15555001998,HH-499,,,SYNTHETIC S06C-2000-SCALE
Syn1999,Guest2000SCALE,,syn1999.2000SCALE.s06c@example.test,+15555001999,HH-499,,,SYNTHETIC S06C-2000-SCALE
