givenName,familyName,preferredName,email,phone,householdKey,dietary,accessibility,note
Syn0,Guest1000TYPICAL,,syn0.1000TYPICAL.s06c@example.test,+15553000000,HH-0,vegetarian,wheelchair access,SYNTHETIC S06C-1000-TYPICAL
Syn1,Guest1000TYPICAL,,syn1.1000TYPICAL.s06c@example.test,+15553000001,HH-0,,,SYNTHETIC S06C-1000-TYPICAL
Syn2,Guest1000TYPICAL,,syn2.1000TYPICAL.s06c@example.test,+15553000002,HH-0,,,SYNTHETIC S06C-1000-TYPICAL
Syn3,Guest1000TYPICAL,,syn3.1000TYPICAL.s06c@example.test,+15553000003,HH-0,,,SYNTHETIC S06C-1000-TYPICAL
Syn4,Guest1000TYPICAL,,syn4.1000TYPICAL.s06c@example.test,+15553000004,HH-1,,,SYNTHETIC S06C-1000-TYPICAL
Syn5,Guest1000TYPICAL,,syn5.1000TYPICAL.s06c@example.test,+15553000005,HH-1,,,SYNTHETIC S06C-1000-TYPICAL
Syn6,Guest1000TYPICAL,,syn6.1000TYPICAL.s06c@example.test,+15553000006,HH-1,,,SYNTHETIC S06C-1000-TYPICAL
Syn7,Guest1000TYPICAL,,syn7.1000TYPICAL.s06c@example.test,+15553000007,HH-1,,,SYNTHETIC S06C-1000-TYPICAL
Syn8,Guest1000TYPICAL,,syn8.1000TYPICAL.s06c@example.test,+15553000008,HH-2,,,SYNTHETIC S06C-1000-TYPICAL
Syn9,Guest1000TYPICAL,,syn9.1000TYPICAL.s06c@example.test,+15553000009,HH-2,,,SYNTHETIC S06C-1000-TYPICAL
Syn10,Guest1000TYPICAL,,syn10.1000TYPICAL.s06c@example.test,+15553000010,HH-2,,,SYNTHETIC S06C-1000-TYPICAL
Syn11,Guest1000TYPICAL,,syn11.1000TYPICAL.s06c@example.test,+15553000011,HH-2,,,SYNTHETIC S06C-1000-TYPICAL
Syn12,Guest1000TYPICAL,,syn12.1000TYPICAL.s06c@example.test,+15553000012,HH-3,,,SYNTHETIC S06C-1000-TYPICAL
Syn13,Guest1000TYPICAL,,syn13.1000TYPICAL.s06c@example.test,+15553000013,HH-3,,,SYNTHETIC S06C-1000-TYPICAL
Syn14,Guest1000TYPICAL,,syn14.1000TYPICAL.s06c@example.test,+15553000014,HH-3,,,SYNTHETIC S06C-1000-TYPICAL
Syn15,Guest1000TYPICAL,,syn15.1000TYPICAL.s06c@example.test,+15553000015,HH-3,,,SYNTHETIC S06C-1000-TYPICAL
Syn16,Guest1000TYPICAL,,syn16.1000TYPICAL.s06c@example.test,+15553000016,HH-4,,,SYNTHETIC S06C-1000-TYPICAL
Syn17,Guest1000TYPICAL,,syn17.1000TYPICAL.s06c@example.test,+15553000017,HH-4,vegetarian,,SYNTHETIC S06C-1000-TYPICAL
Syn18,Guest1000TYPICAL,,syn18.1000TYPICAL.s06c@example.test,+15553000018,HH-4,,,SYNTHETIC S06C-1000-TYPICAL
Syn19,Guest1000TYPICAL,,syn19.1000TYPICAL.s06c@example.test,+15553000019,HH-4,,,SYNTHETIC S06C-1000-TYPICAL
Syn20,Guest1000TYPICAL,,syn20.1000TYPICAL.s06c@example.test,+15553000020,HH-5,,,SYNTHETIC S06C-1000-TYPICAL
Syn21,Guest1000TYPICAL,,syn21.1000TYPICAL.s06c@example.test,+15553000021,HH-5,,,SYNTHETIC S06C-1000-TYPICAL
Syn22,Guest1000TYPICAL,,syn22.1000TYPICAL.s06c@example.test,+15553000022,HH-5,,,SYNTHETIC S06C-1000-TYPICAL
Syn23,Guest1000TYPICAL,,syn23.1000TYPICAL.s06c@example.test,+15553000023,HH-5,,wheelchair access,SYNTHETIC S06C-1000-TYPICAL
Syn24,Guest1000TYPICAL,,syn24.1000TYPICAL.s06c@example.test,+15553000024,HH-6,,,SYNTHETIC S06C-1000-TYPICAL
Syn25,Guest1000TYPICAL,,syn25.1000TYPICAL.s06c@example.test,+15553000025,HH-6,,,SYNTHETIC S06C-1000-TYPICAL
Syn26,Guest1000TYPICAL,,syn26.1000TYPICAL.s06c@example.test,+15553000026,HH-6,,,SYNTHETIC S06C-1000-TYPICAL
Syn27,Guest1000TYPICAL,,syn27.1000TYPICAL.s06c@example.test,+15553000027,HH-6,,,SYNTHETIC S06C-1000-TYPICAL
Syn28,Guest1000TYPICAL,,syn28.1000TYPICAL.s06c@example.test,+15553000028,HH-7,,,SYNTHETIC S06C-1000-TYPICAL
Syn29,Guest1000TYPICAL,,syn29.1000TYPICAL.s06c@example.test,+15553000029,HH-7,,,SYNTHETIC S06C-1000-TYPICAL
Syn30,Guest1000TYPICAL,,syn30.1000TYPICAL.s06c@example.test,+15553000030,HH-7,,,SYNTHETIC S06C-1000-TYPICAL
Syn31,Guest1000TYPICAL,,syn31.1000TYPICAL.s06c@example.test,+15553000031,HH-7,,,SYNTHETIC S06C-1000-TYPICAL
Syn32,Guest1000TYPICAL,,syn32.1000TYPICAL.s06c@example.test,+15553000032,HH-8,,,SYNTHETIC S06C-1000-TYPICAL
Syn33,Guest1000TYPICAL,,syn33.1000TYPICAL.s06c@example.test,+15553000033,HH-8,,,SYNTHETIC S06C-1000-TYPICAL
Syn34,Guest1000TYPICAL,,syn34.1000TYPICAL.s06c@example.test,+15553000034,HH-8,vegetarian,,SYNTHETIC S06C-1000-TYPICAL
Syn35,Guest1000TYPICAL,,syn35.1000TYPICAL.s06c@example.test,+15553000035,HH-8,,,SYNTHETIC S06C-1000-TYPICAL
Syn36,Guest1000TYPICAL,,syn36.1000TYPICAL.s06c@example.test,+15553000036,HH-9,,,SYNTHETIC S06C-1000-TYPICAL
Syn37,Guest1000TYPICAL,,syn37.1000TYPICAL.s06c@example.test,+15553000037,HH-9,,,SYNTHETIC S06C-1000-TYPICAL
Syn38,Guest1000TYPICAL,,syn38.1000TYPICAL.s06c@example.test,+15553000038,HH-9,,,SYNTHETIC S06C-1000-TYPICAL
Syn39,Guest1000TYPICAL,,syn39.1000TYPICAL.s06c@example.test,+15553000039,HH-9,,,SYNTHETIC S06C-1000-TYPICAL
Syn40,Guest1000TYPICAL,,syn40.1000TYPICAL.s06c@example.test,+15553000040,HH-10,,,SYNTHETIC S06C-1000-TYPICAL
Syn41,Guest1000TYPICAL,,syn41.1000TYPICAL.s06c@example.test,+15553000041,HH-10,,,SYNTHETIC S06C-1000-TYPICAL
Syn42,Guest1000TYPICAL,,syn42.1000TYPICAL.s06c@example.test,+15553000042,HH-10,,,SYNTHETIC S06C-1000-TYPICAL
Syn43,Guest1000TYPICAL,,syn43.1000TYPICAL.s06c@example.test,+15553000043,HH-10,,,SYNTHETIC S06C-1000-TYPICAL
Syn44,Guest1000TYPICAL,,syn44.1000TYPICAL.s06c@example.test,+15553000044,HH-11,,,SYNTHETIC S06C-1000-TYPICAL
Syn45,Guest1000TYPICAL,,syn45.1000TYPICAL.s06c@example.test,+15553000045,HH-11,,,SYNTHETIC S06C-1000-TYPICAL
Syn46,Guest1000TYPICAL,,syn46.1000TYPICAL.s06c@example.test,+15553000046,HH-11,,wheelchair access,SYNTHETIC S06C-1000-TYPICAL
Syn47,Guest1000TYPICAL,,syn47.1000TYPICAL.s06c@example.test,+15553000047,HH-11,,,SYNTHETIC S06C-1000-TYPICAL
Syn48,Guest1000TYPICAL,,syn48.1000TYPICAL.s06c@example.test,+15553000048,HH-12,,,SYNTHETIC S06C-1000-TYPICAL
Syn49,Guest1000TYPICAL,,syn49.1000TYPICAL.s06c@example.test,+15553000049,HH-12,,,SYNTHETIC S06C-1000-TYPICAL
Syn50,Guest1000TYPICAL,,syn50.1000TYPICAL.s06c@example.test,+15553000050,HH-12,,,SYNTHETIC S06C-1000-TYPICAL
Syn51,Guest1000TYPICAL,,syn51.1000TYPICAL.s06c@example.test,+15553000051,HH-12,vegetarian,,SYNTHETIC S06C-1000-TYPICAL
Syn52,Guest1000TYPICAL,,syn52.1000TYPICAL.s06c@example.test,+15553000052,HH-13,,,SYNTHETIC S06C-1000-TYPICAL
Syn53,Guest1000TYPICAL,,syn53.1000TYPICAL.s06c@example.test,+15553000053,HH-13,,,SYNTHETIC S06C-1000-TYPICAL
Syn54,Guest1000TYPICAL,,syn54.1000TYPICAL.s06c@example.test,+15553000054,HH-13,,,SYNTHETIC S06C-1000-TYPICAL
Syn55,Guest1000TYPICAL,,syn55.1000TYPICAL.s06c@example.test,+15553000055,HH-13,,,SYNTHETIC S06C-1000-TYPICAL
Syn56,Guest1000TYPICAL,,syn56.1000TYPICAL.s06c@example.test,+15553000056,HH-14,,,SYNTHETIC S06C-1000-TYPICAL
Syn57,Guest1000TYPICAL,,syn57.1000TYPICAL.s06c@example.test,+15553000057,HH-14,,,SYNTHETIC S06C-1000-TYPICAL
Syn58,Guest1000TYPICAL,,syn58.1000TYPICAL.s06c@example.test,+15553000058,HH-14,,,SYNTHETIC S06C-1000-TYPICAL
Syn59,Guest1000TYPICAL,,syn59.1000TYPICAL.s06c@example.test,+15553000059,HH-14,,,SYNTHETIC S06C-1000-TYPICAL
Syn60,Guest1000TYPICAL,,syn60.1000TYPICAL.s06c@example.test,+15553000060,HH-15,,,SYNTHETIC S06C-1000-TYPICAL
Syn61,Guest1000TYPICAL,,syn61.1000TYPICAL.s06c@example.test,+15553000061,HH-15,,,SYNTHETIC S06C-1000-TYPICAL
Syn62,Guest1000TYPICAL,,syn62.1000TYPICAL.s06c@example.test,+15553000062,HH-15,,,SYNTHETIC S06C-1000-TYPICAL
Syn63,Guest1000TYPICAL,,syn63.1000TYPICAL.s06c@example.test,+15553000063,HH-15,,,SYNTHETIC S06C-1000-TYPICAL
Syn64,Guest1000TYPICAL,,syn64.1000TYPICAL.s06c@example.test,+15553000064,HH-16,,,SYNTHETIC S06C-1000-TYPICAL
Syn65,Guest1000TYPICAL,,syn65.1000TYPICAL.s06c@example.test,+15553000065,HH-16,,,SYNTHETIC S06C-1000-TYPICAL
Syn66,Guest1000TYPICAL,,syn66.1000TYPICAL.s06c@example.test,+15553000066,HH-16,,,SYNTHETIC S06C-1000-TYPICAL
Syn67,Guest1000TYPICAL,,syn67.1000TYPICAL.s06c@example.test,+15553000067,HH-16,,,SYNTHETIC S06C-1000-TYPICAL
Syn68,Guest1000TYPICAL,,syn68.1000TYPICAL.s06c@example.test,+15553000068,HH-17,vegetarian,,SYNTHETIC S06C-1000-TYPICAL
Syn69,Guest1000TYPICAL,,syn69.1000TYPICAL.s06c@example.test,+15553000069,HH-17,,wheelchair access,SYNTHETIC S06C-1000-TYPICAL
Syn70,Guest1000TYPICAL,,syn70.1000TYPICAL.s06c@example.test,+15553000070,HH-17,,,SYNTHETIC S06C-1000-TYPICAL
Syn71,Guest1000TYPICAL,,syn71.1000TYPICAL.s06c@example.test,+15553000071,HH-17,,,SYNTHETIC S06C-1000-TYPICAL
Syn72,Guest1000TYPICAL,,syn72.1000TYPICAL.s06c@example.test,+15553000072,HH-18,,,SYNTHETIC S06C-1000-TYPICAL
Syn73,Guest1000TYPICAL,,syn73.1000TYPICAL.s06c@example.test,+15553000073,HH-18,,,SYNTHETIC S06C-1000-TYPICAL
Syn74,Guest1000TYPICAL,,syn74.1000TYPICAL.s06c@example.test,+15553000074,HH-18,,,SYNTHETIC S06C-1000-TYPICAL
Syn75,Guest1000TYPICAL,,syn75.1000TYPICAL.s06c@example.test,+15553000075,HH-18,,,SYNTHETIC S06C-1000-TYPICAL
Syn76,Guest1000TYPICAL,,syn76.1000TYPICAL.s06c@example.test,+15553000076,HH-19,,,SYNTHETIC S06C-1000-TYPICAL
Syn77,Guest1000TYPICAL,,syn77.1000TYPICAL.s06c@example.test,+15553000077,HH-19,,,SYNTHETIC S06C-1000-TYPICAL
Syn78,Guest1000TYPICAL,,syn78.1000TYPICAL.s06c@example.test,+15553000078,HH-19,,,SYNTHETIC S06C-1000-TYPICAL
Syn79,Guest1000TYPICAL,,syn79.1000TYPICAL.s06c@example.test,+15553000079,HH-19,,,SYNTHETIC S06C-1000-TYPICAL
Syn80,Guest1000TYPICAL,,syn80.1000TYPICAL.s06c@example.test,+15553000080,HH-20,,,SYNTHETIC S06C-1000-TYPICAL
Syn81,Guest1000TYPICAL,,syn81.1000TYPICAL.s06c@example.test,+15553000081,HH-20,,,SYNTHETIC S06C-1000-TYPICAL
Syn82,Guest1000TYPICAL,,syn82.1000TYPICAL.s06c@example.test,+15553000082,HH-20,,,SYNTHETIC S06C-1000-TYPICAL
Syn83,Guest1000TYPICAL,,syn83.1000TYPICAL.s06c@example.test,+15553000083,HH-20,,,SYNTHETIC S06C-1000-TYPICAL
Syn84,Guest1000TYPICAL,,syn84.1000TYPICAL.s06c@example.test,+15553000084,HH-21,,,SYNTHETIC S06C-1000-TYPICAL
Syn85,Guest1000TYPICAL,,syn85.1000TYPICAL.s06c@example.test,+15553000085,HH-21,vegetarian,,SYNTHETIC S06C-1000-TYPICAL
Syn86,Guest1000TYPICAL,,syn86.1000TYPICAL.s06c@example.test,+15553000086,HH-21,,,SYNTHETIC S06C-1000-TYPICAL
Syn87,Guest1000TYPICAL,,syn87.1000TYPICAL.s06c@example.test,+15553000087,HH-21,,,SYNTHETIC S06C-1000-TYPICAL
Syn88,Guest1000TYPICAL,,syn88.1000TYPICAL.s06c@example.test,+15553000088,HH-22,,,SYNTHETIC S06C-1000-TYPICAL
Syn89,Guest1000TYPICAL,,syn89.1000TYPICAL.s06c@example.test,+15553000089,HH-22,,,SYNTHETIC S06C-1000-TYPICAL
Syn90,Guest1000TYPICAL,,syn90.1000TYPICAL.s06c@example.test,+15553000090,HH-22,,,SYNTHETIC S06C-1000-TYPICAL
Syn91,Guest1000TYPICAL,,syn91.1000TYPICAL.s06c@example.test,+15553000091,HH-22,,,SYNTHETIC S06C-1000-TYPICAL
Syn92,Guest1000TYPICAL,,syn92.1000TYPICAL.s06c@example.test,+15553000092,HH-23,,wheelchair access,SYNTHETIC S06C-1000-TYPICAL
Syn93,Guest1000TYPICAL,,syn93.1000TYPICAL.s06c@example.test,+15553000093,HH-23,,,SYNTHETIC S06C-1000-TYPICAL
Syn94,Guest1000TYPICAL,,syn94.1000TYPICAL.s06c@example.test,+15553000094,HH-23,,,SYNTHETIC S06C-1000-TYPICAL
Syn95,Guest1000TYPICAL,,syn95.1000TYPICAL.s06c@example.test,+15553000095,HH-23,,,SYNTHETIC S06C-1000-TYPICAL
Syn96,Guest1000TYPICAL,,syn96.1000TYPICAL.s06c@example.test,+15553000096,HH-24,,,SYNTHETIC S06C-1000-TYPICAL
Syn97,Guest1000TYPICAL,,syn97.1000TYPICAL.s06c@example.test,+15553000097,HH-24,,,SYNTHETIC S06C-1000-TYPICAL
Syn98,Guest1000TYPICAL,,syn98.1000TYPICAL.s06c@example.test,+15553000098,HH-24,,,SYNTHETIC S06C-1000-TYPICAL
Syn99,Guest1000TYPICAL,,syn99.1000TYPICAL.s06c@example.test,+15553000099,HH-24,,,SYNTHETIC S06C-1000-TYPICAL
Syn100,Guest1000TYPICAL,,syn100.1000TYPICAL.s06c@example.test,+15553000100,HH-25,,,SYNTHETIC S06C-1000-TYPICAL
Syn101,Guest1000TYPICAL,,syn101.1000TYPICAL.s06c@example.test,+15553000101,HH-25,,,SYNTHETIC S06C-1000-TYPICAL
Syn102,Guest1000TYPICAL,,syn102.1000TYPICAL.s06c@example.test,+15553000102,HH-25,vegetarian,,SYNTHETIC S06C-1000-TYPICAL
Syn103,Guest1000TYPICAL,,syn103.1000TYPICAL.s06c@example.test,+15553000103,HH-25,,,SYNTHETIC S06C-1000-TYPICAL
Syn104,Guest1000TYPICAL,,syn104.1000TYPICAL.s06c@example.test,+15553000104,HH-26,,,SYNTHETIC S06C-1000-TYPICAL
Syn105,Guest1000TYPICAL,,syn105.1000TYPICAL.s06c@example.test,+15553000105,HH-26,,,SYNTHETIC S06C-1000-TYPICAL
Syn106,Guest1000TYPICAL,,syn106.1000TYPICAL.s06c@example.test,+15553000106,HH-26,,,SYNTHETIC S06C-1000-TYPICAL
Syn107,Guest1000TYPICAL,,syn107.1000TYPICAL.s06c@example.test,+15553000107,HH-26,,,SYNTHETIC S06C-1000-TYPICAL
Syn108,Guest1000TYPICAL,,syn108.1000TYPICAL.s06c@example.test,+15553000108,HH-27,,,SYNTHETIC S06C-1000-TYPICAL
Syn109,Guest1000TYPICAL,,syn109.1000TYPICAL.s06c@example.test,+15553000109,HH-27,,,SYNTHETIC S06C-1000-TYPICAL
Syn110,Guest1000TYPICAL,,syn110.1000TYPICAL.s06c@example.test,+15553000110,HH-27,,,SYNTHETIC S06C-1000-TYPICAL
Syn111,Guest1000TYPICAL,,syn111.1000TYPICAL.s06c@example.test,+15553000111,HH-27,,,SYNTHETIC S06C-1000-TYPICAL
Syn112,Guest1000TYPICAL,,syn112.1000TYPICAL.s06c@example.test,+15553000112,HH-28,,,SYNTHETIC S06C-1000-TYPICAL
Syn113,Guest1000TYPICAL,,syn113.1000TYPICAL.s06c@example.test,+15553000113,HH-28,,,SYNTHETIC S06C-1000-TYPICAL
Syn114,Guest1000TYPICAL,,syn114.1000TYPICAL.s06c@example.test,+15553000114,HH-28,,,SYNTHETIC S06C-1000-TYPICAL
Syn115,Guest1000TYPICAL,,syn115.1000TYPICAL.s06c@example.test,+15553000115,HH-28,,wheelchair access,SYNTHETIC S06C-1000-TYPICAL
Syn116,Guest1000TYPICAL,,syn116.1000TYPICAL.s06c@example.test,+15553000116,HH-29,,,SYNTHETIC S06C-1000-TYPICAL
Syn117,Guest1000TYPICAL,,syn117.1000TYPICAL.s06c@example.test,+15553000117,HH-29,,,SYNTHETIC S06C-1000-TYPICAL
Syn118,Guest1000TYPICAL,,syn118.1000TYPICAL.s06c@example.test,+15553000118,HH-29,,,SYNTHETIC S06C-1000-TYPICAL
Syn119,Guest1000TYPICAL,,syn119.1000TYPICAL.s06c@example.test,+15553000119,HH-29,vegetarian,,SYNTHETIC S06C-1000-TYPICAL
Syn120,Guest1000TYPICAL,,syn120.1000TYPICAL.s06c@example.test,+15553000120,HH-30,,,SYNTHETIC S06C-1000-TYPICAL
Syn121,Guest1000TYPICAL,,syn121.1000TYPICAL.s06c@example.test,+15553000121,HH-30,,,SYNTHETIC S06C-1000-TYPICAL
Syn122,Guest1000TYPICAL,,syn122.1000TYPICAL.s06c@example.test,+15553000122,HH-30,,,SYNTHETIC S06C-1000-TYPICAL
Syn123,Guest1000TYPICAL,,syn123.1000TYPICAL.s06c@example.test,+15553000123,HH-30,,,SYNTHETIC S06C-1000-TYPICAL
Syn124,Guest1000TYPICAL,,syn124.1000TYPICAL.s06c@example.test,+15553000124,HH-31,,,SYNTHETIC S06C-1000-TYPICAL
Syn125,Guest1000TYPICAL,,syn125.1000TYPICAL.s06c@example.test,+15553000125,HH-31,,,SYNTHETIC S06C-1000-TYPICAL
Syn126,Guest1000TYPICAL,,syn126.1000TYPICAL.s06c@example.test,+15553000126,HH-31,,,SYNTHETIC S06C-1000-TYPICAL
Syn127,Guest1000TYPICAL,,syn127.1000TYPICAL.s06c@example.test,+15553000127,HH-31,,,SYNTHETIC S06C-1000-TYPICAL
Syn128,Guest1000TYPICAL,,syn128.1000TYPICAL.s06c@example.test,+15553000128,HH-32,,,SYNTHETIC S06C-1000-TYPICAL
Syn129,Guest1000TYPICAL,,syn129.1000TYPICAL.s06c@example.test,+15553000129,HH-32,,,SYNTHETIC S06C-1000-TYPICAL
Syn130,Guest1000TYPICAL,,syn130.1000TYPICAL.s06c@example.test,+15553000130,HH-32,,,SYNTHETIC S06C-1000-TYPICAL
Syn131,Guest1000TYPICAL,,syn131.1000TYPICAL.s06c@example.test,+15553000131,HH-32,,,SYNTHETIC S06C-1000-TYPICAL
Syn132,Guest1000TYPICAL,,syn132.1000TYPICAL.s06c@example.test,+15553000132,HH-33,,,SYNTHETIC S06C-1000-TYPICAL
Syn133,Guest1000TYPICAL,,syn133.1000TYPICAL.s06c@example.test,+15553000133,HH-33,,,SYNTHETIC S06C-1000-TYPICAL
Syn134,Guest1000TYPICAL,,syn134.1000TYPICAL.s06c@example.test,+15553000134,HH-33,,,SYNTHETIC S06C-1000-TYPICAL
Syn135,Guest1000TYPICAL,,syn135.1000TYPICAL.s06c@example.test,+15553000135,HH-33,,,SYNTHETIC S06C-1000-TYPICAL
Syn136,Guest1000TYPICAL,,syn136.1000TYPICAL.s06c@example.test,+15553000136,HH-34,vegetarian,,SYNTHETIC S06C-1000-TYPICAL
Syn137,Guest1000TYPICAL,,syn137.1000TYPICAL.s06c@example.test,+15553000137,HH-34,,,SYNTHETIC S06C-1000-TYPICAL
Syn138,Guest1000TYPICAL,,syn138.1000TYPICAL.s06c@example.test,+15553000138,HH-34,,wheelchair access,SYNTHETIC S06C-1000-TYPICAL
Syn139,Guest1000TYPICAL,,syn139.1000TYPICAL.s06c@example.test,+15553000139,HH-34,,,SYNTHETIC S06C-1000-TYPICAL
Syn140,Guest1000TYPICAL,,syn140.1000TYPICAL.s06c@example.test,+15553000140,HH-35,,,SYNTHETIC S06C-1000-TYPICAL
Syn141,Guest1000TYPICAL,,syn141.1000TYPICAL.s06c@example.test,+15553000141,HH-35,,,SYNTHETIC S06C-1000-TYPICAL
Syn142,Guest1000TYPICAL,,syn142.1000TYPICAL.s06c@example.test,+15553000142,HH-35,,,SYNTHETIC S06C-1000-TYPICAL
Syn143,Guest1000TYPICAL,,syn143.1000TYPICAL.s06c@example.test,+15553000143,HH-35,,,SYNTHETIC S06C-1000-TYPICAL
Syn144,Guest1000TYPICAL,,syn144.1000TYPICAL.s06c@example.test,+15553000144,HH-36,,,SYNTHETIC S06C-1000-TYPICAL
Syn145,Guest1000TYPICAL,,syn145.1000TYPICAL.s06c@example.test,+15553000145,HH-36,,,SYNTHETIC S06C-1000-TYPICAL
Syn146,Guest1000TYPICAL,,syn146.1000TYPICAL.s06c@example.test,+15553000146,HH-36,,,SYNTHETIC S06C-1000-TYPICAL
Syn147,Guest1000TYPICAL,,syn147.1000TYPICAL.s06c@example.test,+15553000147,HH-36,,,SYNTHETIC S06C-1000-TYPICAL
Syn148,Guest1000TYPICAL,,syn148.1000TYPICAL.s06c@example.test,+15553000148,HH-37,,,SYNTHETIC S06C-1000-TYPICAL
Syn149,Guest1000TYPICAL,,syn149.1000TYPICAL.s06c@example.test,+15553000149,HH-37,,,SYNTHETIC S06C-1000-TYPICAL
Syn150,Guest1000TYPICAL,,syn150.1000TYPICAL.s06c@example.test,+15553000150,HH-37,,,SYNTHETIC S06C-1000-TYPICAL
Syn151,Guest1000TYPICAL,,syn151.1000TYPICAL.s06c@example.test,+15553000151,HH-37,,,SYNTHETIC S06C-1000-TYPICAL
Syn152,Guest1000TYPICAL,,syn152.1000TYPICAL.s06c@example.test,+15553000152,HH-38,,,SYNTHETIC S06C-1000-TYPICAL
Syn153,Guest1000TYPICAL,,syn153.1000TYPICAL.s06c@example.test,+15553000153,HH-38,vegetarian,,SYNTHETIC S06C-1000-TYPICAL
Syn154,Guest1000TYPICAL,,syn154.1000TYPICAL.s06c@example.test,+15553000154,HH-38,,,SYNTHETIC S06C-1000-TYPICAL
Syn155,Guest1000TYPICAL,,syn155.1000TYPICAL.s06c@example.test,+15553000155,HH-38,,,SYNTHETIC S06C-1000-TYPICAL
Syn156,Guest1000TYPICAL,,syn156.1000TYPICAL.s06c@example.test,+15553000156,HH-39,,,SYNTHETIC S06C-1000-TYPICAL
Syn157,Guest1000TYPICAL,,syn157.1000TYPICAL.s06c@example.test,+15553000157,HH-39,,,SYNTHETIC S06C-1000-TYPICAL
Syn158,Guest1000TYPICAL,,syn158.1000TYPICAL.s06c@example.test,+15553000158,HH-39,,,SYNTHETIC S06C-1000-TYPICAL
Syn159,Guest1000TYPICAL,,syn159.1000TYPICAL.s06c@example.test,+15553000159,HH-39,,,SYNTHETIC S06C-1000-TYPICAL
Syn160,Guest1000TYPICAL,,syn160.1000TYPICAL.s06c@example.test,+15553000160,HH-40,,,SYNTHETIC S06C-1000-TYPICAL
Syn161,Guest1000TYPICAL,,syn161.1000TYPICAL.s06c@example.test,+15553000161,HH-40,,wheelchair access,SYNTHETIC S06C-1000-TYPICAL
Syn162,Guest1000TYPICAL,,syn162.1000TYPICAL.s06c@example.test,+15553000162,HH-40,,,SYNTHETIC S06C-1000-TYPICAL
Syn163,Guest1000TYPICAL,,syn163.1000TYPICAL.s06c@example.test,+15553000163,HH-40,,,SYNTHETIC S06C-1000-TYPICAL
Syn164,Guest1000TYPICAL,,syn164.1000TYPICAL.s06c@example.test,+15553000164,HH-41,,,SYNTHETIC S06C-1000-TYPICAL
Syn165,Guest1000TYPICAL,,syn165.1000TYPICAL.s06c@example.test,+15553000165,HH-41,,,SYNTHETIC S06C-1000-TYPICAL
Syn166,Guest1000TYPICAL,,syn166.1000TYPICAL.s06c@example.test,+15553000166,HH-41,,,SYNTHETIC S06C-1000-TYPICAL
Syn167,Guest1000TYPICAL,,syn167.1000TYPICAL.s06c@example.test,+15553000167,HH-41,,,SYNTHETIC S06C-1000-TYPICAL
Syn168,Guest1000TYPICAL,,syn168.1000TYPICAL.s06c@example.test,+15553000168,HH-42,,,SYNTHETIC S06C-1000-TYPICAL
Syn169,Guest1000TYPICAL,,syn169.1000TYPICAL.s06c@example.test,+15553000169,HH-42,,,SYNTHETIC S06C-1000-TYPICAL
Syn170,Guest1000TYPICAL,,syn170.1000TYPICAL.s06c@example.test,+15553000170,HH-42,vegetarian,,SYNTHETIC S06C-1000-TYPICAL
Syn171,Guest1000TYPICAL,,syn171.1000TYPICAL.s06c@example.test,+15553000171,HH-42,,,SYNTHETIC S06C-1000-TYPICAL
Syn172,Guest1000TYPICAL,,syn172.1000TYPICAL.s06c@example.test,+15553000172,HH-43,,,SYNTHETIC S06C-1000-TYPICAL
Syn173,Guest1000TYPICAL,,syn173.1000TYPICAL.s06c@example.test,+15553000173,HH-43,,,SYNTHETIC S06C-1000-TYPICAL
Syn174,Guest1000TYPICAL,,syn174.1000TYPICAL.s06c@example.test,+15553000174,HH-43,,,SYNTHETIC S06C-1000-TYPICAL
Syn175,Guest1000TYPICAL,,syn175.1000TYPICAL.s06c@example.test,+15553000175,HH-43,,,SYNTHETIC S06C-1000-TYPICAL
Syn176,Guest1000TYPICAL,,syn176.1000TYPICAL.s06c@example.test,+15553000176,HH-44,,,SYNTHETIC S06C-1000-TYPICAL
Syn177,Guest1000TYPICAL,,syn177.1000TYPICAL.s06c@example.test,+15553000177,HH-44,,,SYNTHETIC S06C-1000-TYPICAL
Syn178,Guest1000TYPICAL,,syn178.1000TYPICAL.s06c@example.test,+15553000178,HH-44,,,SYNTHETIC S06C-1000-TYPICAL
Syn179,Guest1000TYPICAL,,syn179.1000TYPICAL.s06c@example.test,+15553000179,HH-44,,,SYNTHETIC S06C-1000-TYPICAL
Syn180,Guest1000TYPICAL,,syn180.1000TYPICAL.s06c@example.test,+15553000180,HH-45,,,SYNTHETIC S06C-1000-TYPICAL
Syn181,Guest1000TYPICAL,,syn181.1000TYPICAL.s06c@example.test,+15553000181,HH-45,,,SYNTHETIC S06C-1000-TYPICAL
Syn182,Guest1000TYPICAL,,syn182.1000TYPICAL.s06c@example.test,+15553000182,HH-45,,,SYNTHETIC S06C-1000-TYPICAL
Syn183,Guest1000TYPICAL,,syn183.1000TYPICAL.s06c@example.test,+15553000183,HH-45,,,SYNTHETIC S06C-1000-TYPICAL
Syn184,Guest1000TYPICAL,,syn184.1000TYPICAL.s06c@example.test,+15553000184,HH-46,,wheelchair access,SYNTHETIC S06C-1000-TYPICAL
Syn185,Guest1000TYPICAL,,syn185.1000TYPICAL.s06c@example.test,+15553000185,HH-46,,,SYNTHETIC S06C-1000-TYPICAL
Syn186,Guest1000TYPICAL,,syn186.1000TYPICAL.s06c@example.test,+15553000186,HH-46,,,SYNTHETIC S06C-1000-TYPICAL
Syn187,Guest1000TYPICAL,,syn187.1000TYPICAL.s06c@example.test,+15553000187,HH-46,vegetarian,,SYNTHETIC S06C-1000-TYPICAL
Syn188,Guest1000TYPICAL,,syn188.1000TYPICAL.s06c@example.test,+15553000188,HH-47,,,SYNTHETIC S06C-1000-TYPICAL
Syn189,Guest1000TYPICAL,,syn189.1000TYPICAL.s06c@example.test,+15553000189,HH-47,,,SYNTHETIC S06C-1000-TYPICAL
Syn190,Guest1000TYPICAL,,syn190.1000TYPICAL.s06c@example.test,+15553000190,HH-47,,,SYNTHETIC S06C-1000-TYPICAL
Syn191,Guest1000TYPICAL,,syn191.1000TYPICAL.s06c@example.test,+15553000191,HH-47,,,SYNTHETIC S06C-1000-TYPICAL
Syn192,Guest1000TYPICAL,,syn192.1000TYPICAL.s06c@example.test,+15553000192,HH-48,,,SYNTHETIC S06C-1000-TYPICAL
Syn193,Guest1000TYPICAL,,syn193.1000TYPICAL.s06c@example.test,+15553000193,HH-48,,,SYNTHETIC S06C-1000-TYPICAL
Syn194,Guest1000TYPICAL,,syn194.1000TYPICAL.s06c@example.test,+15553000194,HH-48,,,SYNTHETIC S06C-1000-TYPICAL
Syn195,Guest1000TYPICAL,,syn195.1000TYPICAL.s06c@example.test,+15553000195,HH-48,,,SYNTHETIC S06C-1000-TYPICAL
Syn196,Guest1000TYPICAL,,syn196.1000TYPICAL.s06c@example.test,+15553000196,HH-49,,,SYNTHETIC S06C-1000-TYPICAL
Syn197,Guest1000TYPICAL,,syn197.1000TYPICAL.s06c@example.test,+15553000197,HH-49,,,SYNTHETIC S06C-1000-TYPICAL
Syn198,Guest1000TYPICAL,,syn198.1000TYPICAL.s06c@example.test,+15553000198,HH-49,,,SYNTHETIC S06C-1000-TYPICAL
Syn199,Guest1000TYPICAL,,syn199.1000TYPICAL.s06c@example.test,+15553000199,HH-49,,,SYNTHETIC S06C-1000-TYPICAL
Syn200,Guest1000TYPICAL,,syn200.1000TYPICAL.s06c@example.test,+15553000200,HH-50,,,SYNTHETIC S06C-1000-TYPICAL
Syn201,Guest1000TYPICAL,,syn201.1000TYPICAL.s06c@example.test,+15553000201,HH-50,,,SYNTHETIC S06C-1000-TYPICAL
Syn202,Guest1000TYPICAL,,syn202.1000TYPICAL.s06c@example.test,+15553000202,HH-50,,,SYNTHETIC S06C-1000-TYPICAL
Syn203,Guest1000TYPICAL,,syn203.1000TYPICAL.s06c@example.test,+15553000203,HH-50,,,SYNTHETIC S06C-1000-TYPICAL
Syn204,Guest1000TYPICAL,,syn204.1000TYPICAL.s06c@example.test,+15553000204,HH-51,vegetarian,,SYNTHETIC S06C-1000-TYPICAL
Syn205,Guest1000TYPICAL,,syn205.1000TYPICAL.s06c@example.test,+15553000205,HH-51,,,SYNTHETIC S06C-1000-TYPICAL
Syn206,Guest1000TYPICAL,,syn206.1000TYPICAL.s06c@example.test,+15553000206,HH-51,,,SYNTHETIC S06C-1000-TYPICAL
Syn207,Guest1000TYPICAL,,syn207.1000TYPICAL.s06c@example.test,+15553000207,HH-51,,wheelchair access,SYNTHETIC S06C-1000-TYPICAL
Syn208,Guest1000TYPICAL,,syn208.1000TYPICAL.s06c@example.test,+15553000208,HH-52,,,SYNTHETIC S06C-1000-TYPICAL
Syn209,Guest1000TYPICAL,,syn209.1000TYPICAL.s06c@example.test,+15553000209,HH-52,,,SYNTHETIC S06C-1000-TYPICAL
Syn210,Guest1000TYPICAL,,syn210.1000TYPICAL.s06c@example.test,+15553000210,HH-52,,,SYNTHETIC S06C-1000-TYPICAL
Syn211,Guest1000TYPICAL,,syn211.1000TYPICAL.s06c@example.test,+15553000211,HH-52,,,SYNTHETIC S06C-1000-TYPICAL
Syn212,Guest1000TYPICAL,,syn212.1000TYPICAL.s06c@example.test,+15553000212,HH-53,,,SYNTHETIC S06C-1000-TYPICAL
Syn213,Guest1000TYPICAL,,syn213.1000TYPICAL.s06c@example.test,+15553000213,HH-53,,,SYNTHETIC S06C-1000-TYPICAL
Syn214,Guest1000TYPICAL,,syn214.1000TYPICAL.s06c@example.test,+15553000214,HH-53,,,SYNTHETIC S06C-1000-TYPICAL
Syn215,Guest1000TYPICAL,,syn215.1000TYPICAL.s06c@example.test,+15553000215,HH-53,,,SYNTHETIC S06C-1000-TYPICAL
Syn216,Guest1000TYPICAL,,syn216.1000TYPICAL.s06c@example.test,+15553000216,HH-54,,,SYNTHETIC S06C-1000-TYPICAL
Syn217,Guest1000TYPICAL,,syn217.1000TYPICAL.s06c@example.test,+15553000217,HH-54,,,SYNTHETIC S06C-1000-TYPICAL
Syn218,Guest1000TYPICAL,,syn218.1000TYPICAL.s06c@example.test,+15553000218,HH-54,,,SYNTHETIC S06C-1000-TYPICAL
Syn219,Guest1000TYPICAL,,syn219.1000TYPICAL.s06c@example.test,+15553000219,HH-54,,,SYNTHETIC S06C-1000-TYPICAL
Syn220,Guest1000TYPICAL,,syn220.1000TYPICAL.s06c@example.test,+15553000220,HH-55,,,SYNTHETIC S06C-1000-TYPICAL
Syn221,Guest1000TYPICAL,,syn221.1000TYPICAL.s06c@example.test,+15553000221,HH-55,vegetarian,,SYNTHETIC S06C-1000-TYPICAL
Syn222,Guest1000TYPICAL,,syn222.1000TYPICAL.s06c@example.test,+15553000222,HH-55,,,SYNTHETIC S06C-1000-TYPICAL
Syn223,Guest1000TYPICAL,,syn223.1000TYPICAL.s06c@example.test,+15553000223,HH-55,,,SYNTHETIC S06C-1000-TYPICAL
Syn224,Guest1000TYPICAL,,syn224.1000TYPICAL.s06c@example.test,+15553000224,HH-56,,,SYNTHETIC S06C-1000-TYPICAL
Syn225,Guest1000TYPICAL,,syn225.1000TYPICAL.s06c@example.test,+15553000225,HH-56,,,SYNTHETIC S06C-1000-TYPICAL
Syn226,Guest1000TYPICAL,,syn226.1000TYPICAL.s06c@example.test,+15553000226,HH-56,,,SYNTHETIC S06C-1000-TYPICAL
Syn227,Guest1000TYPICAL,,syn227.1000TYPICAL.s06c@example.test,+15553000227,HH-56,,,SYNTHETIC S06C-1000-TYPICAL
Syn228,Guest1000TYPICAL,,syn228.1000TYPICAL.s06c@example.test,+15553000228,HH-57,,,SYNTHETIC S06C-1000-TYPICAL
Syn229,Guest1000TYPICAL,,syn229.1000TYPICAL.s06c@example.test,+15553000229,HH-57,,,SYNTHETIC S06C-1000-TYPICAL
Syn230,Guest1000TYPICAL,,syn230.1000TYPICAL.s06c@example.test,+15553000230,HH-57,,wheelchair access,SYNTHETIC S06C-1000-TYPICAL
Syn231,Guest1000TYPICAL,,syn231.1000TYPICAL.s06c@example.test,+15553000231,HH-57,,,SYNTHETIC S06C-1000-TYPICAL
Syn232,Guest1000TYPICAL,,syn232.1000TYPICAL.s06c@example.test,+15553000232,HH-58,,,SYNTHETIC S06C-1000-TYPICAL
Syn233,Guest1000TYPICAL,,syn233.1000TYPICAL.s06c@example.test,+15553000233,HH-58,,,SYNTHETIC S06C-1000-TYPICAL
Syn234,Guest1000TYPICAL,,syn234.1000TYPICAL.s06c@example.test,+15553000234,HH-58,,,SYNTHETIC S06C-1000-TYPICAL
Syn235,Guest1000TYPICAL,,syn235.1000TYPICAL.s06c@example.test,+15553000235,HH-58,,,SYNTHETIC S06C-1000-TYPICAL
Syn236,Guest1000TYPICAL,,syn236.1000TYPICAL.s06c@example.test,+15553000236,HH-59,,,SYNTHETIC S06C-1000-TYPICAL
Syn237,Guest1000TYPICAL,,syn237.1000TYPICAL.s06c@example.test,+15553000237,HH-59,,,SYNTHETIC S06C-1000-TYPICAL
Syn238,Guest1000TYPICAL,,syn238.1000TYPICAL.s06c@example.test,+15553000238,HH-59,vegetarian,,SYNTHETIC S06C-1000-TYPICAL
Syn239,Guest1000TYPICAL,,syn239.1000TYPICAL.s06c@example.test,+15553000239,HH-59,,,SYNTHETIC S06C-1000-TYPICAL
Syn240,Guest1000TYPICAL,,syn240.1000TYPICAL.s06c@example.test,+15553000240,HH-60,,,SYNTHETIC S06C-1000-TYPICAL
Syn241,Guest1000TYPICAL,,syn241.1000TYPICAL.s06c@example.test,+15553000241,HH-60,,,SYNTHETIC S06C-1000-TYPICAL
Syn242,Guest1000TYPICAL,,syn242.1000TYPICAL.s06c@example.test,+15553000242,HH-60,,,SYNTHETIC S06C-1000-TYPICAL
Syn243,Guest1000TYPICAL,,syn243.1000TYPICAL.s06c@example.test,+15553000243,HH-60,,,SYNTHETIC S06C-1000-TYPICAL
Syn244,Guest1000TYPICAL,,syn244.1000TYPICAL.s06c@example.test,+15553000244,HH-61,,,SYNTHETIC S06C-1000-TYPICAL
Syn245,Guest1000TYPICAL,,syn245.1000TYPICAL.s06c@example.test,+15553000245,HH-61,,,SYNTHETIC S06C-1000-TYPICAL
Syn246,Guest1000TYPICAL,,syn246.1000TYPICAL.s06c@example.test,+15553000246,HH-61,,,SYNTHETIC S06C-1000-TYPICAL
Syn247,Guest1000TYPICAL,,syn247.1000TYPICAL.s06c@example.test,+15553000247,HH-61,,,SYNTHETIC S06C-1000-TYPICAL
Syn248,Guest1000TYPICAL,,syn248.1000TYPICAL.s06c@example.test,+15553000248,HH-62,,,SYNTHETIC S06C-1000-TYPICAL
Syn249,Guest1000TYPICAL,,syn249.1000TYPICAL.s06c@example.test,+15553000249,HH-62,,,SYNTHETIC S06C-1000-TYPICAL
Syn250,Guest1000TYPICAL,,syn250.1000TYPICAL.s06c@example.test,+15553000250,HH-62,,,SYNTHETIC S06C-1000-TYPICAL
Syn251,Guest1000TYPICAL,,syn251.1000TYPICAL.s06c@example.test,+15553000251,HH-62,,,SYNTHETIC S06C-1000-TYPICAL
Syn252,Guest1000TYPICAL,,syn252.1000TYPICAL.s06c@example.test,+15553000252,HH-63,,,SYNTHETIC S06C-1000-TYPICAL
Syn253,Guest1000TYPICAL,,syn253.1000TYPICAL.s06c@example.test,+15553000253,HH-63,,wheelchair access,SYNTHETIC S06C-1000-TYPICAL
Syn254,Guest1000TYPICAL,,syn254.1000TYPICAL.s06c@example.test,+15553000254,HH-63,,,SYNTHETIC S06C-1000-TYPICAL
Syn255,Guest1000TYPICAL,,syn255.1000TYPICAL.s06c@example.test,+15553000255,HH-63,vegetarian,,SYNTHETIC S06C-1000-TYPICAL
Syn256,Guest1000TYPICAL,,syn256.1000TYPICAL.s06c@example.test,+15553000256,HH-64,,,SYNTHETIC S06C-1000-TYPICAL
Syn257,Guest1000TYPICAL,,syn257.1000TYPICAL.s06c@example.test,+15553000257,HH-64,,,SYNTHETIC S06C-1000-TYPICAL
Syn258,Guest1000TYPICAL,,syn258.1000TYPICAL.s06c@example.test,+15553000258,HH-64,,,SYNTHETIC S06C-1000-TYPICAL
Syn259,Guest1000TYPICAL,,syn259.1000TYPICAL.s06c@example.test,+15553000259,HH-64,,,SYNTHETIC S06C-1000-TYPICAL
Syn260,Guest1000TYPICAL,,syn260.1000TYPICAL.s06c@example.test,+15553000260,HH-65,,,SYNTHETIC S06C-1000-TYPICAL
Syn261,Guest1000TYPICAL,,syn261.1000TYPICAL.s06c@example.test,+15553000261,HH-65,,,SYNTHETIC S06C-1000-TYPICAL
Syn262,Guest1000TYPICAL,,syn262.1000TYPICAL.s06c@example.test,+15553000262,HH-65,,,SYNTHETIC S06C-1000-TYPICAL
Syn263,Guest1000TYPICAL,,syn263.1000TYPICAL.s06c@example.test,+15553000263,HH-65,,,SYNTHETIC S06C-1000-TYPICAL
Syn264,Guest1000TYPICAL,,syn264.1000TYPICAL.s06c@example.test,+15553000264,HH-66,,,SYNTHETIC S06C-1000-TYPICAL
Syn265,Guest1000TYPICAL,,syn265.1000TYPICAL.s06c@example.test,+15553000265,HH-66,,,SYNTHETIC S06C-1000-TYPICAL
Syn266,Guest1000TYPICAL,,syn266.1000TYPICAL.s06c@example.test,+15553000266,HH-66,,,SYNTHETIC S06C-1000-TYPICAL
Syn267,Guest1000TYPICAL,,syn267.1000TYPICAL.s06c@example.test,+15553000267,HH-66,,,SYNTHETIC S06C-1000-TYPICAL
Syn268,Guest1000TYPICAL,,syn268.1000TYPICAL.s06c@example.test,+15553000268,HH-67,,,SYNTHETIC S06C-1000-TYPICAL
Syn269,Guest1000TYPICAL,,syn269.1000TYPICAL.s06c@example.test,+15553000269,HH-67,,,SYNTHETIC S06C-1000-TYPICAL
Syn270,Guest1000TYPICAL,,syn270.1000TYPICAL.s06c@example.test,+15553000270,HH-67,,,SYNTHETIC S06C-1000-TYPICAL
Syn271,Guest1000TYPICAL,,syn271.1000TYPICAL.s06c@example.test,+15553000271,HH-67,,,SYNTHETIC S06C-1000-TYPICAL
Syn272,Guest1000TYPICAL,,syn272.1000TYPICAL.s06c@example.test,+15553000272,HH-68,vegetarian,,SYNTHETIC S06C-1000-TYPICAL
Syn273,Guest1000TYPICAL,,syn273.1000TYPICAL.s06c@example.test,+15553000273,HH-68,,,SYNTHETIC S06C-1000-TYPICAL
Syn274,Guest1000TYPICAL,,syn274.1000TYPICAL.s06c@example.test,+15553000274,HH-68,,,SYNTHETIC S06C-1000-TYPICAL
Syn275,Guest1000TYPICAL,,syn275.1000TYPICAL.s06c@example.test,+15553000275,HH-68,,,SYNTHETIC S06C-1000-TYPICAL
Syn276,Guest1000TYPICAL,,syn276.1000TYPICAL.s06c@example.test,+15553000276,HH-69,,wheelchair access,SYNTHETIC S06C-1000-TYPICAL
Syn277,Guest1000TYPICAL,,syn277.1000TYPICAL.s06c@example.test,+15553000277,HH-69,,,SYNTHETIC S06C-1000-TYPICAL
Syn278,Guest1000TYPICAL,,syn278.1000TYPICAL.s06c@example.test,+15553000278,HH-69,,,SYNTHETIC S06C-1000-TYPICAL
Syn279,Guest1000TYPICAL,,syn279.1000TYPICAL.s06c@example.test,+15553000279,HH-69,,,SYNTHETIC S06C-1000-TYPICAL
Syn280,Guest1000TYPICAL,,syn280.1000TYPICAL.s06c@example.test,+15553000280,HH-70,,,SYNTHETIC S06C-1000-TYPICAL
Syn281,Guest1000TYPICAL,,syn281.1000TYPICAL.s06c@example.test,+15553000281,HH-70,,,SYNTHETIC S06C-1000-TYPICAL
Syn282,Guest1000TYPICAL,,syn282.1000TYPICAL.s06c@example.test,+15553000282,HH-70,,,SYNTHETIC S06C-1000-TYPICAL
Syn283,Guest1000TYPICAL,,syn283.1000TYPICAL.s06c@example.test,+15553000283,HH-70,,,SYNTHETIC S06C-1000-TYPICAL
Syn284,Guest1000TYPICAL,,syn284.1000TYPICAL.s06c@example.test,+15553000284,HH-71,,,SYNTHETIC S06C-1000-TYPICAL
Syn285,Guest1000TYPICAL,,syn285.1000TYPICAL.s06c@example.test,+15553000285,HH-71,,,SYNTHETIC S06C-1000-TYPICAL
Syn286,Guest1000TYPICAL,,syn286.1000TYPICAL.s06c@example.test,+15553000286,HH-71,,,SYNTHETIC S06C-1000-TYPICAL
Syn287,Guest1000TYPICAL,,syn287.1000TYPICAL.s06c@example.test,+15553000287,HH-71,,,SYNTHETIC S06C-1000-TYPICAL
Syn288,Guest1000TYPICAL,,syn288.1000TYPICAL.s06c@example.test,+15553000288,HH-72,,,SYNTHETIC S06C-1000-TYPICAL
Syn289,Guest1000TYPICAL,,syn289.1000TYPICAL.s06c@example.test,+15553000289,HH-72,vegetarian,,SYNTHETIC S06C-1000-TYPICAL
Syn290,Guest1000TYPICAL,,syn290.1000TYPICAL.s06c@example.test,+15553000290,HH-72,,,SYNTHETIC S06C-1000-TYPICAL
Syn291,Guest1000TYPICAL,,syn291.1000TYPICAL.s06c@example.test,+15553000291,HH-72,,,SYNTHETIC S06C-1000-TYPICAL
Syn292,Guest1000TYPICAL,,syn292.1000TYPICAL.s06c@example.test,+15553000292,HH-73,,,SYNTHETIC S06C-1000-TYPICAL
Syn293,Guest1000TYPICAL,,syn293.1000TYPICAL.s06c@example.test,+15553000293,HH-73,,,SYNTHETIC S06C-1000-TYPICAL
Syn294,Guest1000TYPICAL,,syn294.1000TYPICAL.s06c@example.test,+15553000294,HH-73,,,SYNTHETIC S06C-1000-TYPICAL
Syn295,Guest1000TYPICAL,,syn295.1000TYPICAL.s06c@example.test,+15553000295,HH-73,,,SYNTHETIC S06C-1000-TYPICAL
Syn296,Guest1000TYPICAL,,syn296.1000TYPICAL.s06c@example.test,+15553000296,HH-74,,,SYNTHETIC S06C-1000-TYPICAL
Syn297,Guest1000TYPICAL,,syn297.1000TYPICAL.s06c@example.test,+15553000297,HH-74,,,SYNTHETIC S06C-1000-TYPICAL
Syn298,Guest1000TYPICAL,,syn298.1000TYPICAL.s06c@example.test,+15553000298,HH-74,,,SYNTHETIC S06C-1000-TYPICAL
Syn299,Guest1000TYPICAL,,syn299.1000TYPICAL.s06c@example.test,+15553000299,HH-74,,wheelchair access,SYNTHETIC S06C-1000-TYPICAL
Syn300,Guest1000TYPICAL,,syn300.1000TYPICAL.s06c@example.test,+15553000300,HH-75,,,SYNTHETIC S06C-1000-TYPICAL
Syn301,Guest1000TYPICAL,,syn301.1000TYPICAL.s06c@example.test,+15553000301,HH-75,,,SYNTHETIC S06C-1000-TYPICAL
Syn302,Guest1000TYPICAL,,syn302.1000TYPICAL.s06c@example.test,+15553000302,HH-75,,,SYNTHETIC S06C-1000-TYPICAL
Syn303,Guest1000TYPICAL,,syn303.1000TYPICAL.s06c@example.test,+15553000303,HH-75,,,SYNTHETIC S06C-1000-TYPICAL
Syn304,Guest1000TYPICAL,,syn304.1000TYPICAL.s06c@example.test,+15553000304,HH-76,,,SYNTHETIC S06C-1000-TYPICAL
Syn305,Guest1000TYPICAL,,syn305.1000TYPICAL.s06c@example.test,+15553000305,HH-76,,,SYNTHETIC S06C-1000-TYPICAL
Syn306,Guest1000TYPICAL,,syn306.1000TYPICAL.s06c@example.test,+15553000306,HH-76,vegetarian,,SYNTHETIC S06C-1000-TYPICAL
Syn307,Guest1000TYPICAL,,syn307.1000TYPICAL.s06c@example.test,+15553000307,HH-76,,,SYNTHETIC S06C-1000-TYPICAL
Syn308,Guest1000TYPICAL,,syn308.1000TYPICAL.s06c@example.test,+15553000308,HH-77,,,SYNTHETIC S06C-1000-TYPICAL
Syn309,Guest1000TYPICAL,,syn309.1000TYPICAL.s06c@example.test,+15553000309,HH-77,,,SYNTHETIC S06C-1000-TYPICAL
Syn310,Guest1000TYPICAL,,syn310.1000TYPICAL.s06c@example.test,+15553000310,HH-77,,,SYNTHETIC S06C-1000-TYPICAL
Syn311,Guest1000TYPICAL,,syn311.1000TYPICAL.s06c@example.test,+15553000311,HH-77,,,SYNTHETIC S06C-1000-TYPICAL
Syn312,Guest1000TYPICAL,,syn312.1000TYPICAL.s06c@example.test,+15553000312,HH-78,,,SYNTHETIC S06C-1000-TYPICAL
Syn313,Guest1000TYPICAL,,syn313.1000TYPICAL.s06c@example.test,+15553000313,HH-78,,,SYNTHETIC S06C-1000-TYPICAL
Syn314,Guest1000TYPICAL,,syn314.1000TYPICAL.s06c@example.test,+15553000314,HH-78,,,SYNTHETIC S06C-1000-TYPICAL
Syn315,Guest1000TYPICAL,,syn315.1000TYPICAL.s06c@example.test,+15553000315,HH-78,,,SYNTHETIC S06C-1000-TYPICAL
Syn316,Guest1000TYPICAL,,syn316.1000TYPICAL.s06c@example.test,+15553000316,HH-79,,,SYNTHETIC S06C-1000-TYPICAL
Syn317,Guest1000TYPICAL,,syn317.1000TYPICAL.s06c@example.test,+15553000317,HH-79,,,SYNTHETIC S06C-1000-TYPICAL
Syn318,Guest1000TYPICAL,,syn318.1000TYPICAL.s06c@example.test,+15553000318,HH-79,,,SYNTHETIC S06C-1000-TYPICAL
Syn319,Guest1000TYPICAL,,syn319.1000TYPICAL.s06c@example.test,+15553000319,HH-79,,,SYNTHETIC S06C-1000-TYPICAL
Syn320,Guest1000TYPICAL,,syn320.1000TYPICAL.s06c@example.test,+15553000320,HH-80,,,SYNTHETIC S06C-1000-TYPICAL
Syn321,Guest1000TYPICAL,,syn321.1000TYPICAL.s06c@example.test,+15553000321,HH-80,,,SYNTHETIC S06C-1000-TYPICAL
Syn322,Guest1000TYPICAL,,syn322.1000TYPICAL.s06c@example.test,+15553000322,HH-80,,wheelchair access,SYNTHETIC S06C-1000-TYPICAL
Syn323,Guest1000TYPICAL,,syn323.1000TYPICAL.s06c@example.test,+15553000323,HH-80,vegetarian,,SYNTHETIC S06C-1000-TYPICAL
Syn324,Guest1000TYPICAL,,syn324.1000TYPICAL.s06c@example.test,+15553000324,HH-81,,,SYNTHETIC S06C-1000-TYPICAL
Syn325,Guest1000TYPICAL,,syn325.1000TYPICAL.s06c@example.test,+15553000325,HH-81,,,SYNTHETIC S06C-1000-TYPICAL
Syn326,Guest1000TYPICAL,,syn326.1000TYPICAL.s06c@example.test,+15553000326,HH-81,,,SYNTHETIC S06C-1000-TYPICAL
Syn327,Guest1000TYPICAL,,syn327.1000TYPICAL.s06c@example.test,+15553000327,HH-81,,,SYNTHETIC S06C-1000-TYPICAL
Syn328,Guest1000TYPICAL,,syn328.1000TYPICAL.s06c@example.test,+15553000328,HH-82,,,SYNTHETIC S06C-1000-TYPICAL
Syn329,Guest1000TYPICAL,,syn329.1000TYPICAL.s06c@example.test,+15553000329,HH-82,,,SYNTHETIC S06C-1000-TYPICAL
Syn330,Guest1000TYPICAL,,syn330.1000TYPICAL.s06c@example.test,+15553000330,HH-82,,,SYNTHETIC S06C-1000-TYPICAL
Syn331,Guest1000TYPICAL,,syn331.1000TYPICAL.s06c@example.test,+15553000331,HH-82,,,SYNTHETIC S06C-1000-TYPICAL
Syn332,Guest1000TYPICAL,,syn332.1000TYPICAL.s06c@example.test,+15553000332,HH-83,,,SYNTHETIC S06C-1000-TYPICAL
Syn333,Guest1000TYPICAL,,syn333.1000TYPICAL.s06c@example.test,+15553000333,HH-83,,,SYNTHETIC S06C-1000-TYPICAL
Syn334,Guest1000TYPICAL,,syn334.1000TYPICAL.s06c@example.test,+15553000334,HH-83,,,SYNTHETIC S06C-1000-TYPICAL
Syn335,Guest1000TYPICAL,,syn335.1000TYPICAL.s06c@example.test,+15553000335,HH-83,,,SYNTHETIC S06C-1000-TYPICAL
Syn336,Guest1000TYPICAL,,syn336.1000TYPICAL.s06c@example.test,+15553000336,HH-84,,,SYNTHETIC S06C-1000-TYPICAL
Syn337,Guest1000TYPICAL,,syn337.1000TYPICAL.s06c@example.test,+15553000337,HH-84,,,SYNTHETIC S06C-1000-TYPICAL
Syn338,Guest1000TYPICAL,,syn338.1000TYPICAL.s06c@example.test,+15553000338,HH-84,,,SYNTHETIC S06C-1000-TYPICAL
Syn339,Guest1000TYPICAL,,syn339.1000TYPICAL.s06c@example.test,+15553000339,HH-84,,,SYNTHETIC S06C-1000-TYPICAL
Syn340,Guest1000TYPICAL,,syn340.1000TYPICAL.s06c@example.test,+15553000340,HH-85,vegetarian,,SYNTHETIC S06C-1000-TYPICAL
Syn341,Guest1000TYPICAL,,syn341.1000TYPICAL.s06c@example.test,+15553000341,HH-85,,,SYNTHETIC S06C-1000-TYPICAL
Syn342,Guest1000TYPICAL,,syn342.1000TYPICAL.s06c@example.test,+15553000342,HH-85,,,SYNTHETIC S06C-1000-TYPICAL
Syn343,Guest1000TYPICAL,,syn343.1000TYPICAL.s06c@example.test,+15553000343,HH-85,,,SYNTHETIC S06C-1000-TYPICAL
Syn344,Guest1000TYPICAL,,syn344.1000TYPICAL.s06c@example.test,+15553000344,HH-86,,,SYNTHETIC S06C-1000-TYPICAL
Syn345,Guest1000TYPICAL,,syn345.1000TYPICAL.s06c@example.test,+15553000345,HH-86,,wheelchair access,SYNTHETIC S06C-1000-TYPICAL
Syn346,Guest1000TYPICAL,,syn346.1000TYPICAL.s06c@example.test,+15553000346,HH-86,,,SYNTHETIC S06C-1000-TYPICAL
Syn347,Guest1000TYPICAL,,syn347.1000TYPICAL.s06c@example.test,+15553000347,HH-86,,,SYNTHETIC S06C-1000-TYPICAL
Syn348,Guest1000TYPICAL,,syn348.1000TYPICAL.s06c@example.test,+15553000348,HH-87,,,SYNTHETIC S06C-1000-TYPICAL
Syn349,Guest1000TYPICAL,,syn349.1000TYPICAL.s06c@example.test,+15553000349,HH-87,,,SYNTHETIC S06C-1000-TYPICAL
Syn350,Guest1000TYPICAL,,syn350.1000TYPICAL.s06c@example.test,+15553000350,HH-87,,,SYNTHETIC S06C-1000-TYPICAL
Syn351,Guest1000TYPICAL,,syn351.1000TYPICAL.s06c@example.test,+15553000351,HH-87,,,SYNTHETIC S06C-1000-TYPICAL
Syn352,Guest1000TYPICAL,,syn352.1000TYPICAL.s06c@example.test,+15553000352,HH-88,,,SYNTHETIC S06C-1000-TYPICAL
Syn353,Guest1000TYPICAL,,syn353.1000TYPICAL.s06c@example.test,+15553000353,HH-88,,,SYNTHETIC S06C-1000-TYPICAL
Syn354,Guest1000TYPICAL,,syn354.1000TYPICAL.s06c@example.test,+15553000354,HH-88,,,SYNTHETIC S06C-1000-TYPICAL
Syn355,Guest1000TYPICAL,,syn355.1000TYPICAL.s06c@example.test,+15553000355,HH-88,,,SYNTHETIC S06C-1000-TYPICAL
Syn356,Guest1000TYPICAL,,syn356.1000TYPICAL.s06c@example.test,+15553000356,HH-89,,,SYNTHETIC S06C-1000-TYPICAL
Syn357,Guest1000TYPICAL,,syn357.1000TYPICAL.s06c@example.test,+15553000357,HH-89,vegetarian,,SYNTHETIC S06C-1000-TYPICAL
Syn358,Guest1000TYPICAL,,syn358.1000TYPICAL.s06c@example.test,+15553000358,HH-89,,,SYNTHETIC S06C-1000-TYPICAL
Syn359,Guest1000TYPICAL,,syn359.1000TYPICAL.s06c@example.test,+15553000359,HH-89,,,SYNTHETIC S06C-1000-TYPICAL
Syn360,Guest1000TYPICAL,,syn360.1000TYPICAL.s06c@example.test,+15553000360,HH-90,,,SYNTHETIC S06C-1000-TYPICAL
Syn361,Guest1000TYPICAL,,syn361.1000TYPICAL.s06c@example.test,+15553000361,HH-90,,,SYNTHETIC S06C-1000-TYPICAL
Syn362,Guest1000TYPICAL,,syn362.1000TYPICAL.s06c@example.test,+15553000362,HH-90,,,SYNTHETIC S06C-1000-TYPICAL
Syn363,Guest1000TYPICAL,,syn363.1000TYPICAL.s06c@example.test,+15553000363,HH-90,,,SYNTHETIC S06C-1000-TYPICAL
Syn364,Guest1000TYPICAL,,syn364.1000TYPICAL.s06c@example.test,+15553000364,HH-91,,,SYNTHETIC S06C-1000-TYPICAL
Syn365,Guest1000TYPICAL,,syn365.1000TYPICAL.s06c@example.test,+15553000365,HH-91,,,SYNTHETIC S06C-1000-TYPICAL
Syn366,Guest1000TYPICAL,,syn366.1000TYPICAL.s06c@example.test,+15553000366,HH-91,,,SYNTHETIC S06C-1000-TYPICAL
Syn367,Guest1000TYPICAL,,syn367.1000TYPICAL.s06c@example.test,+15553000367,HH-91,,,SYNTHETIC S06C-1000-TYPICAL
Syn368,Guest1000TYPICAL,,syn368.1000TYPICAL.s06c@example.test,+15553000368,HH-92,,wheelchair access,SYNTHETIC S06C-1000-TYPICAL
Syn369,Guest1000TYPICAL,,syn369.1000TYPICAL.s06c@example.test,+15553000369,HH-92,,,SYNTHETIC S06C-1000-TYPICAL
Syn370,Guest1000TYPICAL,,syn370.1000TYPICAL.s06c@example.test,+15553000370,HH-92,,,SYNTHETIC S06C-1000-TYPICAL
Syn371,Guest1000TYPICAL,,syn371.1000TYPICAL.s06c@example.test,+15553000371,HH-92,,,SYNTHETIC S06C-1000-TYPICAL
Syn372,Guest1000TYPICAL,,syn372.1000TYPICAL.s06c@example.test,+15553000372,HH-93,,,SYNTHETIC S06C-1000-TYPICAL
Syn373,Guest1000TYPICAL,,syn373.1000TYPICAL.s06c@example.test,+15553000373,HH-93,,,SYNTHETIC S06C-1000-TYPICAL
Syn374,Guest1000TYPICAL,,syn374.1000TYPICAL.s06c@example.test,+15553000374,HH-93,vegetarian,,SYNTHETIC S06C-1000-TYPICAL
Syn375,Guest1000TYPICAL,,syn375.1000TYPICAL.s06c@example.test,+15553000375,HH-93,,,SYNTHETIC S06C-1000-TYPICAL
Syn376,Guest1000TYPICAL,,syn376.1000TYPICAL.s06c@example.test,+15553000376,HH-94,,,SYNTHETIC S06C-1000-TYPICAL
Syn377,Guest1000TYPICAL,,syn377.1000TYPICAL.s06c@example.test,+15553000377,HH-94,,,SYNTHETIC S06C-1000-TYPICAL
Syn378,Guest1000TYPICAL,,syn378.1000TYPICAL.s06c@example.test,+15553000378,HH-94,,,SYNTHETIC S06C-1000-TYPICAL
Syn379,Guest1000TYPICAL,,syn379.1000TYPICAL.s06c@example.test,+15553000379,HH-94,,,SYNTHETIC S06C-1000-TYPICAL
Syn380,Guest1000TYPICAL,,syn380.1000TYPICAL.s06c@example.test,+15553000380,HH-95,,,SYNTHETIC S06C-1000-TYPICAL
Syn381,Guest1000TYPICAL,,syn381.1000TYPICAL.s06c@example.test,+15553000381,HH-95,,,SYNTHETIC S06C-1000-TYPICAL
Syn382,Guest1000TYPICAL,,syn382.1000TYPICAL.s06c@example.test,+15553000382,HH-95,,,SYNTHETIC S06C-1000-TYPICAL
Syn383,Guest1000TYPICAL,,syn383.1000TYPICAL.s06c@example.test,+15553000383,HH-95,,,SYNTHETIC S06C-1000-TYPICAL
Syn384,Guest1000TYPICAL,,syn384.1000TYPICAL.s06c@example.test,+15553000384,HH-96,,,SYNTHETIC S06C-1000-TYPICAL
Syn385,Guest1000TYPICAL,,syn385.1000TYPICAL.s06c@example.test,+15553000385,HH-96,,,SYNTHETIC S06C-1000-TYPICAL
Syn386,Guest1000TYPICAL,,syn386.1000TYPICAL.s06c@example.test,+15553000386,HH-96,,,SYNTHETIC S06C-1000-TYPICAL
Syn387,Guest1000TYPICAL,,syn387.1000TYPICAL.s06c@example.test,+15553000387,HH-96,,,SYNTHETIC S06C-1000-TYPICAL
Syn388,Guest1000TYPICAL,,syn388.1000TYPICAL.s06c@example.test,+15553000388,HH-97,,,SYNTHETIC S06C-1000-TYPICAL
Syn389,Guest1000TYPICAL,,syn389.1000TYPICAL.s06c@example.test,+15553000389,HH-97,,,SYNTHETIC S06C-1000-TYPICAL
Syn390,Guest1000TYPICAL,,syn390.1000TYPICAL.s06c@example.test,+15553000390,HH-97,,,SYNTHETIC S06C-1000-TYPICAL
Syn391,Guest1000TYPICAL,,syn391.1000TYPICAL.s06c@example.test,+15553000391,HH-97,vegetarian,wheelchair access,SYNTHETIC S06C-1000-TYPICAL
Syn392,Guest1000TYPICAL,,syn392.1000TYPICAL.s06c@example.test,+15553000392,HH-98,,,SYNTHETIC S06C-1000-TYPICAL
Syn393,Guest1000TYPICAL,,syn393.1000TYPICAL.s06c@example.test,+15553000393,HH-98,,,SYNTHETIC S06C-1000-TYPICAL
Syn394,Guest1000TYPICAL,,syn394.1000TYPICAL.s06c@example.test,+15553000394,HH-98,,,SYNTHETIC S06C-1000-TYPICAL
Syn395,Guest1000TYPICAL,,syn395.1000TYPICAL.s06c@example.test,+15553000395,HH-98,,,SYNTHETIC S06C-1000-TYPICAL
Syn396,Guest1000TYPICAL,,syn396.1000TYPICAL.s06c@example.test,+15553000396,HH-99,,,SYNTHETIC S06C-1000-TYPICAL
Syn397,Guest1000TYPICAL,,syn397.1000TYPICAL.s06c@example.test,+15553000397,HH-99,,,SYNTHETIC S06C-1000-TYPICAL
Syn398,Guest1000TYPICAL,,syn398.1000TYPICAL.s06c@example.test,+15553000398,HH-99,,,SYNTHETIC S06C-1000-TYPICAL
Syn399,Guest1000TYPICAL,,syn399.1000TYPICAL.s06c@example.test,+15553000399,HH-99,,,SYNTHETIC S06C-1000-TYPICAL
Syn400,Guest1000TYPICAL,,syn400.1000TYPICAL.s06c@example.test,+15553000400,HH-100,,,SYNTHETIC S06C-1000-TYPICAL
Syn401,Guest1000TYPICAL,,syn401.1000TYPICAL.s06c@example.test,+15553000401,HH-100,,,SYNTHETIC S06C-1000-TYPICAL
Syn402,Guest1000TYPICAL,,syn402.1000TYPICAL.s06c@example.test,+15553000402,HH-100,,,SYNTHETIC S06C-1000-TYPICAL
Syn403,Guest1000TYPICAL,,syn403.1000TYPICAL.s06c@example.test,+15553000403,HH-100,,,SYNTHETIC S06C-1000-TYPICAL
Syn404,Guest1000TYPICAL,,syn404.1000TYPICAL.s06c@example.test,+15553000404,HH-101,,,SYNTHETIC S06C-1000-TYPICAL
Syn405,Guest1000TYPICAL,,syn405.1000TYPICAL.s06c@example.test,+15553000405,HH-101,,,SYNTHETIC S06C-1000-TYPICAL
Syn406,Guest1000TYPICAL,,syn406.1000TYPICAL.s06c@example.test,+15553000406,HH-101,,,SYNTHETIC S06C-1000-TYPICAL
Syn407,Guest1000TYPICAL,,syn407.1000TYPICAL.s06c@example.test,+15553000407,HH-101,,,SYNTHETIC S06C-1000-TYPICAL
Syn408,Guest1000TYPICAL,,syn408.1000TYPICAL.s06c@example.test,+15553000408,HH-102,vegetarian,,SYNTHETIC S06C-1000-TYPICAL
Syn409,Guest1000TYPICAL,,syn409.1000TYPICAL.s06c@example.test,+15553000409,HH-102,,,SYNTHETIC S06C-1000-TYPICAL
Syn410,Guest1000TYPICAL,,syn410.1000TYPICAL.s06c@example.test,+15553000410,HH-102,,,SYNTHETIC S06C-1000-TYPICAL
Syn411,Guest1000TYPICAL,,syn411.1000TYPICAL.s06c@example.test,+15553000411,HH-102,,,SYNTHETIC S06C-1000-TYPICAL
Syn412,Guest1000TYPICAL,,syn412.1000TYPICAL.s06c@example.test,+15553000412,HH-103,,,SYNTHETIC S06C-1000-TYPICAL
Syn413,Guest1000TYPICAL,,syn413.1000TYPICAL.s06c@example.test,+15553000413,HH-103,,,SYNTHETIC S06C-1000-TYPICAL
Syn414,Guest1000TYPICAL,,syn414.1000TYPICAL.s06c@example.test,+15553000414,HH-103,,wheelchair access,SYNTHETIC S06C-1000-TYPICAL
Syn415,Guest1000TYPICAL,,syn415.1000TYPICAL.s06c@example.test,+15553000415,HH-103,,,SYNTHETIC S06C-1000-TYPICAL
Syn416,Guest1000TYPICAL,,syn416.1000TYPICAL.s06c@example.test,+15553000416,HH-104,,,SYNTHETIC S06C-1000-TYPICAL
Syn417,Guest1000TYPICAL,,syn417.1000TYPICAL.s06c@example.test,+15553000417,HH-104,,,SYNTHETIC S06C-1000-TYPICAL
Syn418,Guest1000TYPICAL,,syn418.1000TYPICAL.s06c@example.test,+15553000418,HH-104,,,SYNTHETIC S06C-1000-TYPICAL
Syn419,Guest1000TYPICAL,,syn419.1000TYPICAL.s06c@example.test,+15553000419,HH-104,,,SYNTHETIC S06C-1000-TYPICAL
Syn420,Guest1000TYPICAL,,syn420.1000TYPICAL.s06c@example.test,+15553000420,HH-105,,,SYNTHETIC S06C-1000-TYPICAL
Syn421,Guest1000TYPICAL,,syn421.1000TYPICAL.s06c@example.test,+15553000421,HH-105,,,SYNTHETIC S06C-1000-TYPICAL
Syn422,Guest1000TYPICAL,,syn422.1000TYPICAL.s06c@example.test,+15553000422,HH-105,,,SYNTHETIC S06C-1000-TYPICAL
Syn423,Guest1000TYPICAL,,syn423.1000TYPICAL.s06c@example.test,+15553000423,HH-105,,,SYNTHETIC S06C-1000-TYPICAL
Syn424,Guest1000TYPICAL,,syn424.1000TYPICAL.s06c@example.test,+15553000424,HH-106,,,SYNTHETIC S06C-1000-TYPICAL
Syn425,Guest1000TYPICAL,,syn425.1000TYPICAL.s06c@example.test,+15553000425,HH-106,vegetarian,,SYNTHETIC S06C-1000-TYPICAL
Syn426,Guest1000TYPICAL,,syn426.1000TYPICAL.s06c@example.test,+15553000426,HH-106,,,SYNTHETIC S06C-1000-TYPICAL
Syn427,Guest1000TYPICAL,,syn427.1000TYPICAL.s06c@example.test,+15553000427,HH-106,,,SYNTHETIC S06C-1000-TYPICAL
Syn428,Guest1000TYPICAL,,syn428.1000TYPICAL.s06c@example.test,+15553000428,HH-107,,,SYNTHETIC S06C-1000-TYPICAL
Syn429,Guest1000TYPICAL,,syn429.1000TYPICAL.s06c@example.test,+15553000429,HH-107,,,SYNTHETIC S06C-1000-TYPICAL
Syn430,Guest1000TYPICAL,,syn430.1000TYPICAL.s06c@example.test,+15553000430,HH-107,,,SYNTHETIC S06C-1000-TYPICAL
Syn431,Guest1000TYPICAL,,syn431.1000TYPICAL.s06c@example.test,+15553000431,HH-107,,,SYNTHETIC S06C-1000-TYPICAL
Syn432,Guest1000TYPICAL,,syn432.1000TYPICAL.s06c@example.test,+15553000432,HH-108,,,SYNTHETIC S06C-1000-TYPICAL
Syn433,Guest1000TYPICAL,,syn433.1000TYPICAL.s06c@example.test,+15553000433,HH-108,,,SYNTHETIC S06C-1000-TYPICAL
Syn434,Guest1000TYPICAL,,syn434.1000TYPICAL.s06c@example.test,+15553000434,HH-108,,,SYNTHETIC S06C-1000-TYPICAL
Syn435,Guest1000TYPICAL,,syn435.1000TYPICAL.s06c@example.test,+15553000435,HH-108,,,SYNTHETIC S06C-1000-TYPICAL
Syn436,Guest1000TYPICAL,,syn436.1000TYPICAL.s06c@example.test,+15553000436,HH-109,,,SYNTHETIC S06C-1000-TYPICAL
Syn437,Guest1000TYPICAL,,syn437.1000TYPICAL.s06c@example.test,+15553000437,HH-109,,wheelchair access,SYNTHETIC S06C-1000-TYPICAL
Syn438,Guest1000TYPICAL,,syn438.1000TYPICAL.s06c@example.test,+15553000438,HH-109,,,SYNTHETIC S06C-1000-TYPICAL
Syn439,Guest1000TYPICAL,,syn439.1000TYPICAL.s06c@example.test,+15553000439,HH-109,,,SYNTHETIC S06C-1000-TYPICAL
Syn440,Guest1000TYPICAL,,syn440.1000TYPICAL.s06c@example.test,+15553000440,HH-110,,,SYNTHETIC S06C-1000-TYPICAL
Syn441,Guest1000TYPICAL,,syn441.1000TYPICAL.s06c@example.test,+15553000441,HH-110,,,SYNTHETIC S06C-1000-TYPICAL
Syn442,Guest1000TYPICAL,,syn442.1000TYPICAL.s06c@example.test,+15553000442,HH-110,vegetarian,,SYNTHETIC S06C-1000-TYPICAL
Syn443,Guest1000TYPICAL,,syn443.1000TYPICAL.s06c@example.test,+15553000443,HH-110,,,SYNTHETIC S06C-1000-TYPICAL
Syn444,Guest1000TYPICAL,,syn444.1000TYPICAL.s06c@example.test,+15553000444,HH-111,,,SYNTHETIC S06C-1000-TYPICAL
Syn445,Guest1000TYPICAL,,syn445.1000TYPICAL.s06c@example.test,+15553000445,HH-111,,,SYNTHETIC S06C-1000-TYPICAL
Syn446,Guest1000TYPICAL,,syn446.1000TYPICAL.s06c@example.test,+15553000446,HH-111,,,SYNTHETIC S06C-1000-TYPICAL
Syn447,Guest1000TYPICAL,,syn447.1000TYPICAL.s06c@example.test,+15553000447,HH-111,,,SYNTHETIC S06C-1000-TYPICAL
Syn448,Guest1000TYPICAL,,syn448.1000TYPICAL.s06c@example.test,+15553000448,HH-112,,,SYNTHETIC S06C-1000-TYPICAL
Syn449,Guest1000TYPICAL,,syn449.1000TYPICAL.s06c@example.test,+15553000449,HH-112,,,SYNTHETIC S06C-1000-TYPICAL
Syn450,Guest1000TYPICAL,,syn450.1000TYPICAL.s06c@example.test,+15553000450,HH-112,,,SYNTHETIC S06C-1000-TYPICAL
Syn451,Guest1000TYPICAL,,syn451.1000TYPICAL.s06c@example.test,+15553000451,HH-112,,,SYNTHETIC S06C-1000-TYPICAL
Syn452,Guest1000TYPICAL,,syn452.1000TYPICAL.s06c@example.test,+15553000452,HH-113,,,SYNTHETIC S06C-1000-TYPICAL
Syn453,Guest1000TYPICAL,,syn453.1000TYPICAL.s06c@example.test,+15553000453,HH-113,,,SYNTHETIC S06C-1000-TYPICAL
Syn454,Guest1000TYPICAL,,syn454.1000TYPICAL.s06c@example.test,+15553000454,HH-113,,,SYNTHETIC S06C-1000-TYPICAL
Syn455,Guest1000TYPICAL,,syn455.1000TYPICAL.s06c@example.test,+15553000455,HH-113,,,SYNTHETIC S06C-1000-TYPICAL
Syn456,Guest1000TYPICAL,,syn456.1000TYPICAL.s06c@example.test,+15553000456,HH-114,,,SYNTHETIC S06C-1000-TYPICAL
Syn457,Guest1000TYPICAL,,syn457.1000TYPICAL.s06c@example.test,+15553000457,HH-114,,,SYNTHETIC S06C-1000-TYPICAL
Syn458,Guest1000TYPICAL,,syn458.1000TYPICAL.s06c@example.test,+15553000458,HH-114,,,SYNTHETIC S06C-1000-TYPICAL
Syn459,Guest1000TYPICAL,,syn459.1000TYPICAL.s06c@example.test,+15553000459,HH-114,vegetarian,,SYNTHETIC S06C-1000-TYPICAL
Syn460,Guest1000TYPICAL,,syn460.1000TYPICAL.s06c@example.test,+15553000460,HH-115,,wheelchair access,SYNTHETIC S06C-1000-TYPICAL
Syn461,Guest1000TYPICAL,,syn461.1000TYPICAL.s06c@example.test,+15553000461,HH-115,,,SYNTHETIC S06C-1000-TYPICAL
Syn462,Guest1000TYPICAL,,syn462.1000TYPICAL.s06c@example.test,+15553000462,HH-115,,,SYNTHETIC S06C-1000-TYPICAL
Syn463,Guest1000TYPICAL,,syn463.1000TYPICAL.s06c@example.test,+15553000463,HH-115,,,SYNTHETIC S06C-1000-TYPICAL
Syn464,Guest1000TYPICAL,,syn464.1000TYPICAL.s06c@example.test,+15553000464,HH-116,,,SYNTHETIC S06C-1000-TYPICAL
Syn465,Guest1000TYPICAL,,syn465.1000TYPICAL.s06c@example.test,+15553000465,HH-116,,,SYNTHETIC S06C-1000-TYPICAL
Syn466,Guest1000TYPICAL,,syn466.1000TYPICAL.s06c@example.test,+15553000466,HH-116,,,SYNTHETIC S06C-1000-TYPICAL
Syn467,Guest1000TYPICAL,,syn467.1000TYPICAL.s06c@example.test,+15553000467,HH-116,,,SYNTHETIC S06C-1000-TYPICAL
Syn468,Guest1000TYPICAL,,syn468.1000TYPICAL.s06c@example.test,+15553000468,HH-117,,,SYNTHETIC S06C-1000-TYPICAL
Syn469,Guest1000TYPICAL,,syn469.1000TYPICAL.s06c@example.test,+15553000469,HH-117,,,SYNTHETIC S06C-1000-TYPICAL
Syn470,Guest1000TYPICAL,,syn470.1000TYPICAL.s06c@example.test,+15553000470,HH-117,,,SYNTHETIC S06C-1000-TYPICAL
Syn471,Guest1000TYPICAL,,syn471.1000TYPICAL.s06c@example.test,+15553000471,HH-117,,,SYNTHETIC S06C-1000-TYPICAL
Syn472,Guest1000TYPICAL,,syn472.1000TYPICAL.s06c@example.test,+15553000472,HH-118,,,SYNTHETIC S06C-1000-TYPICAL
Syn473,Guest1000TYPICAL,,syn473.1000TYPICAL.s06c@example.test,+15553000473,HH-118,,,SYNTHETIC S06C-1000-TYPICAL
Syn474,Guest1000TYPICAL,,syn474.1000TYPICAL.s06c@example.test,+15553000474,HH-118,,,SYNTHETIC S06C-1000-TYPICAL
Syn475,Guest1000TYPICAL,,syn475.1000TYPICAL.s06c@example.test,+15553000475,HH-118,,,SYNTHETIC S06C-1000-TYPICAL
Syn476,Guest1000TYPICAL,,syn476.1000TYPICAL.s06c@example.test,+15553000476,HH-119,vegetarian,,SYNTHETIC S06C-1000-TYPICAL
Syn477,Guest1000TYPICAL,,syn477.1000TYPICAL.s06c@example.test,+15553000477,HH-119,,,SYNTHETIC S06C-1000-TYPICAL
Syn478,Guest1000TYPICAL,,syn478.1000TYPICAL.s06c@example.test,+15553000478,HH-119,,,SYNTHETIC S06C-1000-TYPICAL
Syn479,Guest1000TYPICAL,,syn479.1000TYPICAL.s06c@example.test,+15553000479,HH-119,,,SYNTHETIC S06C-1000-TYPICAL
Syn480,Guest1000TYPICAL,,syn480.1000TYPICAL.s06c@example.test,+15553000480,HH-120,,,SYNTHETIC S06C-1000-TYPICAL
Syn481,Guest1000TYPICAL,,syn481.1000TYPICAL.s06c@example.test,+15553000481,HH-120,,,SYNTHETIC S06C-1000-TYPICAL
Syn482,Guest1000TYPICAL,,syn482.1000TYPICAL.s06c@example.test,+15553000482,HH-120,,,SYNTHETIC S06C-1000-TYPICAL
Syn483,Guest1000TYPICAL,,syn483.1000TYPICAL.s06c@example.test,+15553000483,HH-120,,wheelchair access,SYNTHETIC S06C-1000-TYPICAL
Syn484,Guest1000TYPICAL,,syn484.1000TYPICAL.s06c@example.test,+15553000484,HH-121,,,SYNTHETIC S06C-1000-TYPICAL
Syn485,Guest1000TYPICAL,,syn485.1000TYPICAL.s06c@example.test,+15553000485,HH-121,,,SYNTHETIC S06C-1000-TYPICAL
Syn486,Guest1000TYPICAL,,syn486.1000TYPICAL.s06c@example.test,+15553000486,HH-121,,,SYNTHETIC S06C-1000-TYPICAL
Syn487,Guest1000TYPICAL,,syn487.1000TYPICAL.s06c@example.test,+15553000487,HH-121,,,SYNTHETIC S06C-1000-TYPICAL
Syn488,Guest1000TYPICAL,,syn488.1000TYPICAL.s06c@example.test,+15553000488,HH-122,,,SYNTHETIC S06C-1000-TYPICAL
Syn489,Guest1000TYPICAL,,syn489.1000TYPICAL.s06c@example.test,+15553000489,HH-122,,,SYNTHETIC S06C-1000-TYPICAL
Syn490,Guest1000TYPICAL,,syn490.1000TYPICAL.s06c@example.test,+15553000490,HH-122,,,SYNTHETIC S06C-1000-TYPICAL
Syn491,Guest1000TYPICAL,,syn491.1000TYPICAL.s06c@example.test,+15553000491,HH-122,,,SYNTHETIC S06C-1000-TYPICAL
Syn492,Guest1000TYPICAL,,syn492.1000TYPICAL.s06c@example.test,+15553000492,HH-123,,,SYNTHETIC S06C-1000-TYPICAL
Syn493,Guest1000TYPICAL,,syn493.1000TYPICAL.s06c@example.test,+15553000493,HH-123,vegetarian,,SYNTHETIC S06C-1000-TYPICAL
Syn494,Guest1000TYPICAL,,syn494.1000TYPICAL.s06c@example.test,+15553000494,HH-123,,,SYNTHETIC S06C-1000-TYPICAL
Syn495,Guest1000TYPICAL,,syn495.1000TYPICAL.s06c@example.test,+15553000495,HH-123,,,SYNTHETIC S06C-1000-TYPICAL
Syn496,Guest1000TYPICAL,,syn496.1000TYPICAL.s06c@example.test,+15553000496,HH-124,,,SYNTHETIC S06C-1000-TYPICAL
Syn497,Guest1000TYPICAL,,syn497.1000TYPICAL.s06c@example.test,+15553000497,HH-124,,,SYNTHETIC S06C-1000-TYPICAL
Syn498,Guest1000TYPICAL,,syn498.1000TYPICAL.s06c@example.test,+15553000498,HH-124,,,SYNTHETIC S06C-1000-TYPICAL
Syn499,Guest1000TYPICAL,,syn499.1000TYPICAL.s06c@example.test,+15553000499,HH-124,,,SYNTHETIC S06C-1000-TYPICAL
Syn500,Guest1000TYPICAL,,syn500.1000TYPICAL.s06c@example.test,+15553000500,HH-125,,,SYNTHETIC S06C-1000-TYPICAL
Syn501,Guest1000TYPICAL,,syn501.1000TYPICAL.s06c@example.test,+15553000501,HH-125,,,SYNTHETIC S06C-1000-TYPICAL
Syn502,Guest1000TYPICAL,,syn502.1000TYPICAL.s06c@example.test,+15553000502,HH-125,,,SYNTHETIC S06C-1000-TYPICAL
Syn503,Guest1000TYPICAL,,syn503.1000TYPICAL.s06c@example.test,+15553000503,HH-125,,,SYNTHETIC S06C-1000-TYPICAL
Syn504,Guest1000TYPICAL,,syn504.1000TYPICAL.s06c@example.test,+15553000504,HH-126,,,SYNTHETIC S06C-1000-TYPICAL
Syn505,Guest1000TYPICAL,,syn505.1000TYPICAL.s06c@example.test,+15553000505,HH-126,,,SYNTHETIC S06C-1000-TYPICAL
Syn506,Guest1000TYPICAL,,syn506.1000TYPICAL.s06c@example.test,+15553000506,HH-126,,wheelchair access,SYNTHETIC S06C-1000-TYPICAL
Syn507,Guest1000TYPICAL,,syn507.1000TYPICAL.s06c@example.test,+15553000507,HH-126,,,SYNTHETIC S06C-1000-TYPICAL
Syn508,Guest1000TYPICAL,,syn508.1000TYPICAL.s06c@example.test,+15553000508,HH-127,,,SYNTHETIC S06C-1000-TYPICAL
Syn509,Guest1000TYPICAL,,syn509.1000TYPICAL.s06c@example.test,+15553000509,HH-127,,,SYNTHETIC S06C-1000-TYPICAL
Syn510,Guest1000TYPICAL,,syn510.1000TYPICAL.s06c@example.test,+15553000510,HH-127,vegetarian,,SYNTHETIC S06C-1000-TYPICAL
Syn511,Guest1000TYPICAL,,syn511.1000TYPICAL.s06c@example.test,+15553000511,HH-127,,,SYNTHETIC S06C-1000-TYPICAL
Syn512,Guest1000TYPICAL,,syn512.1000TYPICAL.s06c@example.test,+15553000512,HH-128,,,SYNTHETIC S06C-1000-TYPICAL
Syn513,Guest1000TYPICAL,,syn513.1000TYPICAL.s06c@example.test,+15553000513,HH-128,,,SYNTHETIC S06C-1000-TYPICAL
Syn514,Guest1000TYPICAL,,syn514.1000TYPICAL.s06c@example.test,+15553000514,HH-128,,,SYNTHETIC S06C-1000-TYPICAL
Syn515,Guest1000TYPICAL,,syn515.1000TYPICAL.s06c@example.test,+15553000515,HH-128,,,SYNTHETIC S06C-1000-TYPICAL
Syn516,Guest1000TYPICAL,,syn516.1000TYPICAL.s06c@example.test,+15553000516,HH-129,,,SYNTHETIC S06C-1000-TYPICAL
Syn517,Guest1000TYPICAL,,syn517.1000TYPICAL.s06c@example.test,+15553000517,HH-129,,,SYNTHETIC S06C-1000-TYPICAL
Syn518,Guest1000TYPICAL,,syn518.1000TYPICAL.s06c@example.test,+15553000518,HH-129,,,SYNTHETIC S06C-1000-TYPICAL
Syn519,Guest1000TYPICAL,,syn519.1000TYPICAL.s06c@example.test,+15553000519,HH-129,,,SYNTHETIC S06C-1000-TYPICAL
Syn520,Guest1000TYPICAL,,syn520.1000TYPICAL.s06c@example.test,+15553000520,HH-130,,,SYNTHETIC S06C-1000-TYPICAL
Syn521,Guest1000TYPICAL,,syn521.1000TYPICAL.s06c@example.test,+15553000521,HH-130,,,SYNTHETIC S06C-1000-TYPICAL
Syn522,Guest1000TYPICAL,,syn522.1000TYPICAL.s06c@example.test,+15553000522,HH-130,,,SYNTHETIC S06C-1000-TYPICAL
Syn523,Guest1000TYPICAL,,syn523.1000TYPICAL.s06c@example.test,+15553000523,HH-130,,,SYNTHETIC S06C-1000-TYPICAL
Syn524,Guest1000TYPICAL,,syn524.1000TYPICAL.s06c@example.test,+15553000524,HH-131,,,SYNTHETIC S06C-1000-TYPICAL
Syn525,Guest1000TYPICAL,,syn525.1000TYPICAL.s06c@example.test,+15553000525,HH-131,,,SYNTHETIC S06C-1000-TYPICAL
Syn526,Guest1000TYPICAL,,syn526.1000TYPICAL.s06c@example.test,+15553000526,HH-131,,,SYNTHETIC S06C-1000-TYPICAL
Syn527,Guest1000TYPICAL,,syn527.1000TYPICAL.s06c@example.test,+15553000527,HH-131,vegetarian,,SYNTHETIC S06C-1000-TYPICAL
Syn528,Guest1000TYPICAL,,syn528.1000TYPICAL.s06c@example.test,+15553000528,HH-132,,,SYNTHETIC S06C-1000-TYPICAL
Syn529,Guest1000TYPICAL,,syn529.1000TYPICAL.s06c@example.test,+15553000529,HH-132,,wheelchair access,SYNTHETIC S06C-1000-TYPICAL
Syn530,Guest1000TYPICAL,,syn530.1000TYPICAL.s06c@example.test,+15553000530,HH-132,,,SYNTHETIC S06C-1000-TYPICAL
Syn531,Guest1000TYPICAL,,syn531.1000TYPICAL.s06c@example.test,+15553000531,HH-132,,,SYNTHETIC S06C-1000-TYPICAL
Syn532,Guest1000TYPICAL,,syn532.1000TYPICAL.s06c@example.test,+15553000532,HH-133,,,SYNTHETIC S06C-1000-TYPICAL
Syn533,Guest1000TYPICAL,,syn533.1000TYPICAL.s06c@example.test,+15553000533,HH-133,,,SYNTHETIC S06C-1000-TYPICAL
Syn534,Guest1000TYPICAL,,syn534.1000TYPICAL.s06c@example.test,+15553000534,HH-133,,,SYNTHETIC S06C-1000-TYPICAL
Syn535,Guest1000TYPICAL,,syn535.1000TYPICAL.s06c@example.test,+15553000535,HH-133,,,SYNTHETIC S06C-1000-TYPICAL
Syn536,Guest1000TYPICAL,,syn536.1000TYPICAL.s06c@example.test,+15553000536,HH-134,,,SYNTHETIC S06C-1000-TYPICAL
Syn537,Guest1000TYPICAL,,syn537.1000TYPICAL.s06c@example.test,+15553000537,HH-134,,,SYNTHETIC S06C-1000-TYPICAL
Syn538,Guest1000TYPICAL,,syn538.1000TYPICAL.s06c@example.test,+15553000538,HH-134,,,SYNTHETIC S06C-1000-TYPICAL
Syn539,Guest1000TYPICAL,,syn539.1000TYPICAL.s06c@example.test,+15553000539,HH-134,,,SYNTHETIC S06C-1000-TYPICAL
Syn540,Guest1000TYPICAL,,syn540.1000TYPICAL.s06c@example.test,+15553000540,HH-135,,,SYNTHETIC S06C-1000-TYPICAL
Syn541,Guest1000TYPICAL,,syn541.1000TYPICAL.s06c@example.test,+15553000541,HH-135,,,SYNTHETIC S06C-1000-TYPICAL
Syn542,Guest1000TYPICAL,,syn542.1000TYPICAL.s06c@example.test,+15553000542,HH-135,,,SYNTHETIC S06C-1000-TYPICAL
Syn543,Guest1000TYPICAL,,syn543.1000TYPICAL.s06c@example.test,+15553000543,HH-135,,,SYNTHETIC S06C-1000-TYPICAL
Syn544,Guest1000TYPICAL,,syn544.1000TYPICAL.s06c@example.test,+15553000544,HH-136,vegetarian,,SYNTHETIC S06C-1000-TYPICAL
Syn545,Guest1000TYPICAL,,syn545.1000TYPICAL.s06c@example.test,+15553000545,HH-136,,,SYNTHETIC S06C-1000-TYPICAL
Syn546,Guest1000TYPICAL,,syn546.1000TYPICAL.s06c@example.test,+15553000546,HH-136,,,SYNTHETIC S06C-1000-TYPICAL
Syn547,Guest1000TYPICAL,,syn547.1000TYPICAL.s06c@example.test,+15553000547,HH-136,,,SYNTHETIC S06C-1000-TYPICAL
Syn548,Guest1000TYPICAL,,syn548.1000TYPICAL.s06c@example.test,+15553000548,HH-137,,,SYNTHETIC S06C-1000-TYPICAL
Syn549,Guest1000TYPICAL,,syn549.1000TYPICAL.s06c@example.test,+15553000549,HH-137,,,SYNTHETIC S06C-1000-TYPICAL
Syn550,Guest1000TYPICAL,,syn550.1000TYPICAL.s06c@example.test,+15553000550,HH-137,,,SYNTHETIC S06C-1000-TYPICAL
Syn551,Guest1000TYPICAL,,syn551.1000TYPICAL.s06c@example.test,+15553000551,HH-137,,,SYNTHETIC S06C-1000-TYPICAL
Syn552,Guest1000TYPICAL,,syn552.1000TYPICAL.s06c@example.test,+15553000552,HH-138,,wheelchair access,SYNTHETIC S06C-1000-TYPICAL
Syn553,Guest1000TYPICAL,,syn553.1000TYPICAL.s06c@example.test,+15553000553,HH-138,,,SYNTHETIC S06C-1000-TYPICAL
Syn554,Guest1000TYPICAL,,syn554.1000TYPICAL.s06c@example.test,+15553000554,HH-138,,,SYNTHETIC S06C-1000-TYPICAL
Syn555,Guest1000TYPICAL,,syn555.1000TYPICAL.s06c@example.test,+15553000555,HH-138,,,SYNTHETIC S06C-1000-TYPICAL
Syn556,Guest1000TYPICAL,,syn556.1000TYPICAL.s06c@example.test,+15553000556,HH-139,,,SYNTHETIC S06C-1000-TYPICAL
Syn557,Guest1000TYPICAL,,syn557.1000TYPICAL.s06c@example.test,+15553000557,HH-139,,,SYNTHETIC S06C-1000-TYPICAL
Syn558,Guest1000TYPICAL,,syn558.1000TYPICAL.s06c@example.test,+15553000558,HH-139,,,SYNTHETIC S06C-1000-TYPICAL
Syn559,Guest1000TYPICAL,,syn559.1000TYPICAL.s06c@example.test,+15553000559,HH-139,,,SYNTHETIC S06C-1000-TYPICAL
Syn560,Guest1000TYPICAL,,syn560.1000TYPICAL.s06c@example.test,+15553000560,HH-140,,,SYNTHETIC S06C-1000-TYPICAL
Syn561,Guest1000TYPICAL,,syn561.1000TYPICAL.s06c@example.test,+15553000561,HH-140,vegetarian,,SYNTHETIC S06C-1000-TYPICAL
Syn562,Guest1000TYPICAL,,syn562.1000TYPICAL.s06c@example.test,+15553000562,HH-140,,,SYNTHETIC S06C-1000-TYPICAL
Syn563,Guest1000TYPICAL,,syn563.1000TYPICAL.s06c@example.test,+15553000563,HH-140,,,SYNTHETIC S06C-1000-TYPICAL
Syn564,Guest1000TYPICAL,,syn564.1000TYPICAL.s06c@example.test,+15553000564,HH-141,,,SYNTHETIC S06C-1000-TYPICAL
Syn565,Guest1000TYPICAL,,syn565.1000TYPICAL.s06c@example.test,+15553000565,HH-141,,,SYNTHETIC S06C-1000-TYPICAL
Syn566,Guest1000TYPICAL,,syn566.1000TYPICAL.s06c@example.test,+15553000566,HH-141,,,SYNTHETIC S06C-1000-TYPICAL
Syn567,Guest1000TYPICAL,,syn567.1000TYPICAL.s06c@example.test,+15553000567,HH-141,,,SYNTHETIC S06C-1000-TYPICAL
Syn568,Guest1000TYPICAL,,syn568.1000TYPICAL.s06c@example.test,+15553000568,HH-142,,,SYNTHETIC S06C-1000-TYPICAL
Syn569,Guest1000TYPICAL,,syn569.1000TYPICAL.s06c@example.test,+15553000569,HH-142,,,SYNTHETIC S06C-1000-TYPICAL
Syn570,Guest1000TYPICAL,,syn570.1000TYPICAL.s06c@example.test,+15553000570,HH-142,,,SYNTHETIC S06C-1000-TYPICAL
Syn571,Guest1000TYPICAL,,syn571.1000TYPICAL.s06c@example.test,+15553000571,HH-142,,,SYNTHETIC S06C-1000-TYPICAL
Syn572,Guest1000TYPICAL,,syn572.1000TYPICAL.s06c@example.test,+15553000572,HH-143,,,SYNTHETIC S06C-1000-TYPICAL
Syn573,Guest1000TYPICAL,,syn573.1000TYPICAL.s06c@example.test,+15553000573,HH-143,,,SYNTHETIC S06C-1000-TYPICAL
Syn574,Guest1000TYPICAL,,syn574.1000TYPICAL.s06c@example.test,+15553000574,HH-143,,,SYNTHETIC S06C-1000-TYPICAL
Syn575,Guest1000TYPICAL,,syn575.1000TYPICAL.s06c@example.test,+15553000575,HH-143,,wheelchair access,SYNTHETIC S06C-1000-TYPICAL
Syn576,Guest1000TYPICAL,,syn576.1000TYPICAL.s06c@example.test,+15553000576,HH-144,,,SYNTHETIC S06C-1000-TYPICAL
Syn577,Guest1000TYPICAL,,syn577.1000TYPICAL.s06c@example.test,+15553000577,HH-144,,,SYNTHETIC S06C-1000-TYPICAL
Syn578,Guest1000TYPICAL,,syn578.1000TYPICAL.s06c@example.test,+15553000578,HH-144,vegetarian,,SYNTHETIC S06C-1000-TYPICAL
Syn579,Guest1000TYPICAL,,syn579.1000TYPICAL.s06c@example.test,+15553000579,HH-144,,,SYNTHETIC S06C-1000-TYPICAL
Syn580,Guest1000TYPICAL,,syn580.1000TYPICAL.s06c@example.test,+15553000580,HH-145,,,SYNTHETIC S06C-1000-TYPICAL
Syn581,Guest1000TYPICAL,,syn581.1000TYPICAL.s06c@example.test,+15553000581,HH-145,,,SYNTHETIC S06C-1000-TYPICAL
Syn582,Guest1000TYPICAL,,syn582.1000TYPICAL.s06c@example.test,+15553000582,HH-145,,,SYNTHETIC S06C-1000-TYPICAL
Syn583,Guest1000TYPICAL,,syn583.1000TYPICAL.s06c@example.test,+15553000583,HH-145,,,SYNTHETIC S06C-1000-TYPICAL
Syn584,Guest1000TYPICAL,,syn584.1000TYPICAL.s06c@example.test,+15553000584,HH-146,,,SYNTHETIC S06C-1000-TYPICAL
Syn585,Guest1000TYPICAL,,syn585.1000TYPICAL.s06c@example.test,+15553000585,HH-146,,,SYNTHETIC S06C-1000-TYPICAL
Syn586,Guest1000TYPICAL,,syn586.1000TYPICAL.s06c@example.test,+15553000586,HH-146,,,SYNTHETIC S06C-1000-TYPICAL
Syn587,Guest1000TYPICAL,,syn587.1000TYPICAL.s06c@example.test,+15553000587,HH-146,,,SYNTHETIC S06C-1000-TYPICAL
Syn588,Guest1000TYPICAL,,syn588.1000TYPICAL.s06c@example.test,+15553000588,HH-147,,,SYNTHETIC S06C-1000-TYPICAL
Syn589,Guest1000TYPICAL,,syn589.1000TYPICAL.s06c@example.test,+15553000589,HH-147,,,SYNTHETIC S06C-1000-TYPICAL
Syn590,Guest1000TYPICAL,,syn590.1000TYPICAL.s06c@example.test,+15553000590,HH-147,,,SYNTHETIC S06C-1000-TYPICAL
Syn591,Guest1000TYPICAL,,syn591.1000TYPICAL.s06c@example.test,+15553000591,HH-147,,,SYNTHETIC S06C-1000-TYPICAL
Syn592,Guest1000TYPICAL,,syn592.1000TYPICAL.s06c@example.test,+15553000592,HH-148,,,SYNTHETIC S06C-1000-TYPICAL
Syn593,Guest1000TYPICAL,,syn593.1000TYPICAL.s06c@example.test,+15553000593,HH-148,,,SYNTHETIC S06C-1000-TYPICAL
Syn594,Guest1000TYPICAL,,syn594.1000TYPICAL.s06c@example.test,+15553000594,HH-148,,,SYNTHETIC S06C-1000-TYPICAL
Syn595,Guest1000TYPICAL,,syn595.1000TYPICAL.s06c@example.test,+15553000595,HH-148,vegetarian,,SYNTHETIC S06C-1000-TYPICAL
Syn596,Guest1000TYPICAL,,syn596.1000TYPICAL.s06c@example.test,+15553000596,HH-149,,,SYNTHETIC S06C-1000-TYPICAL
Syn597,Guest1000TYPICAL,,syn597.1000TYPICAL.s06c@example.test,+15553000597,HH-149,,,SYNTHETIC S06C-1000-TYPICAL
Syn598,Guest1000TYPICAL,,syn598.1000TYPICAL.s06c@example.test,+15553000598,HH-149,,wheelchair access,SYNTHETIC S06C-1000-TYPICAL
Syn599,Guest1000TYPICAL,,syn599.1000TYPICAL.s06c@example.test,+15553000599,HH-149,,,SYNTHETIC S06C-1000-TYPICAL
Syn600,Guest1000TYPICAL,,syn600.1000TYPICAL.s06c@example.test,+15553000600,HH-150,,,SYNTHETIC S06C-1000-TYPICAL
Syn601,Guest1000TYPICAL,,syn601.1000TYPICAL.s06c@example.test,+15553000601,HH-150,,,SYNTHETIC S06C-1000-TYPICAL
Syn602,Guest1000TYPICAL,,syn602.1000TYPICAL.s06c@example.test,+15553000602,HH-150,,,SYNTHETIC S06C-1000-TYPICAL
Syn603,Guest1000TYPICAL,,syn603.1000TYPICAL.s06c@example.test,+15553000603,HH-150,,,SYNTHETIC S06C-1000-TYPICAL
Syn604,Guest1000TYPICAL,,syn604.1000TYPICAL.s06c@example.test,+15553000604,HH-151,,,SYNTHETIC S06C-1000-TYPICAL
Syn605,Guest1000TYPICAL,,syn605.1000TYPICAL.s06c@example.test,+15553000605,HH-151,,,SYNTHETIC S06C-1000-TYPICAL
Syn606,Guest1000TYPICAL,,syn606.1000TYPICAL.s06c@example.test,+15553000606,HH-151,,,SYNTHETIC S06C-1000-TYPICAL
Syn607,Guest1000TYPICAL,,syn607.1000TYPICAL.s06c@example.test,+15553000607,HH-151,,,SYNTHETIC S06C-1000-TYPICAL
Syn608,Guest1000TYPICAL,,syn608.1000TYPICAL.s06c@example.test,+15553000608,HH-152,,,SYNTHETIC S06C-1000-TYPICAL
Syn609,Guest1000TYPICAL,,syn609.1000TYPICAL.s06c@example.test,+15553000609,HH-152,,,SYNTHETIC S06C-1000-TYPICAL
Syn610,Guest1000TYPICAL,,syn610.1000TYPICAL.s06c@example.test,+15553000610,HH-152,,,SYNTHETIC S06C-1000-TYPICAL
Syn611,Guest1000TYPICAL,,syn611.1000TYPICAL.s06c@example.test,+15553000611,HH-152,,,SYNTHETIC S06C-1000-TYPICAL
Syn612,Guest1000TYPICAL,,syn612.1000TYPICAL.s06c@example.test,+15553000612,HH-153,vegetarian,,SYNTHETIC S06C-1000-TYPICAL
Syn613,Guest1000TYPICAL,,syn613.1000TYPICAL.s06c@example.test,+15553000613,HH-153,,,SYNTHETIC S06C-1000-TYPICAL
Syn614,Guest1000TYPICAL,,syn614.1000TYPICAL.s06c@example.test,+15553000614,HH-153,,,SYNTHETIC S06C-1000-TYPICAL
Syn615,Guest1000TYPICAL,,syn615.1000TYPICAL.s06c@example.test,+15553000615,HH-153,,,SYNTHETIC S06C-1000-TYPICAL
Syn616,Guest1000TYPICAL,,syn616.1000TYPICAL.s06c@example.test,+15553000616,HH-154,,,SYNTHETIC S06C-1000-TYPICAL
Syn617,Guest1000TYPICAL,,syn617.1000TYPICAL.s06c@example.test,+15553000617,HH-154,,,SYNTHETIC S06C-1000-TYPICAL
Syn618,Guest1000TYPICAL,,syn618.1000TYPICAL.s06c@example.test,+15553000618,HH-154,,,SYNTHETIC S06C-1000-TYPICAL
Syn619,Guest1000TYPICAL,,syn619.1000TYPICAL.s06c@example.test,+15553000619,HH-154,,,SYNTHETIC S06C-1000-TYPICAL
Syn620,Guest1000TYPICAL,,syn620.1000TYPICAL.s06c@example.test,+15553000620,HH-155,,,SYNTHETIC S06C-1000-TYPICAL
Syn621,Guest1000TYPICAL,,syn621.1000TYPICAL.s06c@example.test,+15553000621,HH-155,,wheelchair access,SYNTHETIC S06C-1000-TYPICAL
Syn622,Guest1000TYPICAL,,syn622.1000TYPICAL.s06c@example.test,+15553000622,HH-155,,,SYNTHETIC S06C-1000-TYPICAL
Syn623,Guest1000TYPICAL,,syn623.1000TYPICAL.s06c@example.test,+15553000623,HH-155,,,SYNTHETIC S06C-1000-TYPICAL
Syn624,Guest1000TYPICAL,,syn624.1000TYPICAL.s06c@example.test,+15553000624,HH-156,,,SYNTHETIC S06C-1000-TYPICAL
Syn625,Guest1000TYPICAL,,syn625.1000TYPICAL.s06c@example.test,+15553000625,HH-156,,,SYNTHETIC S06C-1000-TYPICAL
Syn626,Guest1000TYPICAL,,syn626.1000TYPICAL.s06c@example.test,+15553000626,HH-156,,,SYNTHETIC S06C-1000-TYPICAL
Syn627,Guest1000TYPICAL,,syn627.1000TYPICAL.s06c@example.test,+15553000627,HH-156,,,SYNTHETIC S06C-1000-TYPICAL
Syn628,Guest1000TYPICAL,,syn628.1000TYPICAL.s06c@example.test,+15553000628,HH-157,,,SYNTHETIC S06C-1000-TYPICAL
Syn629,Guest1000TYPICAL,,syn629.1000TYPICAL.s06c@example.test,+15553000629,HH-157,vegetarian,,SYNTHETIC S06C-1000-TYPICAL
Syn630,Guest1000TYPICAL,,syn630.1000TYPICAL.s06c@example.test,+15553000630,HH-157,,,SYNTHETIC S06C-1000-TYPICAL
Syn631,Guest1000TYPICAL,,syn631.1000TYPICAL.s06c@example.test,+15553000631,HH-157,,,SYNTHETIC S06C-1000-TYPICAL
Syn632,Guest1000TYPICAL,,syn632.1000TYPICAL.s06c@example.test,+15553000632,HH-158,,,SYNTHETIC S06C-1000-TYPICAL
Syn633,Guest1000TYPICAL,,syn633.1000TYPICAL.s06c@example.test,+15553000633,HH-158,,,SYNTHETIC S06C-1000-TYPICAL
Syn634,Guest1000TYPICAL,,syn634.1000TYPICAL.s06c@example.test,+15553000634,HH-158,,,SYNTHETIC S06C-1000-TYPICAL
Syn635,Guest1000TYPICAL,,syn635.1000TYPICAL.s06c@example.test,+15553000635,HH-158,,,SYNTHETIC S06C-1000-TYPICAL
Syn636,Guest1000TYPICAL,,syn636.1000TYPICAL.s06c@example.test,+15553000636,HH-159,,,SYNTHETIC S06C-1000-TYPICAL
Syn637,Guest1000TYPICAL,,syn637.1000TYPICAL.s06c@example.test,+15553000637,HH-159,,,SYNTHETIC S06C-1000-TYPICAL
Syn638,Guest1000TYPICAL,,syn638.1000TYPICAL.s06c@example.test,+15553000638,HH-159,,,SYNTHETIC S06C-1000-TYPICAL
Syn639,Guest1000TYPICAL,,syn639.1000TYPICAL.s06c@example.test,+15553000639,HH-159,,,SYNTHETIC S06C-1000-TYPICAL
Syn640,Guest1000TYPICAL,,syn640.1000TYPICAL.s06c@example.test,+15553000640,HH-160,,,SYNTHETIC S06C-1000-TYPICAL
Syn641,Guest1000TYPICAL,,syn641.1000TYPICAL.s06c@example.test,+15553000641,HH-160,,,SYNTHETIC S06C-1000-TYPICAL
Syn642,Guest1000TYPICAL,,syn642.1000TYPICAL.s06c@example.test,+15553000642,HH-160,,,SYNTHETIC S06C-1000-TYPICAL
Syn643,Guest1000TYPICAL,,syn643.1000TYPICAL.s06c@example.test,+15553000643,HH-160,,,SYNTHETIC S06C-1000-TYPICAL
Syn644,Guest1000TYPICAL,,syn644.1000TYPICAL.s06c@example.test,+15553000644,HH-161,,wheelchair access,SYNTHETIC S06C-1000-TYPICAL
Syn645,Guest1000TYPICAL,,syn645.1000TYPICAL.s06c@example.test,+15553000645,HH-161,,,SYNTHETIC S06C-1000-TYPICAL
Syn646,Guest1000TYPICAL,,syn646.1000TYPICAL.s06c@example.test,+15553000646,HH-161,vegetarian,,SYNTHETIC S06C-1000-TYPICAL
Syn647,Guest1000TYPICAL,,syn647.1000TYPICAL.s06c@example.test,+15553000647,HH-161,,,SYNTHETIC S06C-1000-TYPICAL
Syn648,Guest1000TYPICAL,,syn648.1000TYPICAL.s06c@example.test,+15553000648,HH-162,,,SYNTHETIC S06C-1000-TYPICAL
Syn649,Guest1000TYPICAL,,syn649.1000TYPICAL.s06c@example.test,+15553000649,HH-162,,,SYNTHETIC S06C-1000-TYPICAL
Syn650,Guest1000TYPICAL,,syn650.1000TYPICAL.s06c@example.test,+15553000650,HH-162,,,SYNTHETIC S06C-1000-TYPICAL
Syn651,Guest1000TYPICAL,,syn651.1000TYPICAL.s06c@example.test,+15553000651,HH-162,,,SYNTHETIC S06C-1000-TYPICAL
Syn652,Guest1000TYPICAL,,syn652.1000TYPICAL.s06c@example.test,+15553000652,HH-163,,,SYNTHETIC S06C-1000-TYPICAL
Syn653,Guest1000TYPICAL,,syn653.1000TYPICAL.s06c@example.test,+15553000653,HH-163,,,SYNTHETIC S06C-1000-TYPICAL
Syn654,Guest1000TYPICAL,,syn654.1000TYPICAL.s06c@example.test,+15553000654,HH-163,,,SYNTHETIC S06C-1000-TYPICAL
Syn655,Guest1000TYPICAL,,syn655.1000TYPICAL.s06c@example.test,+15553000655,HH-163,,,SYNTHETIC S06C-1000-TYPICAL
Syn656,Guest1000TYPICAL,,syn656.1000TYPICAL.s06c@example.test,+15553000656,HH-164,,,SYNTHETIC S06C-1000-TYPICAL
Syn657,Guest1000TYPICAL,,syn657.1000TYPICAL.s06c@example.test,+15553000657,HH-164,,,SYNTHETIC S06C-1000-TYPICAL
Syn658,Guest1000TYPICAL,,syn658.1000TYPICAL.s06c@example.test,+15553000658,HH-164,,,SYNTHETIC S06C-1000-TYPICAL
Syn659,Guest1000TYPICAL,,syn659.1000TYPICAL.s06c@example.test,+15553000659,HH-164,,,SYNTHETIC S06C-1000-TYPICAL
Syn660,Guest1000TYPICAL,,syn660.1000TYPICAL.s06c@example.test,+15553000660,HH-165,,,SYNTHETIC S06C-1000-TYPICAL
Syn661,Guest1000TYPICAL,,syn661.1000TYPICAL.s06c@example.test,+15553000661,HH-165,,,SYNTHETIC S06C-1000-TYPICAL
Syn662,Guest1000TYPICAL,,syn662.1000TYPICAL.s06c@example.test,+15553000662,HH-165,,,SYNTHETIC S06C-1000-TYPICAL
Syn663,Guest1000TYPICAL,,syn663.1000TYPICAL.s06c@example.test,+15553000663,HH-165,vegetarian,,SYNTHETIC S06C-1000-TYPICAL
Syn664,Guest1000TYPICAL,,syn664.1000TYPICAL.s06c@example.test,+15553000664,HH-166,,,SYNTHETIC S06C-1000-TYPICAL
Syn665,Guest1000TYPICAL,,syn665.1000TYPICAL.s06c@example.test,+15553000665,HH-166,,,SYNTHETIC S06C-1000-TYPICAL
Syn666,Guest1000TYPICAL,,syn666.1000TYPICAL.s06c@example.test,+15553000666,HH-166,,,SYNTHETIC S06C-1000-TYPICAL
Syn667,Guest1000TYPICAL,,syn667.1000TYPICAL.s06c@example.test,+15553000667,HH-166,,wheelchair access,SYNTHETIC S06C-1000-TYPICAL
Syn668,Guest1000TYPICAL,,syn668.1000TYPICAL.s06c@example.test,+15553000668,HH-167,,,SYNTHETIC S06C-1000-TYPICAL
Syn669,Guest1000TYPICAL,,syn669.1000TYPICAL.s06c@example.test,+15553000669,HH-167,,,SYNTHETIC S06C-1000-TYPICAL
Syn670,Guest1000TYPICAL,,syn670.1000TYPICAL.s06c@example.test,+15553000670,HH-167,,,SYNTHETIC S06C-1000-TYPICAL
Syn671,Guest1000TYPICAL,,syn671.1000TYPICAL.s06c@example.test,+15553000671,HH-167,,,SYNTHETIC S06C-1000-TYPICAL
Syn672,Guest1000TYPICAL,,syn672.1000TYPICAL.s06c@example.test,+15553000672,HH-168,,,SYNTHETIC S06C-1000-TYPICAL
Syn673,Guest1000TYPICAL,,syn673.1000TYPICAL.s06c@example.test,+15553000673,HH-168,,,SYNTHETIC S06C-1000-TYPICAL
Syn674,Guest1000TYPICAL,,syn674.1000TYPICAL.s06c@example.test,+15553000674,HH-168,,,SYNTHETIC S06C-1000-TYPICAL
Syn675,Guest1000TYPICAL,,syn675.1000TYPICAL.s06c@example.test,+15553000675,HH-168,,,SYNTHETIC S06C-1000-TYPICAL
Syn676,Guest1000TYPICAL,,syn676.1000TYPICAL.s06c@example.test,+15553000676,HH-169,,,SYNTHETIC S06C-1000-TYPICAL
Syn677,Guest1000TYPICAL,,syn677.1000TYPICAL.s06c@example.test,+15553000677,HH-169,,,SYNTHETIC S06C-1000-TYPICAL
Syn678,Guest1000TYPICAL,,syn678.1000TYPICAL.s06c@example.test,+15553000678,HH-169,,,SYNTHETIC S06C-1000-TYPICAL
Syn679,Guest1000TYPICAL,,syn679.1000TYPICAL.s06c@example.test,+15553000679,HH-169,,,SYNTHETIC S06C-1000-TYPICAL
Syn680,Guest1000TYPICAL,,syn680.1000TYPICAL.s06c@example.test,+15553000680,HH-170,vegetarian,,SYNTHETIC S06C-1000-TYPICAL
Syn681,Guest1000TYPICAL,,syn681.1000TYPICAL.s06c@example.test,+15553000681,HH-170,,,SYNTHETIC S06C-1000-TYPICAL
Syn682,Guest1000TYPICAL,,syn682.1000TYPICAL.s06c@example.test,+15553000682,HH-170,,,SYNTHETIC S06C-1000-TYPICAL
Syn683,Guest1000TYPICAL,,syn683.1000TYPICAL.s06c@example.test,+15553000683,HH-170,,,SYNTHETIC S06C-1000-TYPICAL
Syn684,Guest1000TYPICAL,,syn684.1000TYPICAL.s06c@example.test,+15553000684,HH-171,,,SYNTHETIC S06C-1000-TYPICAL
Syn685,Guest1000TYPICAL,,syn685.1000TYPICAL.s06c@example.test,+15553000685,HH-171,,,SYNTHETIC S06C-1000-TYPICAL
Syn686,Guest1000TYPICAL,,syn686.1000TYPICAL.s06c@example.test,+15553000686,HH-171,,,SYNTHETIC S06C-1000-TYPICAL
Syn687,Guest1000TYPICAL,,syn687.1000TYPICAL.s06c@example.test,+15553000687,HH-171,,,SYNTHETIC S06C-1000-TYPICAL
Syn688,Guest1000TYPICAL,,syn688.1000TYPICAL.s06c@example.test,+15553000688,HH-172,,,SYNTHETIC S06C-1000-TYPICAL
Syn689,Guest1000TYPICAL,,syn689.1000TYPICAL.s06c@example.test,+15553000689,HH-172,,,SYNTHETIC S06C-1000-TYPICAL
Syn690,Guest1000TYPICAL,,syn690.1000TYPICAL.s06c@example.test,+15553000690,HH-172,,wheelchair access,SYNTHETIC S06C-1000-TYPICAL
Syn691,Guest1000TYPICAL,,syn691.1000TYPICAL.s06c@example.test,+15553000691,HH-172,,,SYNTHETIC S06C-1000-TYPICAL
Syn692,Guest1000TYPICAL,,syn692.1000TYPICAL.s06c@example.test,+15553000692,HH-173,,,SYNTHETIC S06C-1000-TYPICAL
Syn693,Guest1000TYPICAL,,syn693.1000TYPICAL.s06c@example.test,+15553000693,HH-173,,,SYNTHETIC S06C-1000-TYPICAL
Syn694,Guest1000TYPICAL,,syn694.1000TYPICAL.s06c@example.test,+15553000694,HH-173,,,SYNTHETIC S06C-1000-TYPICAL
Syn695,Guest1000TYPICAL,,syn695.1000TYPICAL.s06c@example.test,+15553000695,HH-173,,,SYNTHETIC S06C-1000-TYPICAL
Syn696,Guest1000TYPICAL,,syn696.1000TYPICAL.s06c@example.test,+15553000696,HH-174,,,SYNTHETIC S06C-1000-TYPICAL
Syn697,Guest1000TYPICAL,,syn697.1000TYPICAL.s06c@example.test,+15553000697,HH-174,vegetarian,,SYNTHETIC S06C-1000-TYPICAL
Syn698,Guest1000TYPICAL,,syn698.1000TYPICAL.s06c@example.test,+15553000698,HH-174,,,SYNTHETIC S06C-1000-TYPICAL
Syn699,Guest1000TYPICAL,,syn699.1000TYPICAL.s06c@example.test,+15553000699,HH-174,,,SYNTHETIC S06C-1000-TYPICAL
Syn700,Guest1000TYPICAL,,syn700.1000TYPICAL.s06c@example.test,+15553000700,HH-175,,,SYNTHETIC S06C-1000-TYPICAL
Syn701,Guest1000TYPICAL,,syn701.1000TYPICAL.s06c@example.test,+15553000701,HH-175,,,SYNTHETIC S06C-1000-TYPICAL
Syn702,Guest1000TYPICAL,,syn702.1000TYPICAL.s06c@example.test,+15553000702,HH-175,,,SYNTHETIC S06C-1000-TYPICAL
Syn703,Guest1000TYPICAL,,syn703.1000TYPICAL.s06c@example.test,+15553000703,HH-175,,,SYNTHETIC S06C-1000-TYPICAL
Syn704,Guest1000TYPICAL,,syn704.1000TYPICAL.s06c@example.test,+15553000704,HH-176,,,SYNTHETIC S06C-1000-TYPICAL
Syn705,Guest1000TYPICAL,,syn705.1000TYPICAL.s06c@example.test,+15553000705,HH-176,,,SYNTHETIC S06C-1000-TYPICAL
Syn706,Guest1000TYPICAL,,syn706.1000TYPICAL.s06c@example.test,+15553000706,HH-176,,,SYNTHETIC S06C-1000-TYPICAL
Syn707,Guest1000TYPICAL,,syn707.1000TYPICAL.s06c@example.test,+15553000707,HH-176,,,SYNTHETIC S06C-1000-TYPICAL
Syn708,Guest1000TYPICAL,,syn708.1000TYPICAL.s06c@example.test,+15553000708,HH-177,,,SYNTHETIC S06C-1000-TYPICAL
Syn709,Guest1000TYPICAL,,syn709.1000TYPICAL.s06c@example.test,+15553000709,HH-177,,,SYNTHETIC S06C-1000-TYPICAL
Syn710,Guest1000TYPICAL,,syn710.1000TYPICAL.s06c@example.test,+15553000710,HH-177,,,SYNTHETIC S06C-1000-TYPICAL
Syn711,Guest1000TYPICAL,,syn711.1000TYPICAL.s06c@example.test,+15553000711,HH-177,,,SYNTHETIC S06C-1000-TYPICAL
Syn712,Guest1000TYPICAL,,syn712.1000TYPICAL.s06c@example.test,+15553000712,HH-178,,,SYNTHETIC S06C-1000-TYPICAL
Syn713,Guest1000TYPICAL,,syn713.1000TYPICAL.s06c@example.test,+15553000713,HH-178,,wheelchair access,SYNTHETIC S06C-1000-TYPICAL
Syn714,Guest1000TYPICAL,,syn714.1000TYPICAL.s06c@example.test,+15553000714,HH-178,vegetarian,,SYNTHETIC S06C-1000-TYPICAL
Syn715,Guest1000TYPICAL,,syn715.1000TYPICAL.s06c@example.test,+15553000715,HH-178,,,SYNTHETIC S06C-1000-TYPICAL
Syn716,Guest1000TYPICAL,,syn716.1000TYPICAL.s06c@example.test,+15553000716,HH-179,,,SYNTHETIC S06C-1000-TYPICAL
Syn717,Guest1000TYPICAL,,syn717.1000TYPICAL.s06c@example.test,+15553000717,HH-179,,,SYNTHETIC S06C-1000-TYPICAL
Syn718,Guest1000TYPICAL,,syn718.1000TYPICAL.s06c@example.test,+15553000718,HH-179,,,SYNTHETIC S06C-1000-TYPICAL
Syn719,Guest1000TYPICAL,,syn719.1000TYPICAL.s06c@example.test,+15553000719,HH-179,,,SYNTHETIC S06C-1000-TYPICAL
Syn720,Guest1000TYPICAL,,syn720.1000TYPICAL.s06c@example.test,+15553000720,HH-180,,,SYNTHETIC S06C-1000-TYPICAL
Syn721,Guest1000TYPICAL,,syn721.1000TYPICAL.s06c@example.test,+15553000721,HH-180,,,SYNTHETIC S06C-1000-TYPICAL
Syn722,Guest1000TYPICAL,,syn722.1000TYPICAL.s06c@example.test,+15553000722,HH-180,,,SYNTHETIC S06C-1000-TYPICAL
Syn723,Guest1000TYPICAL,,syn723.1000TYPICAL.s06c@example.test,+15553000723,HH-180,,,SYNTHETIC S06C-1000-TYPICAL
Syn724,Guest1000TYPICAL,,syn724.1000TYPICAL.s06c@example.test,+15553000724,HH-181,,,SYNTHETIC S06C-1000-TYPICAL
Syn725,Guest1000TYPICAL,,syn725.1000TYPICAL.s06c@example.test,+15553000725,HH-181,,,SYNTHETIC S06C-1000-TYPICAL
Syn726,Guest1000TYPICAL,,syn726.1000TYPICAL.s06c@example.test,+15553000726,HH-181,,,SYNTHETIC S06C-1000-TYPICAL
Syn727,Guest1000TYPICAL,,syn727.1000TYPICAL.s06c@example.test,+15553000727,HH-181,,,SYNTHETIC S06C-1000-TYPICAL
Syn728,Guest1000TYPICAL,,syn728.1000TYPICAL.s06c@example.test,+15553000728,HH-182,,,SYNTHETIC S06C-1000-TYPICAL
Syn729,Guest1000TYPICAL,,syn729.1000TYPICAL.s06c@example.test,+15553000729,HH-182,,,SYNTHETIC S06C-1000-TYPICAL
Syn730,Guest1000TYPICAL,,syn730.1000TYPICAL.s06c@example.test,+15553000730,HH-182,,,SYNTHETIC S06C-1000-TYPICAL
Syn731,Guest1000TYPICAL,,syn731.1000TYPICAL.s06c@example.test,+15553000731,HH-182,vegetarian,,SYNTHETIC S06C-1000-TYPICAL
Syn732,Guest1000TYPICAL,,syn732.1000TYPICAL.s06c@example.test,+15553000732,HH-183,,,SYNTHETIC S06C-1000-TYPICAL
Syn733,Guest1000TYPICAL,,syn733.1000TYPICAL.s06c@example.test,+15553000733,HH-183,,,SYNTHETIC S06C-1000-TYPICAL
Syn734,Guest1000TYPICAL,,syn734.1000TYPICAL.s06c@example.test,+15553000734,HH-183,,,SYNTHETIC S06C-1000-TYPICAL
Syn735,Guest1000TYPICAL,,syn735.1000TYPICAL.s06c@example.test,+15553000735,HH-183,,,SYNTHETIC S06C-1000-TYPICAL
Syn736,Guest1000TYPICAL,,syn736.1000TYPICAL.s06c@example.test,+15553000736,HH-184,,wheelchair access,SYNTHETIC S06C-1000-TYPICAL
Syn737,Guest1000TYPICAL,,syn737.1000TYPICAL.s06c@example.test,+15553000737,HH-184,,,SYNTHETIC S06C-1000-TYPICAL
Syn738,Guest1000TYPICAL,,syn738.1000TYPICAL.s06c@example.test,+15553000738,HH-184,,,SYNTHETIC S06C-1000-TYPICAL
Syn739,Guest1000TYPICAL,,syn739.1000TYPICAL.s06c@example.test,+15553000739,HH-184,,,SYNTHETIC S06C-1000-TYPICAL
Syn740,Guest1000TYPICAL,,syn740.1000TYPICAL.s06c@example.test,+15553000740,HH-185,,,SYNTHETIC S06C-1000-TYPICAL
Syn741,Guest1000TYPICAL,,syn741.1000TYPICAL.s06c@example.test,+15553000741,HH-185,,,SYNTHETIC S06C-1000-TYPICAL
Syn742,Guest1000TYPICAL,,syn742.1000TYPICAL.s06c@example.test,+15553000742,HH-185,,,SYNTHETIC S06C-1000-TYPICAL
Syn743,Guest1000TYPICAL,,syn743.1000TYPICAL.s06c@example.test,+15553000743,HH-185,,,SYNTHETIC S06C-1000-TYPICAL
Syn744,Guest1000TYPICAL,,syn744.1000TYPICAL.s06c@example.test,+15553000744,HH-186,,,SYNTHETIC S06C-1000-TYPICAL
Syn745,Guest1000TYPICAL,,syn745.1000TYPICAL.s06c@example.test,+15553000745,HH-186,,,SYNTHETIC S06C-1000-TYPICAL
Syn746,Guest1000TYPICAL,,syn746.1000TYPICAL.s06c@example.test,+15553000746,HH-186,,,SYNTHETIC S06C-1000-TYPICAL
Syn747,Guest1000TYPICAL,,syn747.1000TYPICAL.s06c@example.test,+15553000747,HH-186,,,SYNTHETIC S06C-1000-TYPICAL
Syn748,Guest1000TYPICAL,,syn748.1000TYPICAL.s06c@example.test,+15553000748,HH-187,vegetarian,,SYNTHETIC S06C-1000-TYPICAL
Syn749,Guest1000TYPICAL,,syn749.1000TYPICAL.s06c@example.test,+15553000749,HH-187,,,SYNTHETIC S06C-1000-TYPICAL
Syn750,Guest1000TYPICAL,,syn750.1000TYPICAL.s06c@example.test,+15553000750,HH-187,,,SYNTHETIC S06C-1000-TYPICAL
Syn751,Guest1000TYPICAL,,syn751.1000TYPICAL.s06c@example.test,+15553000751,HH-187,,,SYNTHETIC S06C-1000-TYPICAL
Syn752,Guest1000TYPICAL,,syn752.1000TYPICAL.s06c@example.test,+15553000752,HH-188,,,SYNTHETIC S06C-1000-TYPICAL
Syn753,Guest1000TYPICAL,,syn753.1000TYPICAL.s06c@example.test,+15553000753,HH-188,,,SYNTHETIC S06C-1000-TYPICAL
Syn754,Guest1000TYPICAL,,syn754.1000TYPICAL.s06c@example.test,+15553000754,HH-188,,,SYNTHETIC S06C-1000-TYPICAL
Syn755,Guest1000TYPICAL,,syn755.1000TYPICAL.s06c@example.test,+15553000755,HH-188,,,SYNTHETIC S06C-1000-TYPICAL
Syn756,Guest1000TYPICAL,,syn756.1000TYPICAL.s06c@example.test,+15553000756,HH-189,,,SYNTHETIC S06C-1000-TYPICAL
Syn757,Guest1000TYPICAL,,syn757.1000TYPICAL.s06c@example.test,+15553000757,HH-189,,,SYNTHETIC S06C-1000-TYPICAL
Syn758,Guest1000TYPICAL,,syn758.1000TYPICAL.s06c@example.test,+15553000758,HH-189,,,SYNTHETIC S06C-1000-TYPICAL
Syn759,Guest1000TYPICAL,,syn759.1000TYPICAL.s06c@example.test,+15553000759,HH-189,,wheelchair access,SYNTHETIC S06C-1000-TYPICAL
Syn760,Guest1000TYPICAL,,syn760.1000TYPICAL.s06c@example.test,+15553000760,HH-190,,,SYNTHETIC S06C-1000-TYPICAL
Syn761,Guest1000TYPICAL,,syn761.1000TYPICAL.s06c@example.test,+15553000761,HH-190,,,SYNTHETIC S06C-1000-TYPICAL
Syn762,Guest1000TYPICAL,,syn762.1000TYPICAL.s06c@example.test,+15553000762,HH-190,,,SYNTHETIC S06C-1000-TYPICAL
Syn763,Guest1000TYPICAL,,syn763.1000TYPICAL.s06c@example.test,+15553000763,HH-190,,,SYNTHETIC S06C-1000-TYPICAL
Syn764,Guest1000TYPICAL,,syn764.1000TYPICAL.s06c@example.test,+15553000764,HH-191,,,SYNTHETIC S06C-1000-TYPICAL
Syn765,Guest1000TYPICAL,,syn765.1000TYPICAL.s06c@example.test,+15553000765,HH-191,vegetarian,,SYNTHETIC S06C-1000-TYPICAL
Syn766,Guest1000TYPICAL,,syn766.1000TYPICAL.s06c@example.test,+15553000766,HH-191,,,SYNTHETIC S06C-1000-TYPICAL
Syn767,Guest1000TYPICAL,,syn767.1000TYPICAL.s06c@example.test,+15553000767,HH-191,,,SYNTHETIC S06C-1000-TYPICAL
Syn768,Guest1000TYPICAL,,syn768.1000TYPICAL.s06c@example.test,+15553000768,HH-192,,,SYNTHETIC S06C-1000-TYPICAL
Syn769,Guest1000TYPICAL,,syn769.1000TYPICAL.s06c@example.test,+15553000769,HH-192,,,SYNTHETIC S06C-1000-TYPICAL
Syn770,Guest1000TYPICAL,,syn770.1000TYPICAL.s06c@example.test,+15553000770,HH-192,,,SYNTHETIC S06C-1000-TYPICAL
Syn771,Guest1000TYPICAL,,syn771.1000TYPICAL.s06c@example.test,+15553000771,HH-192,,,SYNTHETIC S06C-1000-TYPICAL
Syn772,Guest1000TYPICAL,,syn772.1000TYPICAL.s06c@example.test,+15553000772,HH-193,,,SYNTHETIC S06C-1000-TYPICAL
Syn773,Guest1000TYPICAL,,syn773.1000TYPICAL.s06c@example.test,+15553000773,HH-193,,,SYNTHETIC S06C-1000-TYPICAL
Syn774,Guest1000TYPICAL,,syn774.1000TYPICAL.s06c@example.test,+15553000774,HH-193,,,SYNTHETIC S06C-1000-TYPICAL
Syn775,Guest1000TYPICAL,,syn775.1000TYPICAL.s06c@example.test,+15553000775,HH-193,,,SYNTHETIC S06C-1000-TYPICAL
Syn776,Guest1000TYPICAL,,syn776.1000TYPICAL.s06c@example.test,+15553000776,HH-194,,,SYNTHETIC S06C-1000-TYPICAL
Syn777,Guest1000TYPICAL,,syn777.1000TYPICAL.s06c@example.test,+15553000777,HH-194,,,SYNTHETIC S06C-1000-TYPICAL
Syn778,Guest1000TYPICAL,,syn778.1000TYPICAL.s06c@example.test,+15553000778,HH-194,,,SYNTHETIC S06C-1000-TYPICAL
Syn779,Guest1000TYPICAL,,syn779.1000TYPICAL.s06c@example.test,+15553000779,HH-194,,,SYNTHETIC S06C-1000-TYPICAL
Syn780,Guest1000TYPICAL,,syn780.1000TYPICAL.s06c@example.test,+15553000780,HH-195,,,SYNTHETIC S06C-1000-TYPICAL
Syn781,Guest1000TYPICAL,,syn781.1000TYPICAL.s06c@example.test,+15553000781,HH-195,,,SYNTHETIC S06C-1000-TYPICAL
Syn782,Guest1000TYPICAL,,syn782.1000TYPICAL.s06c@example.test,+15553000782,HH-195,vegetarian,wheelchair access,SYNTHETIC S06C-1000-TYPICAL
Syn783,Guest1000TYPICAL,,syn783.1000TYPICAL.s06c@example.test,+15553000783,HH-195,,,SYNTHETIC S06C-1000-TYPICAL
Syn784,Guest1000TYPICAL,,syn784.1000TYPICAL.s06c@example.test,+15553000784,HH-196,,,SYNTHETIC S06C-1000-TYPICAL
Syn785,Guest1000TYPICAL,,syn785.1000TYPICAL.s06c@example.test,+15553000785,HH-196,,,SYNTHETIC S06C-1000-TYPICAL
Syn786,Guest1000TYPICAL,,syn786.1000TYPICAL.s06c@example.test,+15553000786,HH-196,,,SYNTHETIC S06C-1000-TYPICAL
Syn787,Guest1000TYPICAL,,syn787.1000TYPICAL.s06c@example.test,+15553000787,HH-196,,,SYNTHETIC S06C-1000-TYPICAL
Syn788,Guest1000TYPICAL,,syn788.1000TYPICAL.s06c@example.test,+15553000788,HH-197,,,SYNTHETIC S06C-1000-TYPICAL
Syn789,Guest1000TYPICAL,,syn789.1000TYPICAL.s06c@example.test,+15553000789,HH-197,,,SYNTHETIC S06C-1000-TYPICAL
Syn790,Guest1000TYPICAL,,syn790.1000TYPICAL.s06c@example.test,+15553000790,HH-197,,,SYNTHETIC S06C-1000-TYPICAL
Syn791,Guest1000TYPICAL,,syn791.1000TYPICAL.s06c@example.test,+15553000791,HH-197,,,SYNTHETIC S06C-1000-TYPICAL
Syn792,Guest1000TYPICAL,,syn792.1000TYPICAL.s06c@example.test,+15553000792,HH-198,,,SYNTHETIC S06C-1000-TYPICAL
Syn793,Guest1000TYPICAL,,syn793.1000TYPICAL.s06c@example.test,+15553000793,HH-198,,,SYNTHETIC S06C-1000-TYPICAL
Syn794,Guest1000TYPICAL,,syn794.1000TYPICAL.s06c@example.test,+15553000794,HH-198,,,SYNTHETIC S06C-1000-TYPICAL
Syn795,Guest1000TYPICAL,,syn795.1000TYPICAL.s06c@example.test,+15553000795,HH-198,,,SYNTHETIC S06C-1000-TYPICAL
Syn796,Guest1000TYPICAL,,syn796.1000TYPICAL.s06c@example.test,+15553000796,HH-199,,,SYNTHETIC S06C-1000-TYPICAL
Syn797,Guest1000TYPICAL,,syn797.1000TYPICAL.s06c@example.test,+15553000797,HH-199,,,SYNTHETIC S06C-1000-TYPICAL
Syn798,Guest1000TYPICAL,,syn798.1000TYPICAL.s06c@example.test,+15553000798,HH-199,,,SYNTHETIC S06C-1000-TYPICAL
Syn799,Guest1000TYPICAL,,syn799.1000TYPICAL.s06c@example.test,+15553000799,HH-199,vegetarian,,SYNTHETIC S06C-1000-TYPICAL
Syn800,Guest1000TYPICAL,,syn800.1000TYPICAL.s06c@example.test,+15553000800,HH-200,,,SYNTHETIC S06C-1000-TYPICAL
Syn801,Guest1000TYPICAL,,syn801.1000TYPICAL.s06c@example.test,+15553000801,HH-200,,,SYNTHETIC S06C-1000-TYPICAL
Syn802,Guest1000TYPICAL,,syn802.1000TYPICAL.s06c@example.test,+15553000802,HH-200,,,SYNTHETIC S06C-1000-TYPICAL
Syn803,Guest1000TYPICAL,,syn803.1000TYPICAL.s06c@example.test,+15553000803,HH-200,,,SYNTHETIC S06C-1000-TYPICAL
Syn804,Guest1000TYPICAL,,syn804.1000TYPICAL.s06c@example.test,+15553000804,HH-201,,,SYNTHETIC S06C-1000-TYPICAL
Syn805,Guest1000TYPICAL,,syn805.1000TYPICAL.s06c@example.test,+15553000805,HH-201,,wheelchair access,SYNTHETIC S06C-1000-TYPICAL
Syn806,Guest1000TYPICAL,,syn806.1000TYPICAL.s06c@example.test,+15553000806,HH-201,,,SYNTHETIC S06C-1000-TYPICAL
Syn807,Guest1000TYPICAL,,syn807.1000TYPICAL.s06c@example.test,+15553000807,HH-201,,,SYNTHETIC S06C-1000-TYPICAL
Syn808,Guest1000TYPICAL,,syn808.1000TYPICAL.s06c@example.test,+15553000808,HH-202,,,SYNTHETIC S06C-1000-TYPICAL
Syn809,Guest1000TYPICAL,,syn809.1000TYPICAL.s06c@example.test,+15553000809,HH-202,,,SYNTHETIC S06C-1000-TYPICAL
Syn810,Guest1000TYPICAL,,syn810.1000TYPICAL.s06c@example.test,+15553000810,HH-202,,,SYNTHETIC S06C-1000-TYPICAL
Syn811,Guest1000TYPICAL,,syn811.1000TYPICAL.s06c@example.test,+15553000811,HH-202,,,SYNTHETIC S06C-1000-TYPICAL
Syn812,Guest1000TYPICAL,,syn812.1000TYPICAL.s06c@example.test,+15553000812,HH-203,,,SYNTHETIC S06C-1000-TYPICAL
Syn813,Guest1000TYPICAL,,syn813.1000TYPICAL.s06c@example.test,+15553000813,HH-203,,,SYNTHETIC S06C-1000-TYPICAL
Syn814,Guest1000TYPICAL,,syn814.1000TYPICAL.s06c@example.test,+15553000814,HH-203,,,SYNTHETIC S06C-1000-TYPICAL
Syn815,Guest1000TYPICAL,,syn815.1000TYPICAL.s06c@example.test,+15553000815,HH-203,,,SYNTHETIC S06C-1000-TYPICAL
Syn816,Guest1000TYPICAL,,syn816.1000TYPICAL.s06c@example.test,+15553000816,HH-204,vegetarian,,SYNTHETIC S06C-1000-TYPICAL
Syn817,Guest1000TYPICAL,,syn817.1000TYPICAL.s06c@example.test,+15553000817,HH-204,,,SYNTHETIC S06C-1000-TYPICAL
Syn818,Guest1000TYPICAL,,syn818.1000TYPICAL.s06c@example.test,+15553000818,HH-204,,,SYNTHETIC S06C-1000-TYPICAL
Syn819,Guest1000TYPICAL,,syn819.1000TYPICAL.s06c@example.test,+15553000819,HH-204,,,SYNTHETIC S06C-1000-TYPICAL
Syn820,Guest1000TYPICAL,,syn820.1000TYPICAL.s06c@example.test,+15553000820,HH-205,,,SYNTHETIC S06C-1000-TYPICAL
Syn821,Guest1000TYPICAL,,syn821.1000TYPICAL.s06c@example.test,+15553000821,HH-205,,,SYNTHETIC S06C-1000-TYPICAL
Syn822,Guest1000TYPICAL,,syn822.1000TYPICAL.s06c@example.test,+15553000822,HH-205,,,SYNTHETIC S06C-1000-TYPICAL
Syn823,Guest1000TYPICAL,,syn823.1000TYPICAL.s06c@example.test,+15553000823,HH-205,,,SYNTHETIC S06C-1000-TYPICAL
Syn824,Guest1000TYPICAL,,syn824.1000TYPICAL.s06c@example.test,+15553000824,HH-206,,,SYNTHETIC S06C-1000-TYPICAL
Syn825,Guest1000TYPICAL,,syn825.1000TYPICAL.s06c@example.test,+15553000825,HH-206,,,SYNTHETIC S06C-1000-TYPICAL
Syn826,Guest1000TYPICAL,,syn826.1000TYPICAL.s06c@example.test,+15553000826,HH-206,,,SYNTHETIC S06C-1000-TYPICAL
Syn827,Guest1000TYPICAL,,syn827.1000TYPICAL.s06c@example.test,+15553000827,HH-206,,,SYNTHETIC S06C-1000-TYPICAL
Syn828,Guest1000TYPICAL,,syn828.1000TYPICAL.s06c@example.test,+15553000828,HH-207,,wheelchair access,SYNTHETIC S06C-1000-TYPICAL
Syn829,Guest1000TYPICAL,,syn829.1000TYPICAL.s06c@example.test,+15553000829,HH-207,,,SYNTHETIC S06C-1000-TYPICAL
Syn830,Guest1000TYPICAL,,syn830.1000TYPICAL.s06c@example.test,+15553000830,HH-207,,,SYNTHETIC S06C-1000-TYPICAL
Syn831,Guest1000TYPICAL,,syn831.1000TYPICAL.s06c@example.test,+15553000831,HH-207,,,SYNTHETIC S06C-1000-TYPICAL
Syn832,Guest1000TYPICAL,,syn832.1000TYPICAL.s06c@example.test,+15553000832,HH-208,,,SYNTHETIC S06C-1000-TYPICAL
Syn833,Guest1000TYPICAL,,syn833.1000TYPICAL.s06c@example.test,+15553000833,HH-208,vegetarian,,SYNTHETIC S06C-1000-TYPICAL
Syn834,Guest1000TYPICAL,,syn834.1000TYPICAL.s06c@example.test,+15553000834,HH-208,,,SYNTHETIC S06C-1000-TYPICAL
Syn835,Guest1000TYPICAL,,syn835.1000TYPICAL.s06c@example.test,+15553000835,HH-208,,,SYNTHETIC S06C-1000-TYPICAL
Syn836,Guest1000TYPICAL,,syn836.1000TYPICAL.s06c@example.test,+15553000836,HH-209,,,SYNTHETIC S06C-1000-TYPICAL
Syn837,Guest1000TYPICAL,,syn837.1000TYPICAL.s06c@example.test,+15553000837,HH-209,,,SYNTHETIC S06C-1000-TYPICAL
Syn838,Guest1000TYPICAL,,syn838.1000TYPICAL.s06c@example.test,+15553000838,HH-209,,,SYNTHETIC S06C-1000-TYPICAL
Syn839,Guest1000TYPICAL,,syn839.1000TYPICAL.s06c@example.test,+15553000839,HH-209,,,SYNTHETIC S06C-1000-TYPICAL
Syn840,Guest1000TYPICAL,,syn840.1000TYPICAL.s06c@example.test,+15553000840,HH-210,,,SYNTHETIC S06C-1000-TYPICAL
Syn841,Guest1000TYPICAL,,syn841.1000TYPICAL.s06c@example.test,+15553000841,HH-210,,,SYNTHETIC S06C-1000-TYPICAL
Syn842,Guest1000TYPICAL,,syn842.1000TYPICAL.s06c@example.test,+15553000842,HH-210,,,SYNTHETIC S06C-1000-TYPICAL
Syn843,Guest1000TYPICAL,,syn843.1000TYPICAL.s06c@example.test,+15553000843,HH-210,,,SYNTHETIC S06C-1000-TYPICAL
Syn844,Guest1000TYPICAL,,syn844.1000TYPICAL.s06c@example.test,+15553000844,HH-211,,,SYNTHETIC S06C-1000-TYPICAL
Syn845,Guest1000TYPICAL,,syn845.1000TYPICAL.s06c@example.test,+15553000845,HH-211,,,SYNTHETIC S06C-1000-TYPICAL
Syn846,Guest1000TYPICAL,,syn846.1000TYPICAL.s06c@example.test,+15553000846,HH-211,,,SYNTHETIC S06C-1000-TYPICAL
Syn847,Guest1000TYPICAL,,syn847.1000TYPICAL.s06c@example.test,+15553000847,HH-211,,,SYNTHETIC S06C-1000-TYPICAL
Syn848,Guest1000TYPICAL,,syn848.1000TYPICAL.s06c@example.test,+15553000848,HH-212,,,SYNTHETIC S06C-1000-TYPICAL
Syn849,Guest1000TYPICAL,,syn849.1000TYPICAL.s06c@example.test,+15553000849,HH-212,,,SYNTHETIC S06C-1000-TYPICAL
Syn850,Guest1000TYPICAL,,syn850.1000TYPICAL.s06c@example.test,+15553000850,HH-212,vegetarian,,SYNTHETIC S06C-1000-TYPICAL
Syn851,Guest1000TYPICAL,,syn851.1000TYPICAL.s06c@example.test,+15553000851,HH-212,,wheelchair access,SYNTHETIC S06C-1000-TYPICAL
Syn852,Guest1000TYPICAL,,syn852.1000TYPICAL.s06c@example.test,+15553000852,HH-213,,,SYNTHETIC S06C-1000-TYPICAL
Syn853,Guest1000TYPICAL,,syn853.1000TYPICAL.s06c@example.test,+15553000853,HH-213,,,SYNTHETIC S06C-1000-TYPICAL
Syn854,Guest1000TYPICAL,,syn854.1000TYPICAL.s06c@example.test,+15553000854,HH-213,,,SYNTHETIC S06C-1000-TYPICAL
Syn855,Guest1000TYPICAL,,syn855.1000TYPICAL.s06c@example.test,+15553000855,HH-213,,,SYNTHETIC S06C-1000-TYPICAL
Syn856,Guest1000TYPICAL,,syn856.1000TYPICAL.s06c@example.test,+15553000856,HH-214,,,SYNTHETIC S06C-1000-TYPICAL
Syn857,Guest1000TYPICAL,,syn857.1000TYPICAL.s06c@example.test,+15553000857,HH-214,,,SYNTHETIC S06C-1000-TYPICAL
Syn858,Guest1000TYPICAL,,syn858.1000TYPICAL.s06c@example.test,+15553000858,HH-214,,,SYNTHETIC S06C-1000-TYPICAL
Syn859,Guest1000TYPICAL,,syn859.1000TYPICAL.s06c@example.test,+15553000859,HH-214,,,SYNTHETIC S06C-1000-TYPICAL
Syn860,Guest1000TYPICAL,,syn860.1000TYPICAL.s06c@example.test,+15553000860,HH-215,,,SYNTHETIC S06C-1000-TYPICAL
Syn861,Guest1000TYPICAL,,syn861.1000TYPICAL.s06c@example.test,+15553000861,HH-215,,,SYNTHETIC S06C-1000-TYPICAL
Syn862,Guest1000TYPICAL,,syn862.1000TYPICAL.s06c@example.test,+15553000862,HH-215,,,SYNTHETIC S06C-1000-TYPICAL
Syn863,Guest1000TYPICAL,,syn863.1000TYPICAL.s06c@example.test,+15553000863,HH-215,,,SYNTHETIC S06C-1000-TYPICAL
Syn864,Guest1000TYPICAL,,syn864.1000TYPICAL.s06c@example.test,+15553000864,HH-216,,,SYNTHETIC S06C-1000-TYPICAL
Syn865,Guest1000TYPICAL,,syn865.1000TYPICAL.s06c@example.test,+15553000865,HH-216,,,SYNTHETIC S06C-1000-TYPICAL
Syn866,Guest1000TYPICAL,,syn866.1000TYPICAL.s06c@example.test,+15553000866,HH-216,,,SYNTHETIC S06C-1000-TYPICAL
Syn867,Guest1000TYPICAL,,syn867.1000TYPICAL.s06c@example.test,+15553000867,HH-216,vegetarian,,SYNTHETIC S06C-1000-TYPICAL
Syn868,Guest1000TYPICAL,,syn868.1000TYPICAL.s06c@example.test,+15553000868,HH-217,,,SYNTHETIC S06C-1000-TYPICAL
Syn869,Guest1000TYPICAL,,syn869.1000TYPICAL.s06c@example.test,+15553000869,HH-217,,,SYNTHETIC S06C-1000-TYPICAL
Syn870,Guest1000TYPICAL,,syn870.1000TYPICAL.s06c@example.test,+15553000870,HH-217,,,SYNTHETIC S06C-1000-TYPICAL
Syn871,Guest1000TYPICAL,,syn871.1000TYPICAL.s06c@example.test,+15553000871,HH-217,,,SYNTHETIC S06C-1000-TYPICAL
Syn872,Guest1000TYPICAL,,syn872.1000TYPICAL.s06c@example.test,+15553000872,HH-218,,,SYNTHETIC S06C-1000-TYPICAL
Syn873,Guest1000TYPICAL,,syn873.1000TYPICAL.s06c@example.test,+15553000873,HH-218,,,SYNTHETIC S06C-1000-TYPICAL
Syn874,Guest1000TYPICAL,,syn874.1000TYPICAL.s06c@example.test,+15553000874,HH-218,,wheelchair access,SYNTHETIC S06C-1000-TYPICAL
Syn875,Guest1000TYPICAL,,syn875.1000TYPICAL.s06c@example.test,+15553000875,HH-218,,,SYNTHETIC S06C-1000-TYPICAL
Syn876,Guest1000TYPICAL,,syn876.1000TYPICAL.s06c@example.test,+15553000876,HH-219,,,SYNTHETIC S06C-1000-TYPICAL
Syn877,Guest1000TYPICAL,,syn877.1000TYPICAL.s06c@example.test,+15553000877,HH-219,,,SYNTHETIC S06C-1000-TYPICAL
Syn878,Guest1000TYPICAL,,syn878.1000TYPICAL.s06c@example.test,+15553000878,HH-219,,,SYNTHETIC S06C-1000-TYPICAL
Syn879,Guest1000TYPICAL,,syn879.1000TYPICAL.s06c@example.test,+15553000879,HH-219,,,SYNTHETIC S06C-1000-TYPICAL
Syn880,Guest1000TYPICAL,,syn880.1000TYPICAL.s06c@example.test,+15553000880,HH-220,,,SYNTHETIC S06C-1000-TYPICAL
Syn881,Guest1000TYPICAL,,syn881.1000TYPICAL.s06c@example.test,+15553000881,HH-220,,,SYNTHETIC S06C-1000-TYPICAL
Syn882,Guest1000TYPICAL,,syn882.1000TYPICAL.s06c@example.test,+15553000882,HH-220,,,SYNTHETIC S06C-1000-TYPICAL
Syn883,Guest1000TYPICAL,,syn883.1000TYPICAL.s06c@example.test,+15553000883,HH-220,,,SYNTHETIC S06C-1000-TYPICAL
Syn884,Guest1000TYPICAL,,syn884.1000TYPICAL.s06c@example.test,+15553000884,HH-221,vegetarian,,SYNTHETIC S06C-1000-TYPICAL
Syn885,Guest1000TYPICAL,,syn885.1000TYPICAL.s06c@example.test,+15553000885,HH-221,,,SYNTHETIC S06C-1000-TYPICAL
Syn886,Guest1000TYPICAL,,syn886.1000TYPICAL.s06c@example.test,+15553000886,HH-221,,,SYNTHETIC S06C-1000-TYPICAL
Syn887,Guest1000TYPICAL,,syn887.1000TYPICAL.s06c@example.test,+15553000887,HH-221,,,SYNTHETIC S06C-1000-TYPICAL
Syn888,Guest1000TYPICAL,,syn888.1000TYPICAL.s06c@example.test,+15553000888,HH-222,,,SYNTHETIC S06C-1000-TYPICAL
Syn889,Guest1000TYPICAL,,syn889.1000TYPICAL.s06c@example.test,+15553000889,HH-222,,,SYNTHETIC S06C-1000-TYPICAL
Syn890,Guest1000TYPICAL,,syn890.1000TYPICAL.s06c@example.test,+15553000890,HH-222,,,SYNTHETIC S06C-1000-TYPICAL
Syn891,Guest1000TYPICAL,,syn891.1000TYPICAL.s06c@example.test,+15553000891,HH-222,,,SYNTHETIC S06C-1000-TYPICAL
Syn892,Guest1000TYPICAL,,syn892.1000TYPICAL.s06c@example.test,+15553000892,HH-223,,,SYNTHETIC S06C-1000-TYPICAL
Syn893,Guest1000TYPICAL,,syn893.1000TYPICAL.s06c@example.test,+15553000893,HH-223,,,SYNTHETIC S06C-1000-TYPICAL
Syn894,Guest1000TYPICAL,,syn894.1000TYPICAL.s06c@example.test,+15553000894,HH-223,,,SYNTHETIC S06C-1000-TYPICAL
Syn895,Guest1000TYPICAL,,syn895.1000TYPICAL.s06c@example.test,+15553000895,HH-223,,,SYNTHETIC S06C-1000-TYPICAL
Syn896,Guest1000TYPICAL,,syn896.1000TYPICAL.s06c@example.test,+15553000896,HH-224,,,SYNTHETIC S06C-1000-TYPICAL
Syn897,Guest1000TYPICAL,,syn897.1000TYPICAL.s06c@example.test,+15553000897,HH-224,,wheelchair access,SYNTHETIC S06C-1000-TYPICAL
Syn898,Guest1000TYPICAL,,syn898.1000TYPICAL.s06c@example.test,+15553000898,HH-224,,,SYNTHETIC S06C-1000-TYPICAL
Syn899,Guest1000TYPICAL,,syn899.1000TYPICAL.s06c@example.test,+15553000899,HH-224,,,SYNTHETIC S06C-1000-TYPICAL
Syn900,Guest1000TYPICAL,,syn900.1000TYPICAL.s06c@example.test,+15553000900,HH-225,,,SYNTHETIC S06C-1000-TYPICAL
Syn901,Guest1000TYPICAL,,syn901.1000TYPICAL.s06c@example.test,+15553000901,HH-225,vegetarian,,SYNTHETIC S06C-1000-TYPICAL
Syn902,Guest1000TYPICAL,,syn902.1000TYPICAL.s06c@example.test,+15553000902,HH-225,,,SYNTHETIC S06C-1000-TYPICAL
Syn903,Guest1000TYPICAL,,syn903.1000TYPICAL.s06c@example.test,+15553000903,HH-225,,,SYNTHETIC S06C-1000-TYPICAL
Syn904,Guest1000TYPICAL,,syn904.1000TYPICAL.s06c@example.test,+15553000904,HH-226,,,SYNTHETIC S06C-1000-TYPICAL
Syn905,Guest1000TYPICAL,,syn905.1000TYPICAL.s06c@example.test,+15553000905,HH-226,,,SYNTHETIC S06C-1000-TYPICAL
Syn906,Guest1000TYPICAL,,syn906.1000TYPICAL.s06c@example.test,+15553000906,HH-226,,,SYNTHETIC S06C-1000-TYPICAL
Syn907,Guest1000TYPICAL,,syn907.1000TYPICAL.s06c@example.test,+15553000907,HH-226,,,SYNTHETIC S06C-1000-TYPICAL
Syn908,Guest1000TYPICAL,,syn908.1000TYPICAL.s06c@example.test,+15553000908,HH-227,,,SYNTHETIC S06C-1000-TYPICAL
Syn909,Guest1000TYPICAL,,syn909.1000TYPICAL.s06c@example.test,+15553000909,HH-227,,,SYNTHETIC S06C-1000-TYPICAL
Syn910,Guest1000TYPICAL,,syn910.1000TYPICAL.s06c@example.test,+15553000910,HH-227,,,SYNTHETIC S06C-1000-TYPICAL
Syn911,Guest1000TYPICAL,,syn911.1000TYPICAL.s06c@example.test,+15553000911,HH-227,,,SYNTHETIC S06C-1000-TYPICAL
Syn912,Guest1000TYPICAL,,syn912.1000TYPICAL.s06c@example.test,+15553000912,HH-228,,,SYNTHETIC S06C-1000-TYPICAL
Syn913,Guest1000TYPICAL,,syn913.1000TYPICAL.s06c@example.test,+15553000913,HH-228,,,SYNTHETIC S06C-1000-TYPICAL
Syn914,Guest1000TYPICAL,,syn914.1000TYPICAL.s06c@example.test,+15553000914,HH-228,,,SYNTHETIC S06C-1000-TYPICAL
Syn915,Guest1000TYPICAL,,syn915.1000TYPICAL.s06c@example.test,+15553000915,HH-228,,,SYNTHETIC S06C-1000-TYPICAL
Syn916,Guest1000TYPICAL,,syn916.1000TYPICAL.s06c@example.test,+15553000916,HH-229,,,SYNTHETIC S06C-1000-TYPICAL
Syn917,Guest1000TYPICAL,,syn917.1000TYPICAL.s06c@example.test,+15553000917,HH-229,,,SYNTHETIC S06C-1000-TYPICAL
Syn918,Guest1000TYPICAL,,syn918.1000TYPICAL.s06c@example.test,+15553000918,HH-229,vegetarian,,SYNTHETIC S06C-1000-TYPICAL
Syn919,Guest1000TYPICAL,,syn919.1000TYPICAL.s06c@example.test,+15553000919,HH-229,,,SYNTHETIC S06C-1000-TYPICAL
Syn920,Guest1000TYPICAL,,syn920.1000TYPICAL.s06c@example.test,+15553000920,HH-230,,wheelchair access,SYNTHETIC S06C-1000-TYPICAL
Syn921,Guest1000TYPICAL,,syn921.1000TYPICAL.s06c@example.test,+15553000921,HH-230,,,SYNTHETIC S06C-1000-TYPICAL
Syn922,Guest1000TYPICAL,,syn922.1000TYPICAL.s06c@example.test,+15553000922,HH-230,,,SYNTHETIC S06C-1000-TYPICAL
Syn923,Guest1000TYPICAL,,syn923.1000TYPICAL.s06c@example.test,+15553000923,HH-230,,,SYNTHETIC S06C-1000-TYPICAL
Syn924,Guest1000TYPICAL,,syn924.1000TYPICAL.s06c@example.test,+15553000924,HH-231,,,SYNTHETIC S06C-1000-TYPICAL
Syn925,Guest1000TYPICAL,,syn925.1000TYPICAL.s06c@example.test,+15553000925,HH-231,,,SYNTHETIC S06C-1000-TYPICAL
Syn926,Guest1000TYPICAL,,syn926.1000TYPICAL.s06c@example.test,+15553000926,HH-231,,,SYNTHETIC S06C-1000-TYPICAL
Syn927,Guest1000TYPICAL,,syn927.1000TYPICAL.s06c@example.test,+15553000927,HH-231,,,SYNTHETIC S06C-1000-TYPICAL
Syn928,Guest1000TYPICAL,,syn928.1000TYPICAL.s06c@example.test,+15553000928,HH-232,,,SYNTHETIC S06C-1000-TYPICAL
Syn929,Guest1000TYPICAL,,syn929.1000TYPICAL.s06c@example.test,+15553000929,HH-232,,,SYNTHETIC S06C-1000-TYPICAL
Syn930,Guest1000TYPICAL,,syn930.1000TYPICAL.s06c@example.test,+15553000930,HH-232,,,SYNTHETIC S06C-1000-TYPICAL
Syn931,Guest1000TYPICAL,,syn931.1000TYPICAL.s06c@example.test,+15553000931,HH-232,,,SYNTHETIC S06C-1000-TYPICAL
Syn932,Guest1000TYPICAL,,syn932.1000TYPICAL.s06c@example.test,+15553000932,HH-233,,,SYNTHETIC S06C-1000-TYPICAL
Syn933,Guest1000TYPICAL,,syn933.1000TYPICAL.s06c@example.test,+15553000933,HH-233,,,SYNTHETIC S06C-1000-TYPICAL
Syn934,Guest1000TYPICAL,,syn934.1000TYPICAL.s06c@example.test,+15553000934,HH-233,,,SYNTHETIC S06C-1000-TYPICAL
Syn935,Guest1000TYPICAL,,syn935.1000TYPICAL.s06c@example.test,+15553000935,HH-233,vegetarian,,SYNTHETIC S06C-1000-TYPICAL
Syn936,Guest1000TYPICAL,,syn936.1000TYPICAL.s06c@example.test,+15553000936,HH-234,,,SYNTHETIC S06C-1000-TYPICAL
Syn937,Guest1000TYPICAL,,syn937.1000TYPICAL.s06c@example.test,+15553000937,HH-234,,,SYNTHETIC S06C-1000-TYPICAL
Syn938,Guest1000TYPICAL,,syn938.1000TYPICAL.s06c@example.test,+15553000938,HH-234,,,SYNTHETIC S06C-1000-TYPICAL
Syn939,Guest1000TYPICAL,,syn939.1000TYPICAL.s06c@example.test,+15553000939,HH-234,,,SYNTHETIC S06C-1000-TYPICAL
Syn940,Guest1000TYPICAL,,syn940.1000TYPICAL.s06c@example.test,+15553000940,HH-235,,,SYNTHETIC S06C-1000-TYPICAL
Syn941,Guest1000TYPICAL,,syn941.1000TYPICAL.s06c@example.test,+15553000941,HH-235,,,SYNTHETIC S06C-1000-TYPICAL
Syn942,Guest1000TYPICAL,,syn942.1000TYPICAL.s06c@example.test,+15553000942,HH-235,,,SYNTHETIC S06C-1000-TYPICAL
Syn943,Guest1000TYPICAL,,syn943.1000TYPICAL.s06c@example.test,+15553000943,HH-235,,wheelchair access,SYNTHETIC S06C-1000-TYPICAL
Syn944,Guest1000TYPICAL,,syn944.1000TYPICAL.s06c@example.test,+15553000944,HH-236,,,SYNTHETIC S06C-1000-TYPICAL
Syn945,Guest1000TYPICAL,,syn945.1000TYPICAL.s06c@example.test,+15553000945,HH-236,,,SYNTHETIC S06C-1000-TYPICAL
Syn946,Guest1000TYPICAL,,syn946.1000TYPICAL.s06c@example.test,+15553000946,HH-236,,,SYNTHETIC S06C-1000-TYPICAL
Syn947,Guest1000TYPICAL,,syn947.1000TYPICAL.s06c@example.test,+15553000947,HH-236,,,SYNTHETIC S06C-1000-TYPICAL
Syn948,Guest1000TYPICAL,,syn948.1000TYPICAL.s06c@example.test,+15553000948,HH-237,,,SYNTHETIC S06C-1000-TYPICAL
Syn949,Guest1000TYPICAL,,syn949.1000TYPICAL.s06c@example.test,+15553000949,HH-237,,,SYNTHETIC S06C-1000-TYPICAL
Syn950,Guest1000TYPICAL,,syn950.1000TYPICAL.s06c@example.test,+15553000950,HH-237,,,SYNTHETIC S06C-1000-TYPICAL
Syn951,Guest1000TYPICAL,,syn951.1000TYPICAL.s06c@example.test,+15553000951,HH-237,,,SYNTHETIC S06C-1000-TYPICAL
Syn952,Guest1000TYPICAL,,syn952.1000TYPICAL.s06c@example.test,+15553000952,HH-238,vegetarian,,SYNTHETIC S06C-1000-TYPICAL
Syn953,Guest1000TYPICAL,,syn953.1000TYPICAL.s06c@example.test,+15553000953,HH-238,,,SYNTHETIC S06C-1000-TYPICAL
Syn954,Guest1000TYPICAL,,syn954.1000TYPICAL.s06c@example.test,+15553000954,HH-238,,,SYNTHETIC S06C-1000-TYPICAL
Syn955,Guest1000TYPICAL,,syn955.1000TYPICAL.s06c@example.test,+15553000955,HH-238,,,SYNTHETIC S06C-1000-TYPICAL
Syn956,Guest1000TYPICAL,,syn956.1000TYPICAL.s06c@example.test,+15553000956,HH-239,,,SYNTHETIC S06C-1000-TYPICAL
Syn957,Guest1000TYPICAL,,syn957.1000TYPICAL.s06c@example.test,+15553000957,HH-239,,,SYNTHETIC S06C-1000-TYPICAL
Syn958,Guest1000TYPICAL,,syn958.1000TYPICAL.s06c@example.test,+15553000958,HH-239,,,SYNTHETIC S06C-1000-TYPICAL
Syn959,Guest1000TYPICAL,,syn959.1000TYPICAL.s06c@example.test,+15553000959,HH-239,,,SYNTHETIC S06C-1000-TYPICAL
Syn960,Guest1000TYPICAL,,syn960.1000TYPICAL.s06c@example.test,+15553000960,HH-240,,,SYNTHETIC S06C-1000-TYPICAL
Syn961,Guest1000TYPICAL,,syn961.1000TYPICAL.s06c@example.test,+15553000961,HH-240,,,SYNTHETIC S06C-1000-TYPICAL
Syn962,Guest1000TYPICAL,,syn962.1000TYPICAL.s06c@example.test,+15553000962,HH-240,,,SYNTHETIC S06C-1000-TYPICAL
Syn963,Guest1000TYPICAL,,syn963.1000TYPICAL.s06c@example.test,+15553000963,HH-240,,,SYNTHETIC S06C-1000-TYPICAL
Syn964,Guest1000TYPICAL,,syn964.1000TYPICAL.s06c@example.test,+15553000964,HH-241,,,SYNTHETIC S06C-1000-TYPICAL
Syn965,Guest1000TYPICAL,,syn965.1000TYPICAL.s06c@example.test,+15553000965,HH-241,,,SYNTHETIC S06C-1000-TYPICAL
Syn966,Guest1000TYPICAL,,syn966.1000TYPICAL.s06c@example.test,+15553000966,HH-241,,wheelchair access,SYNTHETIC S06C-1000-TYPICAL
Syn967,Guest1000TYPICAL,,syn967.1000TYPICAL.s06c@example.test,+15553000967,HH-241,,,SYNTHETIC S06C-1000-TYPICAL
Syn968,Guest1000TYPICAL,,syn968.1000TYPICAL.s06c@example.test,+15553000968,HH-242,,,SYNTHETIC S06C-1000-TYPICAL
Syn969,Guest1000TYPICAL,,syn969.1000TYPICAL.s06c@example.test,+15553000969,HH-242,vegetarian,,SYNTHETIC S06C-1000-TYPICAL
Syn970,Guest1000TYPICAL,,syn970.1000TYPICAL.s06c@example.test,+15553000970,HH-242,,,SYNTHETIC S06C-1000-TYPICAL
Syn971,Guest1000TYPICAL,,syn971.1000TYPICAL.s06c@example.test,+15553000971,HH-242,,,SYNTHETIC S06C-1000-TYPICAL
Syn972,Guest1000TYPICAL,,syn972.1000TYPICAL.s06c@example.test,+15553000972,HH-243,,,SYNTHETIC S06C-1000-TYPICAL
Syn973,Guest1000TYPICAL,,syn973.1000TYPICAL.s06c@example.test,+15553000973,HH-243,,,SYNTHETIC S06C-1000-TYPICAL
Syn974,Guest1000TYPICAL,,syn974.1000TYPICAL.s06c@example.test,+15553000974,HH-243,,,SYNTHETIC S06C-1000-TYPICAL
Syn975,Guest1000TYPICAL,,syn975.1000TYPICAL.s06c@example.test,+15553000975,HH-243,,,SYNTHETIC S06C-1000-TYPICAL
Syn976,Guest1000TYPICAL,,syn976.1000TYPICAL.s06c@example.test,+15553000976,HH-244,,,SYNTHETIC S06C-1000-TYPICAL
Syn977,Guest1000TYPICAL,,syn977.1000TYPICAL.s06c@example.test,+15553000977,HH-244,,,SYNTHETIC S06C-1000-TYPICAL
Syn978,Guest1000TYPICAL,,syn978.1000TYPICAL.s06c@example.test,+15553000978,HH-244,,,SYNTHETIC S06C-1000-TYPICAL
Syn979,Guest1000TYPICAL,,syn979.1000TYPICAL.s06c@example.test,+15553000979,HH-244,,,SYNTHETIC S06C-1000-TYPICAL
Syn980,Guest1000TYPICAL,,syn980.1000TYPICAL.s06c@example.test,+15553000980,HH-245,,,SYNTHETIC S06C-1000-TYPICAL
Syn981,Guest1000TYPICAL,,syn981.1000TYPICAL.s06c@example.test,+15553000981,HH-245,,,SYNTHETIC S06C-1000-TYPICAL
Syn982,Guest1000TYPICAL,,syn982.1000TYPICAL.s06c@example.test,+15553000982,HH-245,,,SYNTHETIC S06C-1000-TYPICAL
Syn983,Guest1000TYPICAL,,syn983.1000TYPICAL.s06c@example.test,+15553000983,HH-245,,,SYNTHETIC S06C-1000-TYPICAL
Syn984,Guest1000TYPICAL,,syn984.1000TYPICAL.s06c@example.test,+15553000984,HH-246,,,SYNTHETIC S06C-1000-TYPICAL
Syn985,Guest1000TYPICAL,,syn985.1000TYPICAL.s06c@example.test,+15553000985,HH-246,,,SYNTHETIC S06C-1000-TYPICAL
Syn986,Guest1000TYPICAL,,syn986.1000TYPICAL.s06c@example.test,+15553000986,HH-246,vegetarian,,SYNTHETIC S06C-1000-TYPICAL
Syn987,Guest1000TYPICAL,,syn987.1000TYPICAL.s06c@example.test,+15553000987,HH-246,,,SYNTHETIC S06C-1000-TYPICAL
Syn988,Guest1000TYPICAL,,syn988.1000TYPICAL.s06c@example.test,+15553000988,HH-247,,,SYNTHETIC S06C-1000-TYPICAL
Syn989,Guest1000TYPICAL,,syn989.1000TYPICAL.s06c@example.test,+15553000989,HH-247,,wheelchair access,SYNTHETIC S06C-1000-TYPICAL
Syn990,Guest1000TYPICAL,,syn990.1000TYPICAL.s06c@example.test,+15553000990,HH-247,,,SYNTHETIC S06C-1000-TYPICAL
Syn991,Guest1000TYPICAL,,syn991.1000TYPICAL.s06c@example.test,+15553000991,HH-247,,,SYNTHETIC S06C-1000-TYPICAL
Syn992,Guest1000TYPICAL,,syn992.1000TYPICAL.s06c@example.test,+15553000992,HH-248,,,SYNTHETIC S06C-1000-TYPICAL
Syn993,Guest1000TYPICAL,,syn993.1000TYPICAL.s06c@example.test,+15553000993,HH-248,,,SYNTHETIC S06C-1000-TYPICAL
Syn994,Guest1000TYPICAL,,syn994.1000TYPICAL.s06c@example.test,+15553000994,HH-248,,,SYNTHETIC S06C-1000-TYPICAL
Syn995,Guest1000TYPICAL,,syn995.1000TYPICAL.s06c@example.test,+15553000995,HH-248,,,SYNTHETIC S06C-1000-TYPICAL
Syn996,Guest1000TYPICAL,,syn996.1000TYPICAL.s06c@example.test,+15553000996,HH-249,,,SYNTHETIC S06C-1000-TYPICAL
Syn997,Guest1000TYPICAL,,syn997.1000TYPICAL.s06c@example.test,+15553000997,HH-249,,,SYNTHETIC S06C-1000-TYPICAL
Syn998,Guest1000TYPICAL,,syn998.1000TYPICAL.s06c@example.test,+15553000998,HH-249,,,SYNTHETIC S06C-1000-TYPICAL
Syn999,Guest1000TYPICAL,,syn999.1000TYPICAL.s06c@example.test,+15553000999,HH-249,,,SYNTHETIC S06C-1000-TYPICAL
